m,n,k,cutlass_time_ms,cutlass_gflops,cublas_time_ms,cublas_gflops
256,256,256,0.022432,1495.83,0.372288,90.1303
256,256,512,0.029408,2281.99,0.375008,178.953
256,256,768,0.037472,2686.36,0.40816,246.627
256,256,1024,0.04448,3017.48,0.482144,278.377
256,256,1280,0.052576,3191.04,0.443616,378.192
256,256,1536,0.060384,3334.1,0.435392,462.403
256,256,1792,0.068096,3449.26,0.383104,613.1
256,256,2048,0.075744,3543.98,0.450336,596.078
256,256,2304,0.084256,3584.19,0.408064,740.055
256,256,2560,0.091808,3654.85,0.47392,708.019
256,256,2816,0.099072,3725.56,0.337152,1094.75
256,256,3072,0.105824,3804.93,0.452256,890.321
256,256,3328,0.1152,3786.52,0.47168,924.796
256,256,3584,0.122272,3841.94,0.452544,1038.05
256,256,3840,0.12992,3874.05,0.387616,1298.49
256,256,4096,0.13712,3915.34,0.392096,1369.23
256,256,4352,0.145856,3910.88,0.519488,1098.05
256,256,4608,0.152256,3966.87,0.558432,1081.56
256,256,4864,0.160768,3965.55,0.473984,1345.05
256,256,5120,0.169504,3959.13,0.522048,1285.49
256,256,5376,0.177184,3976.9,0.45408,1551.8
256,256,5632,0.184416,4002.89,0.464576,1588.97
256,256,5888,0.211296,3652.47,0.539648,1430.1
256,256,6144,0.224,3595.12,0.567488,1419.07
256,512,256,0.021568,3111.5,0.373632,179.612
256,512,512,0.03024,4438.42,0.382848,350.577
256,512,768,0.03728,5400.39,0.373088,539.622
256,512,1024,0.043296,6200.01,0.444704,603.627
256,512,1280,0.05472,6132.02,0.451648,742.933
256,512,1536,0.060096,6700.17,0.37216,1081.94
256,512,1792,0.067584,6950.79,0.37968,1237.26
256,512,2048,0.075488,7112,0.438848,1223.36
256,512,2304,0.084128,7179.3,0.435424,1387.11
256,512,2560,0.091072,7368.77,0.423968,1582.88
256,512,2816,0.097472,7573.43,0.458944,1608.47
256,512,3072,0.105696,7619.08,0.434112,1855.07
256,512,3328,0.114816,7598.38,0.415424,2100.06
256,512,3584,0.124704,7534.03,0.450592,2085.09
256,512,3840,0.143968,6992.06,0.493824,2038.44
256,512,4096,0.155264,6915.59,0.387648,2769.89
256,512,4352,0.16768,6803.74,0.503392,2266.33
256,512,4608,0.177856,6791.78,0.5328,2267.19
256,512,4864,0.187904,6785.74,0.50208,2539.57
256,512,5120,0.197952,6780.32,0.490592,2735.83
256,512,5376,0.205824,6847.04,0.56192,2507.98
256,512,5632,0.215872,6839.21,0.522496,2825.66
256,512,5888,0.224064,6888.67,0.539872,2859.02
256,512,6144,0.234464,6869.34,0.582688,2764.11
256,768,256,0.0216,4660.34,0.322784,311.86
256,768,512,0.029216,6890.97,0.307328,655.087
256,768,768,0.035904,8411.04,0.448736,672.979
256,768,1024,0.045088,8930.38,0.45632,882.392
256,768,1280,0.053056,9486.51,0.439616,1144.9
256,768,1536,0.060576,9970.61,0.45584,1324.98
256,768,1792,0.067488,10441,0.4376,1610.24
256,768,2048,0.076128,10578.3,0.469408,1715.58
256,768,2304,0.08304,10910,0.45888,1974.31
256,768,2560,0.092288,10907.5,0.464,2169.47
256,768,2816,0.111328,9946.25,0.40688,2721.43
256,768,3072,0.124608,9694.08,0.519072,2327.15
256,768,3328,0.132704,9861.22,0.474368,2758.67
256,768,3584,0.142208,9910.03,0.492096,2863.84
256,768,3840,0.150336,10043.8,0.440896,3424.73
256,768,4096,0.1552,10377.7,0.398336,4043.35
256,768,4352,0.168448,10159.1,0.52928,3233.21
256,768,4608,0.17968,10084.3,0.538208,3366.62
256,768,4864,0.1904,10045.2,0.51344,3725.08
256,768,5120,0.199712,10080.8,0.551232,3652.3
256,768,5376,0.207616,10181.9,0.506688,4172.05
256,768,5632,0.21664,10222.5,0.497536,4451.12
256,768,5888,0.226848,10206.2,0.495776,4669.96
256,768,6144,0.23424,10313.9,0.547712,4410.93
256,1024,256,0.021696,6186.29,0.334912,400.755
256,1024,512,0.029568,9078.58,0.3808,704.925
256,1024,768,0.037312,10791.5,0.385696,1043.97
256,1024,1024,0.0456,11773.5,0.384416,1396.59
256,1024,1280,0.053536,12535.3,0.389472,1723.07
256,1024,1536,0.059712,13486.5,0.391872,2055.02
256,1024,1792,0.06928,13561.3,0.476992,1969.69
256,1024,2048,0.076544,14027.8,0.434016,2473.97
256,1024,2304,0.096672,12495.4,0.41904,2882.68
256,1024,2560,0.105504,12721.6,0.453984,2956.44
256,1024,2816,0.117184,12598.9,0.497536,2967.41
256,1024,3072,0.123264,13066.4,0.411136,3917.47
256,1024,3328,0.133792,13041.4,0.449888,3878.37
256,1024,3584,0.1424,13195.6,0.422304,4449.52
256,1024,3840,0.151904,13253.5,0.41984,4795.32
256,1024,4096,0.158464,13551.9,0.494656,4341.37
256,1024,4352,0.170016,13420.5,0.508064,4490.97
256,1024,4608,0.17936,13469.7,0.47536,5082.29
256,1024,4864,0.189216,13477.4,0.474048,5379.49
256,1024,5120,0.199648,13445.4,0.565024,4750.87
256,1024,5376,0.208256,13534.2,0.450688,6253.93
256,1024,5632,0.221408,13336.4,0.58128,5079.81
256,1024,5888,0.227616,13562.3,0.566016,5453.92
256,1024,6144,0.235232,13693.8,0.469664,6858.57
256,1280,256,0.021856,7676.25,0.347136,483.304
256,1280,512,0.029856,11238.8,0.395296,848.843
256,1280,768,0.037408,13454.8,0.387232,1299.78
256,1280,1024,0.044832,14969,0.405664,1654.3
256,1280,1280,0.052544,15964.9,0.36208,2316.78
256,1280,1536,0.062368,16140.2,0.484416,2078.03
256,1280,1792,0.078688,14924.8,0.407104,2884.78
256,1280,2048,0.086176,15574.8,0.435232,3083.82
256,1280,2304,0.097984,15410.2,0.456128,3310.36
256,1280,2560,0.107648,15585.3,0.429984,3901.82
256,1280,2816,0.115392,15993.3,0.409856,4502.79
256,1280,3072,0.131072,15360,0.397088,5070.08
256,1280,3328,0.135968,16040.8,0.468288,4657.47
256,1280,3584,0.142496,16483.3,0.514112,4568.67
256,1280,3840,0.15376,16367,0.437696,5749.61
256,1280,4096,0.158048,16984.4,0.472672,5679.11
256,1280,4352,0.173024,16484,0.41776,6827.19
256,1280,4608,0.18208,16585.6,0.4776,6323.07
256,1280,4864,0.191264,16666.3,0.434208,7341.35
256,1280,5120,0.204896,16376.3,0.505792,6634.04
256,1280,5376,0.209696,16801.5,0.439616,8014.3
256,1280,5632,0.219456,16818.8,0.515744,7156.63
256,1280,5888,0.228736,16869.9,0.478112,8070.83
256,1280,6144,0.237024,16987.9,0.421536,9552.05
256,1536,256,0.022272,9039.45,0.371264,542.273
256,1536,512,0.030624,13148.3,0.397024,1014.18
256,1536,768,0.037984,15900.9,0.377248,1601.02
256,1536,1024,0.045312,17772.5,0.407968,1973.94
256,1536,1280,0.053664,18758.1,0.414016,2431.39
256,1536,1536,0.071424,16912.5,0.45312,2665.87
256,1536,1792,0.080288,17552.9,0.385248,3658.13
256,1536,2048,0.086656,18586.3,0.410816,3920.52
256,1536,2304,0.098624,18372.2,0.414304,4373.45
256,1536,2560,0.108704,18520.6,0.440608,4569.29
256,1536,2816,0.118912,18623.8,0.420608,5265.22
256,1536,3072,0.127776,18907.5,0.42752,5651.01
256,1536,3328,0.136928,19114,0.449856,5817.96
256,1536,3584,0.146176,19282,0.529152,5326.58
256,1536,3840,0.15456,19538.7,0.45232,6676.47
256,1536,4096,0.158688,20299.1,0.418176,7703.04
256,1536,4352,0.174528,19610.3,0.434304,7880.54
256,1536,4608,0.184064,19688.1,0.464864,7795.57
256,1536,4864,0.192512,19870,0.472256,8099.86
256,1536,5120,0.204928,19648.5,0.557504,7222.43
256,1536,5376,0.210976,20039.5,0.44544,9491.42
256,1536,5632,0.22208,19944.1,0.575712,7693.4
256,1536,5888,0.22784,20323.5,0.474816,9752.22
256,1536,6144,0.240384,20100.5,0.547616,8823.41
256,1792,256,0.022112,10622.3,0.33888,693.11
256,1792,512,0.02912,16131.9,0.42688,1100.45
256,1792,768,0.0376,18740.5,0.396608,1776.67
256,1792,1024,0.045888,20474.3,0.410752,2287.33
256,1792,1280,0.060288,19479.9,0.469152,2503.25
256,1792,1536,0.070784,19909.7,0.46048,3060.47
256,1792,1792,0.08224,19992.3,0.462528,3554.74
256,1792,2048,0.085888,21877.9,0.400032,4697.24
256,1792,2304,0.100288,21078.6,0.45696,4626.07
256,1792,2560,0.107424,21864.9,0.432832,5426.61
256,1792,2816,0.11872,21762.9,0.444544,5812
256,1792,3072,0.128352,21959.7,0.462784,6090.47
256,1792,3328,0.138208,22093.2,0.440224,6936.14
256,1792,3584,0.147744,22257,0.475488,6915.7
256,1792,3840,0.156704,22483.3,0.449344,7840.8
256,1792,4096,0.1576,23845.8,0.422688,8890.95
256,1792,4352,0.174112,22933.4,0.482432,8276.77
256,1792,4608,0.184992,22854.3,0.440576,9596.21
256,1792,4864,0.193792,23028.5,0.512256,8711.93
256,1792,5120,0.20896,22481,0.51264,9163.59
256,1792,5376,0.214912,22951.3,0.510592,9660.36
256,1792,5632,0.22144,23335.4,0.553824,9330.37
256,1792,5888,0.239424,22563.6,0.474048,11396
256,1792,6144,0.242144,23280.1,0.524192,10754
256,2048,256,0.022208,12087.3,0.368768,727.925
256,2048,512,0.029632,18117.9,0.339008,1583.65
256,2048,768,0.03696,21788.6,0.36608,2199.81
256,2048,1024,0.05024,21372.3,0.344512,3116.7
256,2048,1280,0.06304,21290.9,0.39056,3436.55
256,2048,1536,0.07248,22221.5,0.496128,3246.37
256,2048,1792,0.080928,23218.8,0.429824,4371.67
256,2048,2048,0.08592,24994,0.464512,4623.1
256,2048,2304,0.102144,23652.1,0.442848,5455.41
256,2048,2560,0.110624,24265.6,0.399424,6720.56
256,2048,2816,0.126592,23325.3,0.414336,7126.56
256,2048,3072,0.132,24403.2,0.408384,7887.74
256,2048,3328,0.138528,25191,0.430048,8114.58
256,2048,3584,0.147872,25414.5,0.433184,8675.52
256,2048,3840,0.158464,25409.8,0.501856,8023.28
256,2048,4096,0.159936,26854.3,0.475808,9026.68
256,2048,4352,0.176544,25848.5,0.546048,8357.15
256,2048,4608,0.183808,26287.4,0.570656,8467.16
256,2048,4864,0.195328,26111.3,0.534816,9536.5
256,2048,5120,0.21216,25305,0.4872,11019.5
256,2048,5376,0.2136,26391.1,0.500352,11266.4
256,2048,5632,0.223168,26462.5,0.58048,10173.6
256,2048,5888,0.23408,26375.7,0.527136,11712.4
256,2048,6144,0.24368,26438.2,0.562336,11456.6
256,2304,256,0.021856,13817.3,0.371872,812.08
256,2304,512,0.029664,20360.7,0.352352,1714.14
256,2304,768,0.039712,22813.5,0.37696,2403.36
256,2304,1024,0.053152,22726.5,0.4072,2966.5
256,2304,1280,0.064448,23429,0.459552,3285.7
256,2304,1536,0.073792,24554.7,0.409216,4427.83
256,2304,1792,0.083168,25417.6,0.402112,5257.07
256,2304,2048,0.087296,27675,0.483808,4993.55
256,2304,2304,0.101664,26734.2,0.460768,5898.65
256,2304,2560,0.111104,27180.8,0.443424,6810.41
256,2304,2816,0.12304,26998.4,0.44304,7497.94
256,2304,3072,0.135296,26784.8,0.4736,7651.77
256,2304,3328,0.141504,27743.9,0.45712,8588.27
256,2304,3584,0.15088,28021.3,0.478112,8842.82
256,2304,3840,0.159744,28356.9,0.512864,8832.46
256,2304,4096,0.162048,29817.3,0.482656,10010.9
256,2304,4352,0.179392,28617.9,0.47072,10906.3
256,2304,4608,0.188384,28855,0.590368,9207.51
256,2304,4864,0.198144,28957.8,0.559136,10261.9
256,2304,5120,0.215648,28007.7,0.49024,12320.1
256,2304,5376,0.216288,29321,0.475904,13325.8
256,2304,5632,0.226688,29308,0.525792,12635.8
256,2304,5888,0.234912,29567.5,0.497888,13950.5
256,2304,6144,0.247808,29247.5,0.49968,14504.8
256,2560,256,0.021632,15511.5,0.308512,1087.62
256,2560,512,0.030464,22028.9,0.380384,1764.24
256,2560,768,0.041888,24031.5,0.386144,2606.88
256,2560,1024,0.053504,25085.5,0.38288,3505.48
256,2560,1280,0.064352,26071,0.402144,4171.94
256,2560,1536,0.07568,26602.4,0.39776,5061.51
256,2560,1792,0.0848,27698.2,0.409984,5729.03
256,2560,2048,0.08768,30615.4,0.41072,6535.73
256,2560,2304,0.10656,28339.9,0.491328,6146.4
256,2560,2560,0.113184,29645.9,0.44688,7508.6
256,2560,2816,0.123168,29967.1,0.400288,9220.83
256,2560,3072,0.13904,28959.5,0.474208,8491.07
256,2560,3328,0.142528,30605,0.454624,9594.91
256,2560,3584,0.149568,31407.9,0.458272,10250.7
256,2560,3840,0.161728,31121.2,0.491616,10238
256,2560,4096,0.162304,33078.1,0.488096,10999.3
256,2560,4352,0.179936,31701.6,0.56208,10148.5
256,2560,4608,0.18896,31963.4,0.50624,11930.7
256,2560,4864,0.199808,31907.3,0.549408,11604
256,2560,5120,0.22016,30481.9,0.487968,13752.7
256,2560,5376,0.220576,31945.6,0.56656,12437.2
256,2560,5632,0.229056,32227.8,0.493216,14967
256,2560,5888,0.238464,32363.5,0.462752,16677.4
256,2560,6144,0.25168,31997.2,0.58624,13736.8
256,2816,256,0.022304,16548.5,0.30704,1202.12
256,2816,512,0.03168,23301.7,0.378112,1952.33
256,2816,768,0.045056,24576,0.467904,2366.5
256,2816,1024,0.056288,26229.3,0.457248,3228.87
256,2816,1280,0.066496,27753.5,0.398272,4633.75
256,2816,1536,0.077728,28491.6,0.46688,4743.39
256,2816,1792,0.08672,29793.5,0.494464,5225.24
256,2816,2048,0.0904,32663.6,0.435456,6780.91
256,2816,2304,0.105856,31381.2,0.47472,6997.57
256,2816,2560,0.116032,31810.1,0.512096,7207.61
256,2816,2816,0.122784,33066.9,0.532576,7623.49
256,2816,3072,0.139872,31666,0.513312,8628.64
256,2816,3328,0.147232,32590,0.556896,8616.12
256,2816,3584,0.154048,33544,0.5096,10140.1
256,2816,3840,0.162272,34118.5,0.497056,11138.5
256,2816,4096,0.16384,36044.8,0.475392,12422.5
256,2816,4352,0.182752,34334.4,0.521408,12034.1
256,2816,4608,0.194624,34136.5,0.557504,11917
256,2816,4864,0.203296,34495.9,0.525568,13343.4
256,2816,5120,0.220736,33442.6,0.567872,12999.4
256,2816,5376,0.222176,34887.1,0.512128,15135
256,2816,5632,0.230656,35204.7,0.608832,13337.3
256,2816,5888,0.237024,35816.1,0.522784,16238.6
256,2816,6144,0.256768,34499.5,0.666112,13298.6
256,3072,256,0.023168,17379.7,0.339232,1186.96
256,3072,512,0.03248,24793.9,0.342048,2354.37
256,3072,768,0.046112,26196.2,0.405568,2978.44
256,3072,1024,0.056288,28613.8,0.40736,3953.78
256,3072,1280,0.06752,29817.3,0.50448,3990.77
256,3072,1536,0.080416,30042.8,0.406336,5945.62
256,3072,1792,0.087744,32122.7,0.453152,6219.93
256,3072,2048,0.09072,35507.3,0.506624,6358.22
256,3072,2304,0.108576,33376.4,0.524864,6904.41
256,3072,2560,0.11632,34616,0.570336,7059.93
256,3072,2816,0.12496,35444.8,0.455296,9728.14
256,3072,3072,0.14512,33295.5,0.485344,9955.49
256,3072,3328,0.1496,34989.9,0.509088,10282.1
256,3072,3584,0.15664,35987.9,0.480384,11734.7
256,3072,3840,0.165344,36528.7,0.566368,10664.1
256,3072,4096,0.16576,38866.1,0.593568,10853.8
256,3072,4352,0.183808,37240.5,0.559648,12231.1
256,3072,4608,0.196416,36900,0.467968,15487.7
256,3072,4864,0.206368,37071.7,0.600512,12739.8
256,3072,5120,0.225248,35752,0.628096,12821.4
256,3072,5376,0.22416,37721.8,0.508896,16615.8
256,3072,5632,0.232672,38072.4,0.61728,14350.7
256,3072,5888,0.244704,37845.8,0.6432,14398.4
256,3072,6144,0.257952,37463.1,0.665952,14511.1
256,3328,256,0.022496,19390.5,0.40128,1087.04
256,3328,512,0.033184,26290.2,0.396448,2200.58
256,3328,768,0.0472,27725.1,0.351264,3725.47
256,3328,1024,0.056,31157.7,0.382464,4562.08
256,3328,1280,0.071072,30687.7,0.467328,4667.04
256,3328,1536,0.0792,33046,0.396992,6592.69
256,3328,1792,0.088896,34348.6,0.509536,5992.62
256,3328,2048,0.090208,38684.6,0.42096,8289.77
256,3328,2304,0.109248,35935.4,0.50288,7806.77
256,3328,2560,0.118784,36722.8,0.493632,8836.7
256,3328,2816,0.126368,37970.7,0.471264,10181.7
256,3328,3072,0.145984,35856.6,0.523808,9993.15
256,3328,3328,0.149472,37938.2,0.496992,11410
256,3328,3584,0.158144,38616.1,0.453152,13476.5
256,3328,3840,0.165056,39641.8,0.493088,13269.7
256,3328,4096,0.167584,41646.7,0.477056,14630
256,3328,4352,0.185984,39871.9,0.5368,13814.3
256,3328,4608,0.195808,40099.2,0.575808,13636
256,3328,4864,0.2056,40311,0.489216,16941.3
256,3328,5120,0.229376,38034.3,0.550272,15854.3
256,3328,5376,0.227552,40256.1,0.637376,14372
256,3328,5632,0.238528,40232.5,0.61968,15486.3
256,3328,5888,0.244224,41080.2,0.629856,15928.7
256,3328,6144,0.258496,40499.6,0.61312,17074.9
256,3584,256,0.022784,20618.1,0.399872,1174.78
256,3584,512,0.033952,27672.1,0.365184,2572.74
256,3584,768,0.046784,30123.3,0.390432,3609.56
256,3584,1024,0.057216,32841.3,0.408352,4601.54
256,3584,1280,0.071392,32900.2,0.36336,6464.14
256,3584,1536,0.082432,34192.7,0.472224,5968.72
256,3584,1792,0.089984,36543.5,0.435968,7542.6
256,3584,2048,0.091008,41294.1,0.453952,8278.62
256,3584,2304,0.111744,37835.2,0.477216,8859.42
256,3584,2560,0.119968,39157.3,0.423552,11091
256,3584,2816,0.127008,40685.5,0.534528,9667.19
256,3584,3072,0.15024,37520.9,0.51072,11037.6
256,3584,3328,0.151424,40329.8,0.50816,12017.7
256,3584,3584,0.162464,40480.8,0.527232,12474
256,3584,3840,0.169536,41563,0.520128,13547.5
256,3584,4096,0.170592,44059.5,0.532576,14112.9
256,3584,4352,0.18768,42550.9,0.545152,14649
256,3584,4608,0.19856,42585.2,0.550816,15351.3
256,3584,4864,0.209568,42589.9,0.54112,16494.5
256,3584,5120,0.238112,39457.2,0.651744,14415.5
256,3584,5376,0.231936,42533.3,0.564608,17472.3
256,3584,5632,0.238464,43338.9,0.570368,18119.5
256,3584,5888,0.248096,43549.8,0.64336,16793.9
256,3584,6144,0.264128,42684.9,0.582912,19341.3
256,3840,256,0.022976,21906.2,0.338144,1488.47
256,3840,512,0.034848,28886.4,0.453216,2221.09
256,3840,768,0.047104,32055.7,0.393824,3834.07
256,3840,1024,0.058912,34174.1,0.431904,4661.37
256,3840,1280,0.069824,36041.8,0.464928,5412.84
256,3840,1536,0.081472,37066.7,0.463424,6516.49
256,3840,1792,0.092832,37952.6,0.4272,8247.23
256,3840,2048,0.09088,44306,0.424128,9493.67
256,3840,2304,0.11536,39267.1,0.489632,9251.54
256,3840,2560,0.124096,40558.6,0.46592,10802.6
256,3840,2816,0.128512,43081.4,0.492576,11239.9
256,3840,3072,0.157536,38339.2,0.500288,12072.6
256,3840,3328,0.153664,42580.7,0.517888,12634.2
256,3840,3584,0.16016,43996.2,0.502336,14027.3
256,3840,3840,0.171456,44033.1,0.508256,14854.2
256,3840,4096,0.17328,46474.3,0.496608,16216.1
256,3840,4352,0.19344,44232.7,0.609184,14045.6
256,3840,4608,0.201184,45031.9,0.565664,16016
256,3840,4864,0.213888,44710.4,0.5992,15959.6
256,3840,5120,0.2392,42083.3,0.637664,15786.3
256,3840,5376,0.234048,45160.2,0.618208,17097.2
256,3840,5632,0.241984,45759.1,0.645248,17160.8
256,3840,5888,0.2496,46379.3,0.57744,20047.6
256,3840,6144,0.264416,45684.1,0.59584,20273.2
256,4096,256,0.024192,22192.1,0.35888,1495.96
256,4096,512,0.034688,30954.3,0.454656,2361.66
256,4096,768,0.049952,32243.2,0.414592,3884.81
256,4096,1024,0.057568,37303.4,0.406976,5276.68
256,4096,1280,0.072736,36905.4,0.478048,5615.24
256,4096,1536,0.082624,38986.6,0.416832,7727.87
256,4096,1792,0.092064,40820.5,0.421056,8925.41
256,4096,2048,0.092032,46668.2,0.511264,8400.68
256,4096,2304,0.115872,41699.8,0.474784,10176.9
256,4096,2560,0.123744,43385.6,0.537696,9984.66
256,4096,2816,0.129408,45635.4,0.514464,11479.1
256,4096,3072,0.159328,40435.1,0.560992,11484
256,4096,3328,0.15584,44785.2,0.461504,15123
256,4096,3584,0.163136,46073.2,0.577408,13017.1
256,4096,3840,0.172672,46637.9,0.527168,15276.1
256,4096,4096,0.172928,49673.5,0.535232,16049
256,4096,4352,0.1936,47142.6,0.576896,15820.5
256,4096,4608,0.201504,47957.7,0.541152,17857.6
256,4096,4864,0.214368,47584.3,0.591008,17259.6
256,4096,5120,0.240992,44555.1,0.568672,18881.6
256,4096,5376,0.234752,48026.4,0.574624,19620.3
256,4096,5632,0.244256,48355.7,0.659712,17903.5
256,4096,5888,0.250528,49288,0.655744,18830.6
256,4096,6144,0.265856,48465.7,0.67616,19056
256,4352,256,0.027008,21120.6,0.406208,1404.27
256,4352,512,0.035104,32499.2,0.333408,3421.79
256,4352,768,0.050944,33591.3,0.435744,3927.25
256,4352,1024,0.057344,39789.7,0.395392,5770.73
256,4352,1280,0.071584,39843.1,0.459456,6207.62
256,4352,1536,0.08688,39394,0.418592,8176.34
256,4352,1792,0.094016,42471.3,0.499456,7994.65
256,4352,2048,0.091712,49758,0.523488,8717.3
256,4352,2304,0.115328,44515,0.471168,10896
256,4352,2560,0.125504,45450.8,0.47792,11935.6
256,4352,2816,0.130336,48142.3,0.471648,13303.7
256,4352,3072,0.169504,40383.1,0.508896,13450.9
256,4352,3328,0.156928,47254.3,0.45552,16279.3
256,4352,3584,0.163904,48723.4,0.45072,17718.2
256,4352,3840,0.174304,49088.8,0.532704,16062.2
256,4352,4096,0.175872,51894.6,0.502208,18173.4
256,4352,4352,0.196288,49403.1,0.5384,18011.2
256,4352,4608,0.206528,49715.6,0.604992,16971.6
256,4352,4864,0.21728,49880.7,0.609696,17776.2
256,4352,5120,0.245248,46518.2,0.588384,19389.6
256,4352,5376,0.238112,50308,0.569568,21031.6
256,4352,5632,0.247008,50805.5,0.652064,19245.6
256,4352,5888,0.259008,50654,0.655296,20021.2
256,4352,6144,0.271648,50396.9,0.635872,21529.8
256,4608,256,0.024576,24576,0.33136,1822.73
256,4608,512,0.036576,33026,0.43776,2759.41
256,4608,768,0.050176,36111.7,0.409632,4423.33
256,4608,1024,0.057792,41803.7,0.388768,6214.3
256,4608,1280,0.074176,40712.6,0.473888,6372.6
256,4608,1536,0.087712,41315.7,0.411392,8808.82
256,4608,1792,0.095104,44455.1,0.500992,8438.97
256,4608,2048,0.09136,52887.9,0.471936,10238.3
256,4608,2304,0.115136,47212.1,0.472096,11514.2
256,4608,2560,0.127552,47351.6,0.49344,12240.2
256,4608,2816,0.131584,50490.8,0.432416,15364.3
256,4608,3072,0.175904,41202.9,0.509472,14226
256,4608,3328,0.160768,48838.9,0.514848,15250.6
256,4608,3584,0.165344,51140.1,0.516416,16373.8
256,4608,3840,0.175136,51729.5,0.560512,16163.3
256,4608,4096,0.183456,52675.7,0.568288,17004.9
256,4608,4352,0.19936,51503.1,0.54976,18676.6
256,4608,4608,0.205888,52803.6,0.512128,21228.4
256,4608,4864,0.21712,52853.8,0.556064,20637.2
256,4608,5120,0.252064,47922.7,0.619552,19497.3
256,4608,5376,0.237824,53331.8,0.572032,22172.8
256,4608,5632,0.2496,53235.4,0.628992,21125.2
256,4608,5888,0.255872,54291,0.5928,23433.8
256,4608,6144,0.273088,53080,0.620512,23360.6
256,4864,256,0.026176,24355.7,0.336928,1892.2
256,4864,512,0.036192,35230.7,0.404224,3154.36
256,4864,768,0.05264,36333.6,0.423296,4518.36
256,4864,1024,0.058944,43263.7,0.418592,6092.18
256,4864,1280,0.075168,42407.3,0.41936,7601.28
256,4864,1536,0.086368,44289.6,0.420384,9099.31
256,4864,1792,0.095488,46736.1,0.438592,10175.2
256,4864,2048,0.093312,54658.3,0.444128,11483.8
256,4864,2304,0.116608,49206,0.422016,13596.2
256,4864,2560,0.126208,50514.6,0.498432,12790.8
256,4864,2816,0.132192,53050.7,0.448288,15643.7
256,4864,3072,0.187072,40895.5,0.590208,12962.2
256,4864,3328,0.161856,51205.7,0.51968,15948.2
256,4864,3584,0.165248,54012.6,0.517152,17258.9
256,4864,3840,0.176704,54118.8,0.554752,17238.4
256,4864,4096,0.1808,56419,0.532064,19171.7
256,4864,4352,0.19936,54364.4,0.575712,18825.5
256,4864,4608,0.20928,54833.8,0.630784,18192.6
256,4864,4864,0.220512,54931.9,0.561792,21561.6
256,4864,5120,0.248352,51341.2,0.63616,20043.2
256,4864,5376,0.24368,54941.8,0.58272,22975.4
256,4864,5632,0.25168,55728.5,0.63744,22003.3
256,4864,5888,0.26208,55949.7,0.60624,24187.3
256,4864,6144,0.27344,55956.8,0.691744,22119.2
256,5120,256,0.026528,25297.4,0.428608,1565.74
256,5120,512,0.039552,33934.5,0.451232,2974.47
256,5120,768,0.052128,38621.6,0.406208,4956.24
256,5120,1024,0.061184,43873.5,0.41904,6405.96
256,5120,1280,0.077536,43275.9,0.486624,6895.35
256,5120,1536,0.09136,44073.2,0.444768,9053.11
256,5120,1792,0.098912,47492.9,0.420384,11174.6
256,5120,2048,0.098144,54702.4,0.468832,11451.2
256,5120,2304,0.122112,49461.1,0.490912,12303.2
256,5120,2560,0.132704,50570.3,0.47184,14222.8
256,5120,2816,0.135392,54523,0.521504,14155.2
256,5120,3072,0.187328,42989.1,0.49056,16416.1
256,5120,3328,0.16688,52278,0.492896,17699.8
256,5120,3584,0.173888,54030.4,0.513408,18299.8
256,5120,3840,0.181952,55324.1,0.478176,21051.5
256,5120,4096,0.186624,57535,0.493664,21750.5
256,5120,4352,0.207232,55051.9,0.49776,22919.7
256,5120,4608,0.21472,56257.4,0.534336,22606.7
256,5120,4864,0.228192,55877,0.562272,22677.1
256,5120,5120,0.259456,51730.4,0.599872,22374.4
256,5120,5376,0.255648,55126,0.630048,22367.9
256,5120,5632,0.264768,55761.8,0.602144,24519
256,5120,5888,0.27168,56813.3,0.655648,23541.7
256,5120,6144,0.282272,57058.9,0.671744,23976.6
256,5376,256,0.033856,20812.9,0.404256,1743.06
256,5376,512,0.04848,29069.4,0.409504,3441.45
256,5376,768,0.062016,34086.8,0.40176,5261.67
256,5376,1024,0.076352,36915.5,0.400896,7030.68
256,5376,1280,0.092128,38242.6,0.476672,7391.28
256,5376,1536,0.108544,38950.6,0.452224,9349.04
256,5376,1792,0.125472,39311.6,0.448928,10987.3
256,5376,2048,0.138176,40796.8,0.488288,11544.7
256,5376,2304,0.153792,41236.1,0.52912,11985.5
256,5376,2560,0.169376,41602.3,0.589536,11952.5
256,5376,2816,0.182176,42547.2,0.54496,14223.2
256,5376,3072,0.20288,41678.4,0.553984,15263.5
256,5376,3328,0.214016,42802.2,0.642496,14257.5
256,5376,3584,0.223072,44223.4,0.626912,15735.9
256,5376,3840,0.244256,43272.8,0.569216,18568.8
256,5376,4096,0.252672,44620.3,0.579712,19448.1
256,5376,4352,0.274528,43634.6,0.606912,19737.5
256,5376,4608,0.285024,44500,0.68464,18525.9
256,5376,4864,0.298656,44828.2,0.66768,20051.8
256,5376,5120,0.324512,43427.9,0.694272,20298.8
256,5376,5376,0.329792,44869.2,0.742784,19921.7
256,5376,5632,0.342208,45300.4,0.729184,21259.6
256,5376,5888,0.359072,45135.2,0.636384,25467
256,5376,6144,0.380224,44477.6,0.757664,22320.5
256,5632,256,0.03424,21559.5,0.3648,2023.57
256,5632,512,0.048736,30293.7,0.44272,3334.83
256,5632,768,0.06336,34952.5,0.401088,5521.46
256,5632,1024,0.077888,37910.7,0.427872,6901.11
256,5632,1280,0.094624,39006.9,0.467264,7899.15
256,5632,1536,0.109952,40282.9,0.448416,9877.4
256,5632,1792,0.123872,41715.5,0.503232,10268.4
256,5632,2048,0.135232,43670,0.463904,12730.2
256,5632,2304,0.153984,43145.9,0.527104,12604.3
256,5632,2560,0.171392,43070.7,0.548032,13470
256,5632,2816,0.18208,44596.7,0.515936,15738.7
256,5632,3072,0.21312,41565.2,0.56112,15786.9
256,5632,3328,0.216064,44415.4,0.642624,14933.4
256,5632,3584,0.226496,45628.9,0.644064,16046.2
256,5632,3840,0.246624,44898.2,0.651968,16983.9
256,5632,4096,0.255616,46206.7,0.62976,18755
256,5632,4352,0.276192,45437.1,0.601024,20880
256,5632,4608,0.290336,45766.1,0.60176,22081.2
256,5632,4864,0.30464,46040.4,0.687392,20404.3
256,5632,5120,0.329984,44741.4,0.679232,21736.2
256,5632,5376,0.337248,45966.6,0.71536,21670.4
256,5632,5632,0.349952,46407.3,0.664864,24426.6
256,5632,5888,0.362208,46875.1,0.661024,25685.2
256,5632,6144,0.37616,47098.9,0.759488,23327.2
256,5888,256,0.03392,22752.1,0.431008,1790.57
256,5888,512,0.04832,31943.4,0.378592,4076.96
256,5888,768,0.062944,36782.8,0.397856,5819.33
256,5888,1024,0.076768,40212.2,0.407648,7572.73
256,5888,1280,0.094208,40960,0.458176,8422
256,5888,1536,0.111584,41498,0.457664,10117.7
256,5888,1792,0.126368,42750.2,0.46784,11547.2
256,5888,2048,0.137376,44942.5,0.494784,12478.2
256,5888,2304,0.156288,44442.1,0.508096,13670.2
256,5888,2560,0.173504,44480.4,0.591488,13047.6
256,5888,2816,0.182656,46476.8,0.512928,16550.6
256,5888,3072,0.222432,41635.3,0.589536,15709
256,5888,3328,0.21776,46072.6,0.615008,16313.2
256,5888,3584,0.230144,46946.8,0.608896,17744.5
256,5888,3840,0.25136,46054.6,0.650592,17793.5
256,5888,4096,0.256864,48072.3,0.64704,19083.9
256,5888,4352,0.28112,46669.7,0.594624,22064
256,5888,4608,0.298496,46538.4,0.628448,22104.5
256,5888,4864,0.31232,46949.6,0.64016,22905.7
256,5888,5120,0.335808,45963.9,0.71424,21610.4
256,5888,5376,0.345888,46855.6,0.738688,21940
256,5888,5632,0.36096,47037.2,0.744416,22807.9
256,5888,5888,0.371904,47728.2,0.700192,25350.6
256,5888,6144,0.390976,47373.9,0.705408,26257.2
256,6144,256,0.033216,24244.5,0.364256,2210.83
256,6144,512,0.048032,33532.1,0.446656,3605.94
256,6144,768,0.061312,39403.7,0.399808,6042.7
256,6144,1024,0.07728,41682.5,0.42576,7565.82
256,6144,1280,0.097216,41418.4,0.421984,9541.91
256,6144,1536,0.112032,43129.1,0.488192,9897.41
256,6144,1792,0.1288,43766.6,0.53888,10460.9
256,6144,2048,0.138336,46571,0.5328,12091.7
256,6144,2304,0.158912,45608.6,0.539104,13444.1
256,6144,2560,0.175936,45772.7,0.529632,15205
256,6144,2816,0.184512,48009.7,0.561056,15788.7
256,6144,3072,0.216512,44633.4,0.585088,16516.6
256,6144,3328,0.221536,47256.4,0.587232,17827.7
256,6144,3584,0.237888,47393.3,0.622816,18102.1
256,6144,3840,0.25584,47215.4,0.63552,19007.4
256,6144,4096,0.254272,50673.7,0.58304,22099.5
256,6144,4352,0.288576,47440.6,0.59872,22865.8
256,6144,4608,0.306304,47323.9,0.603264,24028.5
256,6144,4864,0.320832,47691.1,0.622592,24576
256,6144,5120,0.356608,45164.8,0.70832,22738.5
256,6144,5376,0.36272,46623.9,0.610816,27686.6
256,6144,5632,0.368736,48047.2,0.622304,28469.6
256,6144,5888,0.390208,47467.1,0.726976,25478.2
256,6144,6144,0.421792,45822,0.676064,28588.1
512,256,256,0.02144,3130.08,0.386144,173.792
512,256,512,0.028672,4681.14,0.35808,374.826
512,256,768,0.036,5592.41,0.439552,458.027
512,256,1024,0.042976,6246.17,0.398976,672.811
512,256,1280,0.051424,6525.05,0.457248,733.834
512,256,1536,0.057792,6967.28,0.416512,966.726
512,256,1792,0.065984,7119.33,0.372512,1261.07
512,256,2048,0.07088,7574.36,0.381984,1405.48
512,256,2304,0.079296,7616.77,0.465792,1296.67
512,256,2560,0.08768,7653.84,0.443552,1512.99
512,256,2816,0.095968,7692.12,0.448032,1647.64
512,256,3072,0.10112,7963.87,0.450528,1787.47
512,256,3328,0.11056,7890.88,0.408288,2136.76
512,256,3584,0.13456,6982.19,0.378368,2483.1
512,256,3840,0.143968,6992.06,0.44176,2278.69
512,256,4096,0.153888,6977.42,0.449408,2389.24
512,256,4352,0.167648,6805.04,0.50464,2260.72
512,256,4608,0.179136,6743.25,0.533568,2263.93
512,256,4864,0.187968,6783.43,0.530816,2402.09
512,256,5120,0.198816,6750.85,0.506592,2649.42
512,256,5376,0.205568,6855.57,0.588512,2394.66
512,256,5632,0.216608,6815.98,0.528864,2791.63
512,256,5888,0.225472,6845.66,0.564672,2733.45
512,256,6144,0.23408,6880.61,0.608608,2646.39
512,512,256,0.021568,6223,0.35232,380.954
512,512,512,0.028544,9404.27,0.400256,670.659
512,512,768,0.036288,11096,0.408672,985.272
512,512,1024,0.044192,12148.6,0.456608,1175.78
512,512,1280,0.050944,13173.1,0.38992,1721.09
512,512,1536,0.058272,13819.8,0.40064,2010.05
512,512,1792,0.06544,14357,0.420032,2236.79
512,512,2048,0.072064,14899.8,0.396832,2705.78
512,512,2304,0.080064,15087.4,0.376896,3205.02
512,512,2560,0.090848,14773.9,0.409792,3275.26
512,512,2816,0.113344,13025.8,0.510336,2892.99
512,512,3072,0.123616,13029.2,0.413664,3893.53
512,512,3328,0.133568,13063.2,0.482912,3613.14
512,512,3584,0.142528,13183.7,0.428064,4389.64
512,512,3840,0.15296,13162,0.481664,4179.81
512,512,4096,0.157312,13651.1,0.401632,5346.89
512,512,4352,0.169408,13468.7,0.47776,4775.83
512,512,4608,0.17936,13469.7,0.517728,4666.39
512,512,4864,0.188416,13534.6,0.482464,5285.65
512,512,5120,0.198496,13523.5,0.497696,5393.56
512,512,5376,0.2072,13603.1,0.466656,6039.94
512,512,5632,0.216096,13664.3,0.476992,6190.44
512,512,5888,0.22624,13644.8,0.590304,5229.52
512,512,6144,0.235872,13656.7,0.506528,6359.42
512,768,256,0.020448,9845.78,0.356832,564.206
512,768,512,0.029248,13766.9,0.379712,1060.42
512,768,768,0.035872,16837.1,0.409696,1474.21
512,768,1024,0.042976,18738.5,0.424928,1895.16
512,768,1280,0.049408,20373.9,0.430528,2338.14
512,768,1536,0.05856,20627.7,0.440448,2742.57
512,768,1792,0.068896,20455.3,0.428896,3285.85
512,768,2048,0.08448,19065,0.464512,3467.32
512,768,2304,0.096896,18699.8,0.494944,3660.9
512,768,2560,0.10864,18531.5,0.51904,3878.83
512,768,2816,0.11712,18908.7,0.446624,4958.52
512,768,3072,0.124992,19328.6,0.430944,5606.11
512,768,3328,0.133888,19548,0.452416,5785.04
512,768,3584,0.143136,19691.6,0.570336,4941.95
512,768,3840,0.152992,19738.9,0.468128,6451.01
512,768,4096,0.156832,20539.3,0.435424,7397.91
512,768,4352,0.173344,19744.3,0.430016,7959.13
512,768,4608,0.181664,19948.2,0.528544,6856.34
512,768,4864,0.191072,20019.7,0.54432,7027.49
512,768,5120,0.201248,20007.8,0.561184,7175.07
512,768,5376,0.20656,20467.9,0.444512,9511.24
512,768,5632,0.218496,20271.2,0.543808,8144.76
512,768,5888,0.226048,20484.6,0.560256,8264.99
512,768,6144,0.236448,20435.1,0.54976,8789
512,1024,256,0.022368,12000.9,0.346272,775.216
512,1024,512,0.028768,18662.1,0.416096,1290.26
512,1024,768,0.037824,21290.9,0.382176,2107.16
512,1024,1024,0.043456,24708.7,0.35616,3014.77
512,1024,1280,0.052352,25637.6,0.365152,3675.67
512,1024,1536,0.069376,23215.7,0.422592,3811.27
512,1024,1792,0.07792,24115.1,0.494368,3800.91
512,1024,2048,0.087296,24600,0.435232,4934.11
512,1024,2304,0.098688,24480.4,0.509536,4741.41
512,1024,2560,0.106656,25168.3,0.420704,6380.63
512,1024,2816,0.117088,25218.6,0.520288,5675.3
512,1024,3072,0.128704,25028.2,0.455072,7078.5
512,1024,3328,0.135776,25701.6,0.44576,7828.56
512,1024,3584,0.145952,25748.9,0.514816,7299.88
512,1024,3840,0.153344,26258.2,0.448736,8973.05
512,1024,4096,0.158528,27092.8,0.506016,8487.81
512,1024,4352,0.17312,26359.8,0.482464,9458.54
512,1024,4608,0.183072,26393.1,0.487136,9918.87
512,1024,4864,0.195136,26137,0.569344,8958.16
512,1024,5120,0.2032,26420.8,0.483872,11095.3
512,1024,5376,0.211456,26658.7,0.634624,8882.65
512,1024,5632,0.21984,26863.1,0.478176,12350.2
512,1024,5888,0.22896,26965.5,0.44768,13791.1
512,1024,6144,0.238624,26998.3,0.469952,13708.7
512,1280,256,0.02256,14873.4,0.35888,934.976
512,1280,512,0.029184,22995.1,0.35264,1903.04
512,1280,768,0.037024,27188.7,0.38992,2581.64
512,1280,1024,0.04768,28149.7,0.353472,3797.12
512,1280,1280,0.0608,27594.1,0.418496,4008.93
512,1280,1536,0.07104,28339.9,0.369536,5448.09
512,1280,1792,0.082688,28405.7,0.50768,4626.56
512,1280,2048,0.087072,30829.1,0.422272,6356.93
512,1280,2304,0.097152,31084.3,0.396128,7623.54
512,1280,2560,0.109024,30777.1,0.506144,6629.42
512,1280,2816,0.118784,31073.1,0.519136,7109.87
512,1280,3072,0.131136,30705,0.537664,7488.94
512,1280,3328,0.137152,31804.7,0.497856,8761.72
512,1280,3584,0.14704,31947.9,0.522464,8991.28
512,1280,3840,0.156064,32250.6,0.597312,8426.36
512,1280,4096,0.159168,33729.8,0.454048,11824.1
512,1280,4352,0.174976,32600.2,0.492416,11584.2
512,1280,4608,0.186144,32446.9,0.543232,11118.3
512,1280,4864,0.195296,32644.5,0.499136,12772.8
512,1280,5120,0.206432,32508.9,0.475808,14104.2
512,1280,5376,0.212224,33202.8,0.567776,12410.6
512,1280,5632,0.221152,33379.6,0.564224,13083.4
512,1280,5888,0.23216,33242.2,0.5344,14441.5
512,1280,6144,0.241664,33323.4,0.500224,16098.9
512,1536,256,0.024864,16194.2,0.37248,1081.01
512,1536,512,0.031296,25731.9,0.442272,1820.84
512,1536,768,0.039392,30665.1,0.384128,3144.68
512,1536,1024,0.052736,30541,0.381952,4216.79
512,1536,1280,0.06448,31223.1,0.495424,4063.72
512,1536,1536,0.074656,32360.7,0.413728,5839.39
512,1536,1792,0.084544,33338.5,0.434464,6487.47
512,1536,2048,0.087584,36778.7,0.428256,7521.73
512,1536,2304,0.10208,35500.4,0.421632,8594.89
512,1536,2560,0.111968,35961.5,0.434816,9260.31
512,1536,2816,0.121408,36481.8,0.44736,9900.72
512,1536,3072,0.132928,36349.3,0.436896,11059.5
512,1536,3328,0.142368,36767.3,0.546016,9586.7
512,1536,3584,0.148736,37900.3,0.487456,11564.4
512,1536,3840,0.160352,37665.9,0.602624,10022.5
512,1536,4096,0.162912,39545.6,0.477664,13487.4
512,1536,4352,0.1768,38716.7,0.543328,12598.5
512,1536,4608,0.18608,38949.7,0.521376,13901.2
512,1536,4864,0.196224,38988.1,0.481472,15889.6
512,1536,5120,0.211104,38147.4,0.538432,14956.5
512,1536,5376,0.21536,39263.2,0.498112,16975.5
512,1536,5632,0.224384,39478.6,0.574688,15414.2
512,1536,5888,0.234624,39471.8,0.55328,16738.4
512,1536,6144,0.243744,39646.8,0.51872,18629.9
512,1792,256,0.023008,20417.3,0.40096,1171.59
512,1792,512,0.030848,30456.6,0.391136,2402.04
512,1792,768,0.042496,33162.8,0.373984,3768.31
512,1792,1024,0.054272,34622.8,0.43872,4283.02
512,1792,1280,0.06432,36517.6,0.45648,5145.48
512,1792,1536,0.076064,37055.3,0.468608,6014.78
512,1792,1792,0.084384,38968.7,0.526272,6248.36
512,1792,2048,0.088512,42458.6,0.44512,8442.88
512,1792,2304,0.102784,41133.4,0.485408,8709.91
512,1792,2560,0.113696,41317.4,0.451424,10406.2
512,1792,2816,0.12448,41511.7,0.504352,10245.6
512,1792,3072,0.13712,41111,0.486464,11588
512,1792,3328,0.143296,42617.4,0.530272,11516.6
512,1792,3584,0.150176,43793.1,0.507328,12963.3
512,1792,3840,0.184256,38242.6,0.519744,13557.5
512,1792,4096,0.16064,46789,0.47424,15848.9
512,1792,4352,0.17776,44925.5,0.517248,15439.3
512,1792,4608,0.189312,44665.5,0.51968,16271
512,1792,4864,0.197248,45250,0.555872,16056.7
512,1792,5120,0.214176,43866.9,0.58256,16127.5
512,1792,5376,0.217888,45275.6,0.569568,17320.2
512,1792,5632,0.226624,45603.1,0.56784,18200.1
512,1792,5888,0.23664,45658.1,0.555744,19441.6
512,1792,6144,0.248,45460.8,0.626336,18000.4
512,2048,256,0.02304,23301.7,0.373728,1436.53
512,2048,512,0.033088,32451.1,0.407136,2637.31
512,2048,768,0.043776,36792.1,0.379648,4242.38
512,2048,1024,0.054976,39062.2,0.390464,5499.82
512,2048,1280,0.067296,39888.8,0.415616,6458.74
512,2048,1536,0.075488,42672,0.425344,7573.22
512,2048,1792,0.087904,42752.3,0.433728,8664.64
512,2048,2048,0.090304,47561.2,0.439296,9776.93
512,2048,2304,0.10672,45275.8,0.480128,10063.6
512,2048,2560,0.114656,46824.5,0.457536,11734
512,2048,2816,0.122528,48197.8,0.462912,12757.5
512,2048,3072,0.13776,46765.8,0.48384,13315.3
512,2048,3328,0.143744,48553.8,0.502016,13902.6
512,2048,3584,0.151552,49594.8,0.480864,15630.6
512,2048,3840,0.162656,49509.8,0.514944,15638.7
512,2048,4096,0.163392,52572.6,0.469248,18305.7
512,2048,4352,0.18,50704.5,0.52624,17343.4
512,2048,4608,0.191072,50576.1,0.565952,17075.1
512,2048,4864,0.2016,50598,0.597472,17072.8
512,2048,5120,0.216576,49578.1,0.608,17660.2
512,2048,5376,0.217632,51804.4,0.577696,19516
512,2048,5632,0.22816,51767,0.637088,18539.3
512,2048,5888,0.236992,52103.2,0.557952,22131
512,2048,6144,0.250848,51365.4,0.598336,21534.6
512,2304,256,0.023008,26250.9,0.411616,1467.34
512,2304,512,0.033632,35917,0.377472,3200.13
512,2304,768,0.044864,40387.4,0.418368,4330.97
512,2304,1024,0.054624,44228.2,0.3672,6579.3
512,2304,1280,0.06832,44202.3,0.409408,7376.26
512,2304,1536,0.076192,47562.5,0.413696,8759.76
512,2304,1792,0.085664,49354,0.420064,10064.8
512,2304,2048,0.09024,53544.3,0.486848,9924.74
512,2304,2304,0.107744,50451.2,0.48688,11164.6
512,2304,2560,0.11536,52356.1,0.456928,13218.3
512,2304,2816,0.125184,53072.1,0.434272,15298.7
512,2304,3072,0.13936,52007.4,0.505568,14335.9
512,2304,3328,0.143328,54781.6,0.507296,15477.6
512,2304,3584,0.154816,54617.8,0.49168,17197.6
512,2304,3840,0.16464,55027.3,0.509984,17764.7
512,2304,4096,0.1624,59505.4,0.467264,20681.4
512,2304,4352,0.18224,56341.4,0.517696,19833.4
512,2304,4608,0.193088,56304,0.5184,20971.5
512,2304,4864,0.201184,57040.4,0.612032,18750
512,2304,5120,0.219552,55019.3,0.597504,20216.8
512,2304,5376,0.221952,57145.6,0.569888,22256.3
512,2304,5632,0.230688,57599.7,0.61952,21448.1
512,2304,5888,0.241504,57520.9,0.553632,25091.6
512,2304,6144,0.253024,57289.1,0.638272,22710.6
512,2560,256,0.025088,26749.4,0.351488,1909.28
512,2560,512,0.035648,37650.8,0.397152,3379.51
512,2560,768,0.048416,41582.7,0.3896,5167.52
512,2560,1024,0.060512,44360.7,0.391488,6856.8
512,2560,1280,0.069568,48232.6,0.405664,8271.48
512,2560,1536,0.080192,50211.1,0.41312,9746.64
512,2560,1792,0.088608,53015.8,0.432416,10863.7
512,2560,2048,0.092608,57972.4,0.39248,13678.9
512,2560,2304,0.11088,54471.5,0.474624,12725.4
512,2560,2560,0.118912,56435.7,0.492832,13617
512,2560,2816,0.130304,56651.9,0.49888,14797.1
512,2560,3072,0.144928,55566,0.530304,15185.7
512,2560,3328,0.152,57395.7,0.50432,17298.8
512,2560,3584,0.164672,57054.3,0.478496,19634.9
512,2560,3840,0.169024,59555.6,0.561248,17935.6
512,2560,4096,0.170528,62965.7,0.535904,20036.1
512,2560,4352,0.192736,59192.4,0.558848,20414.3
512,2560,4608,0.2032,59446.8,0.616416,19596.5
512,2560,4864,0.212064,60126.6,0.637504,20000.9
512,2560,5120,0.230816,58149.2,0.543712,24685.4
512,2560,5376,0.232064,60728.3,0.693632,20317.5
512,2560,5632,0.242656,60843.1,0.626048,23582.8
512,2560,5888,0.255488,60413.9,0.640672,24092
512,2560,6144,0.268128,60068.8,0.635936,25326.6
512,2816,256,0.033632,21949.3,0.39056,1890.1
512,2816,512,0.048992,30135.4,0.403488,3659.08
512,2816,768,0.061888,35783.9,0.353472,6265.26
512,2816,1024,0.077632,38035.7,0.507168,5822.11
512,2816,1280,0.091424,40372.2,0.419808,8792.08
512,2816,1536,0.106912,41428.3,0.458464,9660.92
512,2816,1792,0.11792,43821.1,0.538176,9601.66
512,2816,2048,0.13664,43220,0.5488,10760.9
512,2816,2304,0.15312,43389.4,0.531296,12504.9
512,2816,2560,0.167072,44184.4,0.512608,14400.8
512,2816,2816,0.179808,45160.2,0.495808,16377.7
512,2816,3072,0.195008,45425.7,0.58416,15164.3
512,2816,3328,0.210624,45562.6,0.534624,17950.1
512,2816,3584,0.224256,46084.7,0.571712,18076.9
512,2816,3840,0.242784,45608.3,0.528192,20963.9
512,2816,4096,0.252608,46756.9,0.636416,18558.9
512,2816,4352,0.272736,46012.8,0.581472,21582.1
512,2816,4608,0.285248,46582.5,0.59088,22487.7
512,2816,4864,0.29888,46927.7,0.591936,23694.7
512,2816,5120,0.324288,45527.3,0.626208,23576.8
512,2816,5376,0.32976,47010.4,0.65712,23591
512,2816,5632,0.341984,47488.6,0.617568,26297.3
512,2816,5888,0.35616,47671.1,0.613376,27680.5
512,2816,6144,0.377056,46987,0.619136,28615.3
512,3072,256,0.034272,23497.5,0.380736,2115.13
512,3072,512,0.049152,32768,0.371712,4332.96
512,3072,768,0.062432,38696.8,0.41552,5814.21
512,3072,1024,0.076704,41995.5,0.399584,8061.45
512,3072,1280,0.09328,43166.1,0.495712,8122.72
512,3072,1536,0.106496,45371.1,0.480288,10060.3
512,3072,1792,0.11776,47869.8,0.466336,12088.2
512,3072,2048,0.136416,47226.5,0.493984,13041.8
512,3072,2304,0.150752,48077.4,0.605728,11965.4
512,3072,2560,0.16704,48210.4,0.570464,14116.7
512,3072,2816,0.180672,49030.1,0.507936,17439.9
512,3072,3072,0.19536,49466,0.517792,18663.2
512,3072,3328,0.213472,49041.5,0.55904,18726.7
512,3072,3584,0.224672,50181.1,0.564736,19963.8
512,3072,3840,0.24608,49088.1,0.624704,19336.5
512,3072,4096,0.255424,50445.2,0.638944,20165.9
512,3072,4352,0.277632,49310.6,0.58784,23289
512,3072,4608,0.288256,50287,0.591936,24488.3
512,3072,4864,0.297056,51508.2,0.600416,25483.7
512,3072,5120,0.32848,49032.3,0.598592,26906.7
512,3072,5376,0.330976,51095.6,0.615808,27462.2
512,3072,5632,0.344608,51411.3,0.66736,26547.5
512,3072,5888,0.360416,51390.7,0.687488,26941.6
512,3072,6144,0.38432,50289.7,0.649056,29777.6
512,3328,256,0.032704,26676.1,0.376256,2318.67
512,3328,512,0.048256,36157.8,0.376832,4630.26
512,3328,768,0.061824,42333.8,0.385152,6795.36
512,3328,1024,0.075296,46345.9,0.402048,8679.71
512,3328,1280,0.08976,48597.1,0.562336,7757.06
512,3328,1536,0.106272,49255.6,0.457824,11433.4
512,3328,1792,0.120032,50877.3,0.551072,11081.9
512,3328,2048,0.13488,51744.7,0.557888,12510.3
512,3328,2304,0.15248,51493.6,0.517888,15161.1
512,3328,2560,0.16624,52479.3,0.528576,16505
512,3328,2816,0.179328,53514.1,0.512352,18730.4
512,3328,3072,0.195808,53465.6,0.5208,20101.7
512,3328,3328,0.210208,53953.2,0.531936,21321
512,3328,3584,0.225632,54131.6,0.548352,22273.7
512,3328,3840,0.246304,53130.4,0.5136,25479.4
512,3328,4096,0.253056,55160.3,0.594336,23486.1
512,3328,4352,0.271072,54712.6,0.642016,23100.8
512,3328,4608,0.285536,54996.5,0.635968,24692.2
512,3328,4864,0.29984,55282.4,0.637824,25988.2
512,3328,5120,0.331552,52626.1,0.560672,31120.3
512,3328,5376,0.329984,55520,0.691616,26489.7
512,3328,5632,0.341728,56164.9,0.622976,30808.8
512,3328,5888,0.357888,56066.6,0.676032,29681.4
512,3328,6144,0.392384,53360.9,0.63904,32764.7
512,3584,256,0.033568,27988.7,0.471008,1994.71
512,3584,512,0.048384,38836.1,0.39264,4785.68
512,3584,768,0.063328,44507.5,0.417824,6745.84
512,3584,1024,0.078368,47954.5,0.442464,8493.56
512,3584,1280,0.092672,50690.8,0.435936,10775.9
512,3584,1536,0.10656,52901.1,0.487776,11556.8
512,3584,1792,0.120992,54356.2,0.46864,14033.5
512,3584,2048,0.134912,55711.8,0.52624,14282.8
512,3584,2304,0.15072,56102.2,0.58128,14546.7
512,3584,2560,0.167296,56159.4,0.486272,19321
512,3584,2816,0.179264,57651.1,0.521792,19806.3
512,3584,3072,0.195872,57559.5,0.54448,20706.5
512,3584,3328,0.21008,58138.9,0.604896,20191.6
512,3584,3584,0.2232,58930.7,0.599168,21952.7
512,3584,3840,0.243616,57848.7,0.6176,22818.8
512,3584,4096,0.253568,59283.5,0.622976,24130
512,3584,4352,0.272928,58520.6,0.683904,23354
512,3584,4608,0.283904,59567.4,0.595488,28399.3
512,3584,4864,0.298016,59899.3,0.669408,26666.8
512,3584,5120,0.330368,56877.4,0.652064,28816.9
512,3584,5376,0.330432,59709.7,0.745664,26459.6
512,3584,5632,0.34192,60451.4,0.664768,31092.8
512,3584,5888,0.357568,60433.4,0.73056,29578.8
512,3584,6144,0.386144,58394.2,0.773408,29154.8
512,3840,256,0.03296,30541,0.363712,2767.66
512,3840,512,0.048832,41228.4,0.447456,4499.36
512,3840,768,0.062528,48296.7,0.406464,7429.68
512,3840,1024,0.07504,53658.5,0.405664,9925.78
512,3840,1280,0.092544,54386.7,0.441248,11406.7
512,3840,1536,0.107168,56358.2,0.551424,10953.1
512,3840,1792,0.121088,58192.6,0.472032,14927.9
512,3840,2048,0.134784,59747.9,0.475776,16926.2
512,3840,2304,0.149504,60598.4,0.505344,17927.8
512,3840,2560,0.167936,59941.5,0.515616,19522.9
512,3840,2816,0.178784,61934.9,0.51696,21419.4
512,3840,3072,0.194912,61974.6,0.542144,22281.2
512,3840,3328,0.211328,61923.8,0.614976,21279.3
512,3840,3584,0.223968,62923.5,0.646912,21784.8
512,3840,3840,0.244992,61632.6,0.637408,23688.9
512,3840,4096,0.254752,63222.8,0.67184,23973.2
512,3840,4352,0.272512,62796.4,0.682656,25067.9
512,3840,4608,0.28368,63872.7,0.621728,29143.6
512,3840,4864,0.298112,64157.2,0.757568,25246.6
512,3840,5120,0.325984,61759.7,0.709568,28373.1
512,3840,5376,0.329472,64161.1,0.6848,30869.3
512,3840,5632,0.343296,64509.7,0.670752,33016.6
512,3840,5888,0.359008,64490.4,0.731584,31647.2
512,3840,6144,0.389024,62102.1,0.762656,31677.7
512,4096,256,0.035136,30559.6,0.35632,3013.42
512,4096,512,0.047968,44769.1,0.387232,5545.73
512,4096,768,0.062656,51411.3,0.397184,8110.16
512,4096,1024,0.08016,53579.9,0.45056,9532.51
512,4096,1280,0.093312,57535,0.427232,12566.3
512,4096,1536,0.107488,59936.5,0.527936,12203.1
512,4096,1792,0.121408,61908.5,0.496864,15127.3
512,4096,2048,0.134368,63928.4,0.453568,18938.6
512,4096,2304,0.150976,64008,0.524736,18416.3
512,4096,2560,0.166912,64329.8,0.57936,18533.2
512,4096,2816,0.18,65617.6,0.5984,19737.9
512,4096,3072,0.197664,65185.9,0.611808,21060.4
512,4096,3328,0.2112,66092.1,0.678048,20586.5
512,4096,3584,0.223552,67243.3,0.566432,26538.7
512,4096,3840,0.244032,66000.1,0.610208,26394.5
512,4096,4096,0.252192,68122.2,0.622464,27599.8
512,4096,4352,0.272896,66888.5,0.651808,28004.6
512,4096,4608,0.285152,67779.1,0.678304,28493.6
512,4096,4864,0.298528,68339,0.718272,28403
512,4096,5120,0.32384,66313.1,0.669184,32091.1
512,4096,5376,0.334048,67501,0.720608,31291
512,4096,5632,0.346688,68137.1,0.742656,31807.9
512,4096,5888,0.359808,68636.8,0.71488,34545.7
512,4096,6144,0.381216,67599,0.71504,36039.7
512,4352,256,0.034208,33350.4,0.43424,2627.24
512,4352,512,0.04992,45707.2,0.41168,5542.41
512,4352,768,0.0664,51544.5,0.442336,7737.45
512,4352,1024,0.08112,56255,0.411872,11079.7
512,4352,1280,0.09408,60631.9,0.504224,11312.9
512,4352,1536,0.111776,61239.5,0.449696,15221.6
512,4352,1792,0.12288,64989.9,0.465312,17162.6
512,4352,2048,0.13472,67746.5,0.504096,18105.3
512,4352,2304,0.15312,67056.3,0.493024,20825.9
512,4352,2560,0.1736,65717.2,0.5128,22247.5
512,4352,2816,0.180736,69434.7,0.536448,23393.4
512,4352,3072,0.203136,67394.3,0.57328,23880.5
512,4352,3328,0.214016,69298.8,0.583872,25401.2
512,4352,3584,0.22752,70200,0.56272,28383.4
512,4352,3840,0.247968,69012,0.586656,29170
512,4352,4096,0.254912,71607.5,0.59808,30520.4
512,4352,4352,0.272928,71060.7,0.629792,30795
512,4352,4608,0.286656,71637.5,0.610784,33621.2
512,4352,4864,0.300992,72015.7,0.61968,34979.6
512,4352,5120,0.323872,70450.7,0.68336,33389.4
512,4352,5376,0.333376,71864.4,0.691904,34626
512,4352,5632,0.345024,72744.8,0.704864,35607.9
512,4352,5888,0.360416,72803.6,0.751776,34903.4
512,4352,6144,0.378496,72340,0.788992,34703
512,4608,256,0.035712,33825,0.363488,3323.24
512,4608,512,0.0512,47185.9,0.408704,5911.17
512,4608,768,0.066944,54133,0.425504,8516.67
512,4608,1024,0.082816,58344.3,0.429856,11240.6
512,4608,1280,0.097216,62127.6,0.442208,13658.3
512,4608,1536,0.111904,64767.6,0.418816,17305.3
512,4608,1792,0.124704,67806.3,0.42464,19912.7
512,4608,2048,0.136096,71006.3,0.476416,20284.1
512,4608,2304,0.15504,70121.5,0.501536,21676.7
512,4608,2560,0.1712,70558.4,0.498496,24232.1
512,4608,2816,0.181024,73402.2,0.526016,25260.7
512,4608,3072,0.205696,70470.6,0.533376,27176.9
512,4608,3328,0.213376,73595.3,0.577536,27190.5
512,4608,3584,0.229344,73738.3,0.562624,30058.1
512,4608,3840,0.246176,73603.4,0.57984,31249
512,4608,4096,0.25504,75781.7,0.597632,32339.9
512,4608,4352,0.273568,75064.7,0.627936,32702.9
512,4608,4608,0.286816,75809.1,0.72464,30005.6
512,4608,4864,0.299648,76594,0.700896,32745.6
512,4608,5120,0.320736,75324.2,0.714752,33800.8
512,4608,5376,0.333632,76033.3,0.718496,35305.9
512,4608,5632,0.344064,77238.9,0.745792,35633.4
512,4608,5888,0.360544,77058.8,0.747872,37149.5
512,4608,6144,0.377504,76796.6,0.731776,39617.4
512,4864,256,0.037184,34290.8,0.37664,3385.38
512,4864,512,0.051456,49559.6,0.37888,6730.72
512,4864,768,0.067296,56841.5,0.389728,9815.06
512,4864,1024,0.082688,61680.9,0.385888,13217
512,4864,1280,0.097184,65600.7,0.458688,13899.1
512,4864,1536,0.112544,67977.1,0.47056,16258.1
512,4864,1792,0.12624,70702.5,0.46864,19045.5
512,4864,2048,0.138144,73840,0.498496,20462.6
512,4864,2304,0.1552,73940.8,0.528704,21705.2
512,4864,2560,0.172704,73829.7,0.58144,21929.5
512,4864,2816,0.182112,77017.2,0.515424,27212.1
512,4864,3072,0.206656,74040.1,0.551904,27723.7
512,4864,3328,0.213728,77556,0.5528,29985.3
512,4864,3584,0.227424,78492,0.581664,30689.5
512,4864,3840,0.248,77121.1,0.621504,30773.8
512,4864,4096,0.255296,79911.5,0.605568,33689.2
512,4864,4352,0.274592,78939.5,0.624896,34687.6
512,4864,4608,0.288928,79435.8,0.607968,37750.7
512,4864,4864,0.30144,80368.6,0.661056,36647.9
512,4864,5120,0.323008,78949.6,0.739648,34477.7
512,4864,5376,0.331392,80799.9,0.746272,35880.3
512,4864,5632,0.343136,81750.4,0.707456,39651.2
512,4864,5888,0.359008,81687.8,0.674368,43487.5
512,4864,6144,0.374944,81616.6,0.68288,44812.6
512,5120,256,0.038048,35275.9,0.361568,3712.1
512,5120,512,0.053504,50171.1,0.46736,5743.66
512,5120,768,0.069216,58173.4,0.400672,10049.4
512,5120,1024,0.081408,65948.2,0.412352,13019.7
512,5120,1280,0.098944,67825.1,0.44048,15235.4
512,5120,1536,0.115808,69538.1,0.454848,17705
512,5120,1792,0.128224,73272.1,0.461888,20341
512,5120,2048,0.1368,78489.9,0.444384,24162.5
512,5120,2304,0.155904,77481,0.457024,26431
512,5120,2560,0.170496,78721.9,0.50384,26639
512,5120,2816,0.185952,79396.6,0.559168,26403.4
512,5120,3072,0.206272,78082,0.555872,28974.5
512,5120,3328,0.214944,81176,0.578656,30153.2
512,5120,3584,0.232032,80982.3,0.578752,32467.2
512,5120,3840,0.241792,83264.4,0.575872,34960.3
512,5120,4096,0.254208,84477.4,0.62208,34521
512,5120,4352,0.271328,84093.8,0.624608,36530.1
512,5120,4608,0.287808,83942,0.643584,37538.5
512,5120,4864,0.300704,84805.6,0.705824,36129.9
512,5120,5120,0.313856,85528.2,0.711968,37703.3
512,5120,5376,0.330432,85299.6,0.762272,36975.9
512,5120,5632,0.344256,85773.1,0.717504,41153.6
512,5120,5888,0.358496,86110,0.786752,39237.4
512,5120,6144,0.371584,86689,0.783552,41110.6
512,5376,256,0.053056,26562.2,0.421568,3342.96
512,5376,512,0.077984,36143,0.458496,6147.43
512,5376,768,0.09936,42550.9,0.455456,9282.69
512,5376,1024,0.126144,44688.2,0.487264,11569
512,5376,1280,0.14864,47406,0.521984,13499.3
512,5376,1536,0.173824,48645.3,0.537696,15725.8
512,5376,1792,0.196608,50176,0.545568,18082.1
512,5376,2048,0.21312,52901.1,0.579136,19467.4
512,5376,2304,0.244864,51798.4,0.579392,21891.2
512,5376,2560,0.273216,51581.4,0.666528,21143.7
512,5376,2816,0.293376,52840.5,0.737216,21028
512,5376,3072,0.326336,51822.2,0.668448,25299.6
512,5376,3328,0.34432,53208.4,0.862176,21249.4
512,5376,3584,0.363232,54317.9,0.790464,24960
512,5376,3840,0.392928,53799.4,0.695424,30397.7
512,5376,4096,0.4048,55703,0.76656,29415.3
512,5376,4352,0.440416,54398.3,0.838624,28568.1
512,5376,4608,0.464064,54663,0.805312,31499.8
512,5376,4864,0.485088,55199.1,0.865632,30932.8
512,5376,5120,0.514592,54773,0.842048,33472.8
512,5376,5376,0.532352,55592.9,0.939008,31517.3
512,5376,5632,0.556896,55673.4,0.890304,34824.4
512,5376,5888,0.57664,56211.1,0.976544,33192.1
512,5376,6144,0.60352,56042.7,0.992576,34075.8
512,5632,256,0.054112,27284.1,0.452032,3266.13
512,5632,512,0.076128,38787.2,0.41888,7049.25
512,5632,768,0.105344,42045,0.395456,11200.2
512,5632,1024,0.127264,46404.2,0.438848,13457
512,5632,1280,0.155264,47544.7,0.519648,14205.7
512,5632,1536,0.179008,49485.9,0.531712,16660.1
512,5632,1792,0.207136,49893.6,0.578592,17861.9
512,5632,2048,0.218432,54072.5,0.548832,21520.5
512,5632,2304,0.24992,53167.2,0.62384,21299.6
512,5632,2560,0.279136,52891.6,0.642688,22972.2
512,5632,2816,0.296064,54854.2,0.65808,24678.4
512,5632,3072,0.33552,52803.8,0.714048,24811.7
512,5632,3328,0.348032,55147.6,0.710752,27004
512,5632,3584,0.374528,55188.2,0.727232,28422.2
512,5632,3840,0.397952,55649.7,0.839808,26370.2
512,5632,4096,0.403744,58508.2,0.819808,28814.5
512,5632,4352,0.445824,56297.4,0.79536,31556.4
512,5632,4608,0.469056,56656.6,0.815616,32582.9
512,5632,4864,0.491232,57104.4,0.811296,34576.2
512,5632,5120,0.524352,56313.1,0.835456,35343.5
512,5632,5376,0.544448,56946.3,0.87488,35438.3
512,5632,5632,0.564608,57527.9,0.859456,37792.2
512,5632,5888,0.586688,57879.3,0.862944,39350.3
512,5632,6144,0.615392,57578.7,1.0399,34073.8
512,5888,256,0.052416,29447.2,0.435264,3546.13
512,5888,512,0.077408,39879.7,0.45728,6750.8
512,5888,768,0.109312,42360.5,0.430944,10745
512,5888,1024,0.131936,46795.5,0.438432,14082
512,5888,1280,0.16528,46693.6,0.483264,15969.6
512,5888,1536,0.187584,49370,0.531712,17417.4
512,5888,1792,0.209664,51532.6,0.554176,19496.6
512,5888,2048,0.220352,56037.8,0.549088,22488.3
512,5888,2304,0.253952,54701.4,0.5944,23370.7
512,5888,2560,0.284192,54312,0.593312,26015
512,5888,2816,0.303296,55980.1,0.612832,27705.1
512,5888,3072,0.396576,46704.9,0.680544,27216.5
512,5888,3328,0.35952,55812.1,0.790656,25378.4
512,5888,3584,0.38272,56461.8,0.731712,29532.2
512,5888,3840,0.407968,56750.9,0.735776,31466.9
512,5888,4096,0.407424,60615.1,0.761376,32436.1
512,5888,4352,0.455264,57635.9,0.788608,33273.3
512,5888,4608,0.479456,57947.1,0.854592,32510.3
512,5888,4864,0.501856,58436.2,0.845888,34669.6
512,5888,5120,0.536448,57545.3,0.863776,35738.5
512,5888,5376,0.551872,58733.9,0.862656,37574.2
512,5888,5632,0.574688,59087.9,0.858688,39545.3
512,5888,5888,0.596928,59472.1,0.989536,35876
512,5888,6144,0.632256,58590.3,0.956896,38712.8
512,6144,256,0.053344,30193,0.433984,3711.23
512,6144,512,0.081792,39383.1,0.46352,6949.49
512,6144,768,0.11648,41482.1,0.389056,12419.4
512,6144,1024,0.139776,46091.3,0.458976,14036.6
512,6144,1280,0.167072,48201.2,0.515456,15623.2
512,6144,1536,0.192352,50239.5,0.500608,19303.9
512,6144,1792,0.215456,52327.6,0.525216,21466
512,6144,2048,0.22176,58102.9,0.552736,23311.1
512,6144,2304,0.26352,55007.3,0.661248,21921.4
512,6144,2560,0.289856,55566,0.686848,23449.3
512,6144,2816,0.310496,57059.5,0.709856,24958.2
512,6144,3072,0.404256,47809.7,0.719488,26862.6
512,6144,3328,0.369536,56660.1,0.72512,28875.2
512,6144,3584,0.387072,58254.2,0.684544,32939.6
512,6144,3840,0.47968,50365.2,0.701472,34440.7
512,6144,4096,0.412288,62504.4,0.772416,33362.6
512,6144,4352,0.467392,58581.3,0.889088,30796.1
512,6144,4608,0.484832,59796,0.814272,35603.6
512,6144,4864,0.510208,59978.8,0.890464,34366
512,6144,5120,0.632256,50948.1,0.92832,34699.5
512,6144,5376,0.565856,59772.9,0.965024,35048.7
512,6144,5632,0.585696,60498.1,0.913792,38776.3
512,6144,5888,0.60832,60895.7,0.963648,38441.5
512,6144,6144,0.64064,60337.6,1.01955,37913.4
768,256,256,0.021856,4605.75,0.40336,249.562
768,256,512,0.029632,6794.23,0.403008,499.56
768,256,768,0.037824,7984.08,0.430016,702.276
768,256,1024,0.045376,8873.7,0.45536,884.252
768,256,1280,0.052032,9673.21,0.43648,1153.13
768,256,1536,0.059136,10213.4,0.407872,1480.81
768,256,1792,0.066912,10530.9,0.482496,1460.41
768,256,2048,0.074624,10791.5,0.41936,1920.32
768,256,2304,0.080672,11230.3,0.409056,2214.78
768,256,2560,0.089536,11242.8,0.40736,2471.11
768,256,2816,0.11008,10059,0.414816,2669.37
768,256,3072,0.122976,9822.73,0.391296,3087.07
768,256,3328,0.133088,9832.76,0.43904,2980.65
768,256,3584,0.141024,9993.24,0.420896,3348.3
768,256,3840,0.148704,10154.1,0.42752,3531.88
768,256,4096,0.15424,10442.3,0.409184,3936.16
768,256,4352,0.168896,10132.1,0.632608,2705.11
768,256,4608,0.177088,10231.9,0.570176,3177.86
768,256,4864,0.186592,10250.2,0.584608,3271.6
768,256,5120,0.197408,10198.5,0.558304,3606.04
768,256,5376,0.206144,10254.6,0.63136,3348.22
768,256,5632,0.215392,10281.7,0.635392,3485.4
768,256,5888,0.224768,10300.6,0.656832,3524.88
768,256,6144,0.233344,10353.5,0.575104,4200.84
768,512,256,0.021664,9293.14,0.339296,593.366
768,512,512,0.02976,13530,0.372256,1081.66
768,512,768,0.036768,16426.8,0.396608,1522.86
768,512,1024,0.044416,18131,0.465504,1729.97
768,512,1280,0.052096,19322.7,0.450144,2236.25
768,512,1536,0.060256,20047.1,0.406208,2973.75
768,512,1792,0.067424,20901.8,0.412992,3412.38
768,512,2048,0.085056,18935.9,0.429472,3750.22
768,512,2304,0.097568,18571,0.42304,4283.14
768,512,2560,0.105536,19076.6,0.487936,4126.09
768,512,2816,0.11392,19439.9,0.5072,4366.31
768,512,3072,0.128096,18860.2,0.428192,5642.14
768,512,3328,0.134496,19459.7,0.462752,5655.83
768,512,3584,0.14112,19972.9,0.394272,7148.8
768,512,3840,0.151552,19926.5,0.499712,6043.28
768,512,4096,0.157792,20414.4,0.433312,7433.96
768,512,4352,0.168672,20291.2,0.464032,7375.68
768,512,4608,0.178432,20309.6,0.433408,8361.36
768,512,4864,0.189952,20137.7,0.5384,7104.76
768,512,5120,0.198112,20324.5,0.530432,7591.04
768,512,5376,0.207008,20423.6,0.484832,8720.25
768,512,5632,0.217376,20375.7,0.543776,8145.24
768,512,5888,0.224768,20601.3,0.4784,9679.16
768,512,6144,0.235072,20554.7,0.552064,8752.32
768,768,256,0.021856,13817.3,0.388224,777.875
768,768,512,0.029376,20560.3,0.358592,1684.31
768,768,768,0.036864,24576,0.34512,2625.09
768,768,1024,0.045024,26829.2,0.46816,2580.23
768,768,1280,0.057152,26419.9,0.400448,3770.65
768,768,1536,0.069344,26129.7,0.372928,4858.68
768,768,1792,0.07968,26530.2,0.50528,4183.68
768,768,2048,0.085888,28128.7,0.437888,5517.21
768,768,2304,0.099488,27319,0.459168,5919.2
768,768,2560,0.107104,28195.9,0.396544,7615.55
768,768,2816,0.116448,28526.8,0.44464,7470.96
768,768,3072,0.12576,28815.8,0.445984,8125.58
768,768,3328,0.132864,29548,0.50976,7701.41
768,768,3584,0.146112,28935.7,0.488704,8651.16
768,768,3840,0.153824,29448.3,0.554272,8172.61
768,768,4096,0.159072,30375.2,0.539488,8956.34
768,768,4352,0.173024,29671.2,0.461344,11128
768,768,4608,0.182944,29713,0.46288,11743.5
768,768,4864,0.18928,30313.9,0.469472,12221.8
768,768,5120,0.200544,30117.1,0.48784,12380.7
768,768,5376,0.21072,30095.8,0.513664,12346.2
768,768,5632,0.219584,30256.2,0.524064,12677.4
768,768,5888,0.2296,30251.6,0.513824,13517.8
768,768,6144,0.23552,30773.4,0.522944,13859.5
768,1024,256,0.024288,16578.3,0.386048,1043.01
768,1024,512,0.031552,25523.1,0.369568,2179.05
768,1024,768,0.038816,31120.1,0.419808,2877.41
768,1024,1024,0.052608,30615.4,0.41328,3897.15
768,1024,1280,0.062528,32197.8,0.381312,5279.84
768,1024,1536,0.073504,32867.9,0.496576,4865.15
768,1024,1792,0.082816,34034.2,0.435936,6465.56
768,1024,2048,0.089248,36093,0.452704,7115.52
768,1024,2304,0.10016,36180.9,0.466176,7773.63
768,1024,2560,0.110368,36482.8,0.465024,8658.76
768,1024,2816,0.119616,37028.4,0.477696,9271.97
768,1024,3072,0.128032,37739.3,0.45296,10667.3
768,1024,3328,0.139616,37492.1,0.518528,10094.9
768,1024,3584,0.149088,37810.9,0.536864,10500.1
768,1024,3840,0.1568,38519.1,0.498368,12119.2
768,1024,4096,0.16416,39245,0.585408,11005.1
768,1024,4352,0.173568,39437.6,0.449888,15215.1
768,1024,4608,0.185184,39138.1,0.45136,16057.6
768,1024,4864,0.197312,38773.2,0.488384,15664.7
768,1024,5120,0.205952,39101.7,0.454048,17736.2
768,1024,5376,0.212992,39699.7,0.51904,16291.1
768,1024,5632,0.223936,39557.6,0.608768,14551.3
768,1024,5888,0.232096,39901.7,0.61648,15022.4
768,1024,6144,0.242592,39835.1,0.516352,18715.3
768,1280,256,0.023296,21605.3,0.375136,1341.69
768,1280,512,0.031328,32132.1,0.355648,2830.42
768,1280,768,0.042272,35719.8,0.3392,4451.5
768,1280,1024,0.054464,36965.1,0.402432,5002.75
768,1280,1280,0.063808,39439.9,0.397248,6335.04
768,1280,1536,0.0744,40590,0.468032,6452.33
768,1280,1792,0.084256,41815.6,0.406528,8666.6
768,1280,2048,0.091008,44243.7,0.495872,8120.1
768,1280,2304,0.1032,43893.9,0.449824,10070.3
768,1280,2560,0.112832,44607.6,0.482976,10421.1
768,1280,2816,0.121088,45722.8,0.473216,11699.7
768,1280,3072,0.130752,46192.8,0.490272,12319.3
768,1280,3328,0.141536,46229.3,0.485568,13475.2
768,1280,3584,0.151232,46593.5,0.510688,13797.9
768,1280,3840,0.16048,47044.8,0.511744,14753
768,1280,4096,0.162592,49529.3,0.564928,14255
768,1280,4352,0.177248,48273.5,0.569472,15025.1
768,1280,4608,0.189664,47767.1,0.522624,17335
768,1280,4864,0.196544,48655.8,0.56512,16922.1
768,1280,5120,0.2104,47843.8,0.587968,17120.5
768,1280,5376,0.216576,48803.4,0.541184,19530.6
768,1280,5632,0.224224,49383.5,0.556192,19908.5
768,1280,5888,0.234368,49393.6,0.56944,20329.2
768,1280,6144,0.244128,49480.6,0.557696,21659.8
768,1536,256,0.023616,25575,0.34144,1768.92
768,1536,512,0.033536,36019.8,0.363072,3327.05
768,1536,768,0.042816,42319.2,0.364768,4967.37
768,1536,1024,0.054176,44593.9,0.40112,6022.93
768,1536,1280,0.066048,45722.8,0.487168,6198.89
768,1536,1536,0.074752,48478.7,0.396288,9144.56
768,1536,1792,0.086912,48645.3,0.401216,10537.6
768,1536,2048,0.09024,53544.3,0.512224,9433.06
768,1536,2304,0.103552,52493.6,0.517792,10498.1
768,1536,2560,0.111808,54019.4,0.469952,12851.9
768,1536,2816,0.122368,54293.4,0.542432,12248.1
768,1536,3072,0.135744,53392.8,0.514176,14095.9
768,1536,3328,0.141856,55350.1,0.546496,14367.4
768,1536,3584,0.15216,55571.2,0.505024,16743.2
768,1536,3840,0.160288,56521.4,0.564416,16051.5
768,1536,4096,0.16464,58695.8,0.492672,19614.8
768,1536,4352,0.178432,57543.8,0.552064,18598.7
768,1536,4608,0.18832,57729.6,0.564992,19242.1
768,1536,4864,0.198432,57831.5,0.57248,20045.4
768,1536,5120,0.210624,57351.5,0.610208,19795.9
768,1536,5376,0.221088,57368.9,0.625568,20275.3
768,1536,5632,0.226656,58624.3,0.598048,22218.2
768,1536,5888,0.235168,59070.7,0.588448,23607.1
768,1536,6144,0.246208,58875.1,0.592864,24450
768,1792,256,0.03424,20579.5,0.339552,2075.21
768,1792,512,0.047936,29399.3,0.39616,3557.37
768,1792,768,0.061632,34299.2,0.390624,5411.67
768,1792,1024,0.074976,37593,0.409984,6874.83
768,1792,1280,0.091712,38416.1,0.513888,6856
768,1792,1536,0.105248,40170.4,0.4832,8749.71
768,1792,1792,0.119232,41368.9,0.46256,10663.5
768,1792,2048,0.135808,41508.2,0.489536,11515.3
768,1792,2304,0.148384,42739,0.495744,12792.5
768,1792,2560,0.166272,42378.9,0.505472,13940.3
768,1792,2816,0.177568,43651.3,0.50672,15296.6
768,1792,3072,0.194688,43432.1,0.558048,15152.3
768,1792,3328,0.209408,43744.1,0.552736,16572.8
768,1792,3584,0.223456,44147.4,0.548384,17989.2
768,1792,3840,0.241376,43789.1,0.563008,18773.5
768,1792,4096,0.250208,45059.7,0.602272,18719.6
768,1792,4352,0.269376,44469.2,0.628608,19056.3
768,1792,4608,0.282368,44918.6,0.588032,21569.5
768,1792,4864,0.296384,45171.9,0.651968,20535.1
768,1792,5120,0.314432,44820.1,0.634752,22202.2
768,1792,5376,0.325856,45411.2,0.614048,24098.3
768,1792,5632,0.340704,45500.3,0.697088,22238.4
768,1792,5888,0.354336,45738.5,0.633248,25593.1
768,1792,6144,0.3712,45558.8,0.684352,24711.6
768,2048,256,0.032352,24892,0.424544,1896.87
768,2048,512,0.046656,34521,0.385632,4176.55
768,2048,768,0.060864,39693.7,0.37632,6419.85
768,2048,1024,0.07456,43203.1,0.388928,8282.32
768,2048,1280,0.089376,45051.6,0.42112,9561.48
768,2048,1536,0.103584,46646.6,0.431904,11187.3
768,2048,1792,0.119232,47278.8,0.453856,12420.6
768,2048,2048,0.134432,47923.5,0.47984,13426.2
768,2048,2304,0.148416,48834.1,0.496256,14604.9
768,2048,2560,0.164384,48989.3,0.503648,15989.5
768,2048,2816,0.176544,50176.6,0.538176,16460
768,2048,3072,0.194368,49718.5,0.500768,19297.7
768,2048,3328,0.21152,49494.1,0.535104,19564.4
768,2048,3584,0.22144,50913.5,0.550304,20487.4
768,2048,3840,0.235808,51226.4,0.573184,21074.6
768,2048,4096,0.250144,51509.9,0.565056,22802.9
768,2048,4352,0.26528,51606.6,0.57984,23610.3
768,2048,4608,0.278496,52049.3,0.589152,24604
768,2048,4864,0.296128,51669.6,0.584256,26188.6
768,2048,5120,0.309184,52092.4,0.648736,24826.9
768,2048,5376,0.322272,52475.7,0.56688,29832.5
768,2048,5632,0.337792,52448.7,0.615328,28792.4
768,2048,5888,0.351104,52753.7,0.657408,28174.4
768,2048,6144,0.36768,52565.7,0.646656,29888.2
768,2304,256,0.033664,26912.1,0.393216,2304
768,2304,512,0.04736,38258.9,0.41744,4340.6
768,2304,768,0.062272,43645.8,0.399072,6810.57
768,2304,1024,0.076704,47245,0.401024,9036.56
768,2304,1280,0.091488,49513,0.424992,10658.7
768,2304,1536,0.104672,51931.9,0.449472,12093.8
768,2304,1792,0.119232,53188.6,0.461696,13735.9
768,2304,2048,0.134848,53747.6,0.463296,15643.9
768,2304,2304,0.1496,54503.5,0.489856,16645.2
768,2304,2560,0.165856,54623.9,0.569024,15921.5
768,2304,2816,0.178336,55881.4,0.539424,18474.6
768,2304,3072,0.193408,56210.9,0.607616,17892.3
768,2304,3328,0.208416,56510.1,0.591264,19919.4
768,2304,3584,0.220864,57427.1,0.564448,22470.8
768,2304,3840,0.238976,56865.7,0.579264,23460
768,2304,4096,0.248736,58276.7,0.590688,24540.1
768,2304,4352,0.268352,57392.8,0.598208,25746
768,2304,4608,0.281536,57923.2,0.628864,25931.6
768,2304,4864,0.293664,58616,0.641472,26834.3
768,2304,5120,0.312896,57908.7,0.631776,28680.1
768,2304,5376,0.327072,58168.7,0.667584,28498.8
768,2304,5632,0.338144,58943.3,0.668832,29800.2
768,2304,5888,0.352928,59041.2,0.695744,29949.7
768,2304,6144,0.372448,58379.3,0.725632,29964.6
768,2560,256,0.033056,30452.4,0.351808,2861.31
768,2560,512,0.047424,42452.5,0.37824,5322.72
768,2560,768,0.061216,49331.9,0.36944,8174.26
768,2560,1024,0.07632,52758.5,0.508512,7918.26
768,2560,1280,0.091264,55149.5,0.448992,11209.9
768,2560,1536,0.104128,58003.6,0.447232,13504.8
768,2560,1792,0.119104,59162,0.504352,13971.3
768,2560,2048,0.13328,60422.1,0.460256,17496.9
768,2560,2304,0.146912,61667.5,0.4944,18324.6
768,2560,2560,0.161408,62365.7,0.520064,19355.9
768,2560,2816,0.178016,62202.1,0.550176,20126.2
768,2560,3072,0.191136,63199,0.610144,19797.9
768,2560,3328,0.205088,63807.9,0.565888,23125.1
768,2560,3584,0.220704,63854.1,0.57296,24596.6
768,2560,3840,0.232832,64851.5,0.58368,25869.5
768,2560,4096,0.246656,65297.9,0.579968,27770.7
768,2560,4352,0.264608,64672.1,0.601792,28436.3
768,2560,4608,0.276832,65452.7,0.61152,29630.1
768,2560,4864,0.293088,65256.9,0.655904,29159.8
768,2560,5120,0.310976,64740.2,0.67216,29952.2
768,2560,5376,0.321184,65816.8,0.679904,31091.6
768,2560,5632,0.335008,66105.7,0.691968,32004.3
768,2560,5888,0.349696,66207.7,0.6472,35773.4
768,2560,6144,0.372096,64927.3,0.688608,35084.1
768,2816,256,0.031808,34811.9,0.395168,2802.09
768,2816,512,0.047296,46824.1,0.359712,6156.57
768,2816,768,0.063072,52668.2,0.436384,7612.31
768,2816,1024,0.078176,56656.6,0.557952,7938.29
768,2816,1280,0.092384,59929,0.46576,11887
768,2816,1536,0.1056,62914.6,0.535104,12415.9
768,2816,1792,0.119872,64661.3,0.44112,17571.3
768,2816,2048,0.135168,65536,0.462752,19142.8
768,2816,2304,0.149376,66715.3,0.514432,19372.2
768,2816,2560,0.166336,66569.8,0.541408,20452.2
768,2816,2816,0.17888,68091.8,0.633216,19235.6
768,2816,3072,0.193376,68713.6,0.623872,21298.5
768,2816,3328,0.207168,69484,0.624384,23054.5
768,2816,3584,0.223392,69394.4,0.623456,24864.9
768,2816,3840,0.238752,69567.8,0.695232,23890.5
768,2816,4096,0.252096,70277.8,0.72384,24476
768,2816,4352,0.266496,70635.3,0.636096,29593.1
768,2816,4608,0.281152,70891.7,0.706624,28206.4
768,2816,4864,0.294592,71416.2,0.659008,31924.7
768,2816,5120,0.317056,69848.6,0.770624,28737.7
768,2816,5376,0.328384,70811.1,0.735488,31616
768,2816,5632,0.338752,71912.5,0.76464,31858.8
768,2816,5888,0.352864,72174.6,0.73584,34610.5
768,2816,6144,0.373984,71059.5,0.786336,33796.1
768,3072,256,0.034368,35147.8,0.365504,3304.91
768,3072,512,0.048864,49441.7,0.383072,6306.7
768,3072,768,0.063712,56879.1,0.427136,8484.13
768,3072,1024,0.07808,61883.2,0.455136,10616.3
768,3072,1280,0.094144,64154.9,0.474304,12734
768,3072,1536,0.107584,67368.4,0.453088,15996.4
768,3072,1792,0.122784,68866.6,0.527008,16044.8
768,3072,2048,0.1336,72332.9,0.545696,17708.9
768,3072,2304,0.151104,71948,0.552576,19674.5
768,3072,2560,0.167072,72301.7,0.630528,19157.9
768,3072,2816,0.180576,73584.3,0.603168,22029.6
768,3072,3072,0.196224,73872.3,0.609824,23770
768,3072,3328,0.208544,75300.5,0.668064,23505.9
768,3072,3584,0.223296,75735.5,0.600736,28151.2
768,3072,3840,0.239904,75527.7,0.632992,28625
768,3072,4096,0.252288,76608.3,0.644256,29999.5
768,3072,4352,0.269888,76088.3,0.733824,27984
768,3072,4608,0.280608,77486.3,0.724096,30028.2
768,3072,4864,0.295968,77546.3,0.71552,32076.3
768,3072,5120,0.318016,75968.5,0.720576,33527.6
768,3072,5376,0.327296,77505.2,0.752576,33707.1
768,3072,5632,0.340544,78037.2,0.76176,34886.5
768,3072,5888,0.352768,78757.3,0.746144,37235.5
768,3072,6144,0.370016,78350.7,0.761472,38072.4
768,3328,256,0.036032,36318.4,0.401152,3262.16
768,3328,512,0.050816,51504.4,0.409632,6389.26
768,3328,768,0.066016,59468.4,0.408096,9619.96
768,3328,1024,0.079456,65879.1,0.46016,11375.4
768,3328,1280,0.095136,68776.4,0.44992,14542.8
768,3328,1536,0.108288,72507.9,0.45952,17086.8
768,3328,1792,0.12352,74160.9,0.465088,19696
768,3328,2048,0.136096,76923.5,0.523936,19981.4
768,3328,2304,0.151936,77516.9,0.544448,21632.2
768,3328,2560,0.169504,77203.1,0.574368,22783.7
768,3328,2816,0.179808,80056.8,0.589312,24426.5
768,3328,3072,0.197504,79509.7,0.580768,27039.2
768,3328,3328,0.212,80245.7,0.628,27089.3
768,3328,3584,0.223552,81952.8,0.609728,30047.4
768,3328,3840,0.2408,81517.2,0.653664,30029.7
768,3328,4096,0.253984,82438.1,0.68368,30625.4
768,3328,4352,0.267168,83268.2,0.669856,33211
768,3328,4608,0.281472,83685.8,0.645984,36464.1
768,3328,4864,0.296032,83990.4,0.724064,34339.3
768,3328,5120,0.316128,82790.7,0.719744,36363.6
768,3328,5376,0.325536,84417.9,0.737056,37284.9
768,3328,5632,0.340096,84651.7,0.782464,36793.6
768,3328,5888,0.355968,84553.5,0.747328,40274.6
768,3328,6144,0.369056,85100.8,0.813632,38600.9
768,3584,256,0.050272,28033.2,0.399552,3527.17
768,3584,512,0.073984,38097.1,0.426528,6608.18
768,3584,768,0.098176,43064.1,0.398592,10607
768,3584,1024,0.121952,46224.3,0.479904,11746.4
768,3584,1280,0.147072,47911.4,0.50528,13945.6
768,3584,1536,0.16896,50045.7,0.535296,15796.3
768,3584,1792,0.194176,50804.4,0.530784,18585.7
768,3584,2048,0.214496,52561.8,0.578976,19472.8
768,3584,2304,0.24416,51947.8,0.633088,20034.5
768,3584,2560,0.271808,51848.6,0.69776,20197.3
768,3584,2816,0.28992,53470.4,0.690336,22455.9
768,3584,3072,0.318624,53076.5,0.679232,24897.9
768,3584,3328,0.341472,53652.2,0.69584,26328.9
768,3584,3584,0.364928,54065.5,0.731136,26985.4
768,3584,3840,0.38928,54303.6,0.768608,27503.3
768,3584,4096,0.40176,56124.5,0.78288,28802.1
768,3584,4352,0.433984,55204.5,0.808384,29636.7
768,3584,4608,0.456704,55544,0.789376,32135.7
768,3584,4864,0.480576,55717.4,0.813856,32900.7
768,3584,5120,0.510336,55229.7,0.876192,32168.4
768,3584,5376,0.527552,56098.8,0.848288,34887.9
768,3584,5632,0.55392,55972.5,0.867264,35749.5
768,3584,5888,0.575104,56361.3,0.877824,36924.9
768,3584,6144,0.600832,56293.4,0.923936,36607.4
768,3840,256,0.050176,30093.1,0.357504,4223.59
768,3840,512,0.077056,39191,0.431264,7002.44
768,3840,768,0.102688,44112.7,0.460608,9834.5
768,3840,1024,0.126656,47686.6,0.473824,12746.9
768,3840,1280,0.157504,47933.7,0.520608,14501.8
768,3840,1536,0.179424,50493.2,0.549184,16496.7
768,3840,1792,0.203296,51991.4,0.562176,18801.3
768,3840,2048,0.219488,55035.3,0.606816,19906.5
768,3840,2304,0.253888,53525.7,0.639552,21248.5
768,3840,2560,0.278976,54124.7,0.6496,23244.3
768,3840,2816,0.296384,56040.3,0.685536,24228.4
768,3840,3072,0.331648,54634.4,0.70464,25714.4
768,3840,3328,0.346944,56577.8,0.656832,29884.9
768,3840,3584,0.374112,56505.2,0.735584,28738.1
768,3840,3840,0.397856,56928.2,0.7336,30874.1
768,3840,4096,0.409728,58964,0.775456,31154.8
768,3840,4352,0.44432,57771.7,0.832512,30833.4
768,3840,4608,0.467456,58142.6,0.801408,33914.2
768,3840,4864,0.493248,58163.5,0.805824,35602.1
768,3840,5120,0.522304,57818.8,0.777664,38833
768,3840,5376,0.539264,58800.4,0.80672,39306
768,3840,5632,0.563712,58928.8,0.88176,37673.4
768,3840,5888,0.587232,59139.9,0.869856,39924.8
768,3840,6144,0.607936,59609.5,0.925856,39140.8
768,4096,256,0.054048,29799.7,0.482272,3339.64
768,4096,512,0.079328,40606.4,0.399104,8071.14
768,4096,768,0.109376,44176.4,0.380064,12713.2
768,4096,1024,0.133344,48314.5,0.487808,13206.9
768,4096,1280,0.160064,50311.5,0.525056,15337.5
768,4096,1536,0.188192,51350.1,0.568576,16996.3
768,4096,1792,0.210784,53487.4,0.642784,17539.8
768,4096,2048,0.221088,58279.5,0.616928,20885.6
768,4096,2304,0.258528,56069.4,0.67744,21397.5
768,4096,2560,0.284704,56571.5,0.72048,22354.7
768,4096,2816,0.302944,58481.9,0.726272,24394.1
768,4096,3072,0.352384,54847.4,0.75824,25489.8
768,4096,3328,0.358176,58457.2,0.714336,29311.1
768,4096,3584,0.3832,58842.8,0.820736,27473.6
768,4096,3840,0.413344,58448.1,0.732256,32992.8
768,4096,4096,0.421888,61082.1,0.755744,34098.6
768,4096,4352,0.458144,59763.8,0.735872,37208.1
768,4096,4608,0.478304,60612.1,0.780928,37123.8
768,4096,4864,0.505024,60594.4,0.787936,38837.7
768,4096,5120,0.54496,59109.4,0.825312,39030.4
768,4096,5376,0.552672,61198.8,0.831616,40671.3
768,4096,5632,0.577216,61386.9,0.885344,40022.3
768,4096,5888,0.603168,61415.9,0.878624,42161.5
768,4096,6144,0.623424,62003.9,0.922464,41903.8
768,4352,256,0.05408,31643.4,0.396128,4320.01
768,4352,512,0.077856,43960,0.375008,9126.61
768,4352,768,0.112928,45461.1,0.504608,10173.9
768,4352,1024,0.130272,52544.7,0.500192,13685
768,4352,1280,0.162912,52521.5,0.52816,16200.4
768,4352,1536,0.187648,54717.6,0.546688,18781.6
768,4352,1792,0.210688,56856.3,0.555168,21577.1
768,4352,2048,0.223264,61318.5,0.646624,21171.8
768,4352,2304,0.261824,58823.8,0.625568,24620
768,4352,2560,0.28624,59784.7,0.613568,27890.6
768,4352,2816,0.303648,61993,0.638848,29465.6
768,4352,3072,0.362752,56609.8,0.647456,31716.9
768,4352,3328,0.361984,61457.4,0.727872,30563.9
768,4352,3584,0.38704,61900.2,0.719968,33276.3
768,4352,3840,0.41312,62134.8,0.730624,35133.2
768,4352,4096,0.426464,64203.3,0.755232,36254.3
768,4352,4352,0.461216,63076.1,0.849536,34244.2
768,4352,4608,0.481376,63989.4,0.91696,33592.5
768,4352,4864,0.50464,64430.6,0.894848,36334.9
768,4352,5120,0.628864,54424.4,0.89536,38225.4
768,4352,5376,0.574944,62504.9,0.950944,37790.7
768,4352,5632,0.581184,64778.2,1.05146,35805.7
768,4352,5888,0.707008,55670.3,1.00282,39248.8
768,4352,6144,0.736992,55727.4,1.01882,40312.1
768,4608,256,0.054432,33288.1,0.39664,4568.22
768,4608,512,0.080544,44992.5,0.41424,8748.26
768,4608,768,0.111808,48617.4,0.55152,9856.07
768,4608,1024,0.133216,54406.1,0.519584,13949.2
768,4608,1280,0.162592,55720.4,0.51056,17744.6
768,4608,1536,0.191808,56679.8,0.570624,19052.2
768,4608,1792,0.211648,59927.7,0.567072,22366.8
768,4608,2048,0.263744,54960.5,0.587712,24664.3
768,4608,2304,0.263104,61981,0.676288,24113.2
768,4608,2560,0.322688,56151.4,0.64688,28010.4
768,4608,2816,0.30752,64813.1,0.637728,31253.7
768,4608,3072,0.38848,55970.1,0.712064,30535.6
768,4608,3328,0.361344,65187.8,0.785024,30005.7
768,4608,3584,0.385248,65846.3,0.79616,31861.9
768,4608,3840,0.472896,57473.7,0.812704,33442.8
768,4608,4096,0.499232,58071.3,0.818048,35439.3
768,4608,4352,0.46224,66638.5,0.854048,36067
768,4608,4608,0.489664,66606.7,0.902528,36137.3
768,4608,4864,0.58256,59095.8,0.926624,37153
768,4608,5120,0.633632,57192.2,0.998528,36292.2
768,4608,5376,0.64368,59114.4,0.970176,39220.4
768,4608,5632,0.672224,59299.7,1.00928,39496.1
768,4608,5888,0.611328,68170.6,0.996672,41813.8
768,4608,6144,0.733088,59319.7,1.02016,42627.2
768,4864,256,0.063392,30171,0.358304,5337.93
768,4864,512,0.090784,42135.2,0.426112,8976.99
768,4864,768,0.120128,47764.1,0.502688,11414.3
768,4864,1024,0.147296,51939,0.456544,16757.2
768,4864,1280,0.181088,52808.7,0.528064,18109.6
768,4864,1536,0.207584,55281.8,0.535936,21412.3
768,4864,1792,0.237408,56393.3,0.583232,22955.2
768,4864,2048,0.263264,58119.7,0.610912,25045.9
768,4864,2304,0.299744,57427.1,0.624736,27553.1
768,4864,2560,0.328576,58208.8,0.668224,28622.2
768,4864,2816,0.35088,59959.6,0.650944,32320.2
768,4864,3072,0.403808,56837,0.713728,32156.8
768,4864,3328,0.414208,60027.4,0.780704,31848
768,4864,3584,0.43968,60899.8,0.756416,35399.1
768,4864,3840,0.475904,60283.3,0.828224,34639.2
768,4864,4096,0.496192,61673,0.840224,36420.8
768,4864,4352,0.53552,60715.3,0.880448,36929.2
768,4864,4608,0.488064,70537.6,0.91024,37821.7
768,4864,4864,0.589568,61637.4,0.929984,39075.4
768,4864,5120,0.625344,61169.6,0.964128,39675.3
768,4864,5376,0.647616,62019.2,0.947008,42412.2
768,4864,5632,0.681248,61765,0.948608,44356.8
768,4864,5888,0.707808,62149.4,1.01363,43398.3
768,4864,6144,0.734976,62454.4,1.08525,42296.7
768,5120,256,0.056448,35665.8,0.3856,5221.13
768,5120,512,0.0904,44541.3,0.413216,9744.38
768,5120,768,0.124672,48445.5,0.493984,12226.7
768,5120,1024,0.152928,52659.2,0.481312,16731.5
768,5120,1280,0.18,55924.1,0.545568,18451.1
768,5120,1536,0.20768,58164.5,0.554464,21786.1
768,5120,1792,0.239392,58869.4,0.59264,23779.8
768,5120,2048,0.266496,60436.7,0.632192,25476.6
768,5120,2304,0.295936,61227.4,0.580768,31199
768,5120,2560,0.331072,60810.5,0.603648,33351.7
768,5120,2816,0.353952,62567.6,0.69616,31811.5
768,5120,3072,0.403488,59875.9,0.706304,34205.1
768,5120,3328,0.416352,62861.4,0.722176,36241.1
768,5120,3584,0.444992,63339.8,0.756352,37265.4
768,5120,3840,0.482112,62638.9,0.751968,40159.9
768,5120,4096,0.49808,64672.9,0.834944,38580.1
768,5120,4352,0.540032,63376.8,0.897952,38115.1
768,5120,4608,0.562464,64428.6,0.897696,40368.7
768,5120,4864,0.59888,63872.7,0.900256,42490.2
768,5120,5120,0.635072,63402.8,0.943296,42685.8
768,5120,5376,0.6552,64527.8,0.962592,43921.6
768,5120,5632,0.682304,64915.1,1.01072,43822.1
768,5120,5888,0.712448,64994.4,1.04422,44344
768,5120,6144,0.739296,65357.3,1.0441,46277.7
768,5376,256,0.064672,32686.9,0.40864,5173.08
768,5376,512,0.091584,46163.7,0.438496,9641.73
768,5376,768,0.1232,51475.5,0.469632,13503.7
768,5376,1024,0.152672,55384.9,0.491008,17221.1
768,5376,1280,0.19088,55373.3,0.537696,19657.3
768,5376,1536,0.219552,57770.3,0.506784,25027.6
768,5376,1792,0.245056,60384.2,0.600064,24659.9
768,5376,2048,0.266368,63489,0.592928,28521.9
768,5376,2304,0.301696,63061.4,0.634144,30001.6
768,5376,2560,0.339136,62332.8,0.79824,26482.4
768,5376,2816,0.35568,65376.8,0.810656,28684.4
768,5376,3072,0.414432,61209.4,0.78944,32133.1
768,5376,3328,0.425024,64657.7,0.73536,37370.9
768,5376,3584,0.450176,65741,0.931104,31784.9
768,5376,3840,0.494336,64144.5,0.926272,34232.9
768,5376,4096,0.505152,66955.8,1.02931,32859.7
768,5376,4352,0.553952,64873.5,0.898176,40010.9
768,5376,4608,0.570944,66645.3,0.904096,42087
768,5376,4864,0.605344,66350.1,0.916384,43829.5
768,5376,5120,0.654112,64635.1,0.953568,44337.3
768,5376,5376,0.664384,66817.6,0.964576,46022.8
768,5376,5632,0.688064,67590.3,0.996928,46649.8
768,5376,5888,0.72624,66948.1,1.01795,47762.9
768,5376,6144,0.752576,67414.2,1.00691,50386
768,5632,256,0.064576,34294.4,0.389024,5692.69
768,5632,512,0.093568,47336.5,0.421152,10516.8
768,5632,768,0.127872,51956.5,0.45312,14662.3
768,5632,1024,0.154464,57349.1,0.482144,18372.9
768,5632,1280,0.191872,57710.2,0.532416,20797.6
768,5632,1536,0.217248,61163.1,0.57968,22922.2
768,5632,1792,0.24592,63037.4,0.60736,25523.8
768,5632,2048,0.270112,65590.3,0.608544,29113.3
768,5632,2304,0.305824,65172.6,0.710112,28067.9
768,5632,2560,0.343552,64461.6,0.751616,29464.4
768,5632,2816,0.360704,67536,0.749792,32489.7
768,5632,3072,0.4128,64377.7,0.860064,30899
768,5632,3328,0.4304,66890.6,0.88816,32415
768,5632,3584,0.45728,67801.6,0.839904,36914.1
768,5632,3840,0.498752,66604,0.993408,33439.3
768,5632,4096,0.503456,70380.5,0.9592,36940.7
768,5632,4352,0.558016,67467.7,1.03117,36510.1
768,5632,4608,0.574816,69348.6,1.02941,38723.9
768,5632,4864,0.614304,68495.8,1.01286,41542.9
768,5632,5120,0.659776,67131.7,1.08029,41000
768,5632,5376,0.67504,68894.4,1.1465,40564
768,5632,5632,0.69824,69776.9,1.18227,41209.7
768,5632,5888,0.73584,69221.1,1.18368,43031.6
768,5632,6144,0.771392,68901.7,1.2184,43623
768,5888,256,0.065312,35449.2,0.41232,5615.19
768,5888,512,0.095392,48541.9,0.44208,10474.4
768,5888,768,0.127104,54646.3,0.504,13781.3
768,5888,1024,0.154368,59993.2,0.480128,19288.7
768,5888,1280,0.193632,59784.9,0.551936,20974
768,5888,1536,0.221952,62588,0.570368,24355.4
768,5888,1792,0.250208,64773.3,0.575904,28141.5
768,5888,2048,0.269024,68849,0.62336,29713.2
768,5888,2304,0.308192,67611.4,0.700128,29762.1
768,5888,2560,0.344096,67285.2,0.76544,30247.4
768,5888,2816,0.359072,70926.8,0.774016,32903.5
768,5888,3072,0.417856,66489.6,0.823584,33734.3
768,5888,3328,0.430432,69925.9,0.785856,38300.1
768,5888,3584,0.46032,70415.3,0.880576,36809.5
768,5888,3840,0.500608,69373.3,0.89968,38601.3
768,5888,4096,0.502368,73739,0.9072,40833.4
768,5888,4352,0.558304,70498.1,0.941696,41796.2
768,5888,4608,0.57872,72011.7,0.936224,44513.5
768,5888,4864,0.620864,70852.7,1.0007,43958.9
768,5888,5120,0.657792,70394.8,0.999744,46317
768,5888,5376,0.690496,70413.7,1.0273,47328.5
768,5888,5632,0.710048,71735.5,1.06294,47919.4
768,5888,5888,0.750336,70969.4,1.08128,49248
768,5888,6144,0.787328,70575.6,1.11267,49939.4
768,6144,256,0.062528,38637.4,0.39472,6120.59
768,6144,512,0.095552,50567.6,0.406656,11881.9
768,6144,768,0.128352,56467.8,0.455712,15904.2
768,6144,1024,0.156032,61933.9,0.481856,20055.1
768,6144,1280,0.192224,62841.2,0.52016,23222.8
768,6144,1536,0.224224,64647.5,0.545856,26555.6
768,6144,1792,0.248416,68077.1,0.569472,29696.7
768,6144,2048,0.272896,70823.1,0.620544,31145.8
768,6144,2304,0.308896,70390.3,0.708448,30691.4
768,6144,2560,0.345408,69943.9,0.758112,31867.6
768,6144,2816,0.362848,73240.3,0.78896,33683.7
768,6144,3072,0.415648,69749,0.82448,35162.8
768,6144,3328,0.43008,73025.8,0.816896,38446.7
768,6144,3584,0.456032,74167.7,0.808256,41846.7
768,6144,3840,0.50368,71948,0.862656,42008.4
768,6144,4096,0.506016,76390.3,0.948128,40769.5
768,6144,4352,0.557472,73673,0.817632,50231.2
768,6144,4608,0.582944,74598.2,0.838816,51842.8
768,6144,4864,0.613056,74874.8,0.929472,49385.5
768,6144,5120,0.647776,74591.2,0.979648,49322.2
768,6144,5376,0.681504,74444.6,0.93872,54046.3
768,6144,5632,0.699264,76008.8,0.954688,55672.9
768,6144,5888,0.728768,76246.7,1.05914,52463.6
768,6144,6144,0.773216,74988.2,1.05331,55047.4
1024,256,256,0.020224,6636.56,0.3656,367.116
1024,256,512,0.028608,9383.23,0.35952,746.65
1024,256,768,0.037568,10718,0.43616,923.178
1024,256,1024,0.044096,12175,0.391008,1373.04
1024,256,1280,0.052,12905.6,0.543744,1234.2
1024,256,1536,0.05872,13714.3,0.472896,1702.92
1024,256,1792,0.065984,14238.7,0.464064,2024.56
1024,256,2048,0.075104,14296.7,0.407392,2635.65
1024,256,2304,0.09472,12753,0.43376,2784.86
1024,256,2560,0.102912,13042,0.398368,3369.19
1024,256,2816,0.11504,12833.8,0.481216,3068.05
1024,256,3072,0.123008,13093.6,0.496576,3243.44
1024,256,3328,0.130208,13400.3,0.414208,4212.45
1024,256,3584,0.140832,13342.5,0.416288,4513.82
1024,256,3840,0.149728,13446.2,0.454976,4424.99
1024,256,4096,0.156192,13749,0.49232,4361.97
1024,256,4352,0.168672,13527.4,0.458048,4981.36
1024,256,4608,0.1784,13542.1,0.461376,5236.33
1024,256,4864,0.18752,13599.3,0.48016,5311.01
1024,256,5120,0.196992,13626.7,0.465312,5768.93
1024,256,5376,0.207136,13607.4,0.473088,5957.82
1024,256,5632,0.216544,13636,0.544384,5424.09
1024,256,5888,0.225408,13695.2,0.494048,6248.4
1024,256,6144,0.233664,13785.7,0.487232,6611.28
1024,512,256,0.022144,12122.3,0.3496,767.836
1024,512,512,0.02816,19065,0.386304,1389.76
1024,512,768,0.036704,21940.6,0.43904,1834.24
1024,512,1024,0.044608,24070.6,0.47248,2272.57
1024,512,1280,0.053056,25297.4,0.379776,3534.13
1024,512,1536,0.067936,23707.8,0.482336,3339.19
1024,512,1792,0.07776,24164.7,0.405248,4636.79
1024,512,2048,0.084832,25314.5,0.482528,4450.49
1024,512,2304,0.097248,24842.9,0.469536,5145.33
1024,512,2560,0.106368,25236.5,0.51792,5182.95
1024,512,2816,0.113824,25941.7,0.526528,5608.04
1024,512,3072,0.122528,26289.7,0.42672,7548.8
1024,512,3328,0.134944,25860.1,0.507904,6870.71
1024,512,3584,0.143328,26220.3,0.535648,7015.98
1024,512,3840,0.152288,26440.2,0.525312,7665.03
1024,512,4096,0.156352,27469.9,0.49072,8752.38
1024,512,4352,0.16912,26983.2,0.522272,8737.6
1024,512,4608,0.178976,26997.1,0.470304,10273.9
1024,512,4864,0.189792,26873,0.481696,10588.2
1024,512,5120,0.200608,26762.2,0.527648,10174.8
1024,512,5376,0.208,27101.7,0.567936,9925.67
1024,512,5632,0.217312,27175.6,0.498464,11847.6
1024,512,5888,0.227232,27170.5,0.5304,11640.3
1024,512,6144,0.235008,27413.8,0.634368,10155.7
1024,768,256,0.022944,17549.4,0.39168,1028.02
1024,768,512,0.028832,27931,0.345952,2327.8
1024,768,768,0.038656,31249,0.363648,3321.78
1024,768,1024,0.049952,32243.2,0.406912,3958.14
1024,768,1280,0.061088,32956.8,0.428928,4693.72
1024,768,1536,0.07104,34007.9,0.407808,5924.16
1024,768,1792,0.081344,34650,0.423424,6656.62
1024,768,2048,0.087552,36792.1,0.42096,7652.09
1024,768,2304,0.101024,35871.5,0.426304,8500.69
1024,768,2560,0.110016,36599.5,0.500544,8044.31
1024,768,2816,0.12032,36811.7,0.44928,9858.41
1024,768,3072,0.128896,37486.3,0.527136,9166.21
1024,768,3328,0.13824,37865.2,0.474336,11035.4
1024,768,3584,0.148928,37851.5,0.530016,10635.8
1024,768,3840,0.155456,38852.1,0.539712,11190.8
1024,768,4096,0.1624,39670.3,0.540992,11908.6
1024,768,4352,0.172896,39590.9,0.474816,14416.3
1024,768,4608,0.186528,38856.1,0.478688,15140.9
1024,768,4864,0.193696,39497,0.475296,16096.1
1024,768,5120,0.2056,39168.6,0.51632,15597
1024,768,5376,0.211296,40018.3,0.483296,17495.9
1024,768,5632,0.223744,39591.5,0.538688,16444.3
1024,768,5888,0.234368,39514.9,0.49216,18817.1
1024,768,6144,0.23888,40454.1,0.517888,18659.8
1024,1024,256,0.02384,22519.8,0.36352,1476.87
1024,1024,512,0.03152,34065.4,0.380352,2823.02
1024,1024,768,0.042336,38043.6,0.411296,3915.95
1024,1024,1024,0.052768,40696.7,0.403072,5327.79
1024,1024,1280,0.063968,41964,0.39344,6822.78
1024,1024,1536,0.075488,42672,0.429472,7500.43
1024,1024,1792,0.083552,44979.1,0.493472,7615.62
1024,1024,2048,0.087744,48948.8,0.404096,10628.6
1024,1024,2304,0.100608,48026.4,0.463136,10432.9
1024,1024,2560,0.111104,48321.5,0.483456,11104.9
1024,1024,2816,0.119072,49596.7,0.485344,12167.8
1024,1024,3072,0.129984,49563.4,0.483296,13330.2
1024,1024,3328,0.140672,49614.2,0.577472,12086
1024,1024,3584,0.147584,50928.2,0.548192,13710.9
1024,1024,3840,0.156448,51474.4,0.503456,15995.6
1024,1024,4096,0.16304,52686.1,0.526112,16327.2
1024,1024,4352,0.175584,51979.7,0.574848,15876.9
1024,1024,4608,0.18464,52337.9,0.554272,17434.9
1024,1024,4864,0.19264,52951.3,0.515456,19789.4
1024,1024,5120,0.206816,51917.7,0.536512,20013.4
1024,1024,5376,0.214464,52569.6,0.58592,19242
1024,1024,5632,0.22256,53069.6,0.579168,20393.3
1024,1024,5888,0.234208,52722.5,0.577184,21393.6
1024,1024,6144,0.241344,53388.1,0.542464,23752.5
1024,1280,256,0.025056,26783.5,0.339072,1979.19
1024,1280,512,0.034176,39272.5,0.329824,4069.37
1024,1280,768,0.044704,45035.5,0.407968,4934.86
1024,1280,1024,0.057024,47074.1,0.451424,5946.42
1024,1280,1280,0.06576,51025.6,0.426016,7876.33
1024,1280,1536,0.077312,52081.6,0.45184,8911.41
1024,1280,1792,0.087456,53714.1,0.518208,9065.12
1024,1280,2048,0.091392,58743.8,0.459072,11694.7
1024,1280,2304,0.1072,56341.4,0.519712,11621.4
1024,1280,2560,0.11872,56527,0.472832,14193
1024,1280,2816,0.12576,58698.9,0.46736,15795.1
1024,1280,3072,0.137856,58416.5,0.500704,16083.5
1024,1280,3328,0.147104,59306,0.549856,15866.2
1024,1280,3584,0.156288,60114.9,0.54592,17209.9
1024,1280,3840,0.166656,60401.8,0.492096,20456
1024,1280,4096,0.167936,63937.6,0.513312,20917.9
1024,1280,4352,0.184576,61809.3,0.58992,19339.1
1024,1280,4608,0.196416,61500.1,0.563712,21428.7
1024,1280,4864,0.205792,61959.1,0.53664,23760.2
1024,1280,5120,0.22048,60875.2,0.587008,22864.7
1024,1280,5376,0.2248,62690.7,0.569824,24732
1024,1280,5632,0.236992,62297.3,0.564096,26172.8
1024,1280,5888,0.241056,64030.9,0.634112,24341.2
1024,1280,6144,0.253824,63453.9,0.617472,26084
1024,1536,256,0.035296,22815.8,0.39328,2047.67
1024,1536,512,0.046912,34332.6,0.42816,3761.71
1024,1536,768,0.06336,38130,0.4136,5841.2
1024,1536,1024,0.0768,41943,0.441344,7298.67
1024,1536,1280,0.092288,43630.1,0.445984,9028.42
1024,1536,1536,0.106368,45425.7,0.428416,11278.4
1024,1536,1792,0.119808,47051.5,0.526176,10713.4
1024,1536,2048,0.135488,47550,0.590912,10902.6
1024,1536,2304,0.149376,48520.2,0.489248,14814.1
1024,1536,2560,0.163552,49238.6,0.525792,15316.1
1024,1536,2816,0.177152,50004.3,0.499392,17738.3
1024,1536,3072,0.19248,50206.1,0.512768,18846.1
1024,1536,3328,0.20768,50409.2,0.54848,19087.3
1024,1536,3584,0.2216,50876.8,0.551136,20456.5
1024,1536,3840,0.238752,50594.7,0.552224,21874.4
1024,1536,4096,0.251776,51176.1,0.564512,22824.8
1024,1536,4352,0.267168,51241.9,0.546144,25067
1024,1536,4608,0.2824,51329.7,0.605472,23940.8
1024,1536,4864,0.29456,51944.7,0.594144,25752.7
1024,1536,5120,0.314816,51160.4,0.604096,26661.5
1024,1536,5376,0.324768,52072.4,0.620032,27275.1
1024,1536,5632,0.33856,52329.7,0.715936,24746.3
1024,1536,5888,0.353344,52419.3,0.637792,29040.9
1024,1536,6144,0.369888,52251.9,0.671776,28770.5
1024,1792,256,0.033376,28149.7,0.350784,2678.36
1024,1792,512,0.048864,38454.7,0.371328,5060.35
1024,1792,768,0.062368,45192.6,0.410976,6858.24
1024,1792,1024,0.076672,49015.2,0.4144,9068.77
1024,1792,1280,0.091136,51545.2,0.446272,10526.4
1024,1792,1536,0.104928,53723.9,0.497408,11333
1024,1792,1792,0.119552,55010.9,0.450112,14611.2
1024,1792,2048,0.134656,55817.7,0.536448,14011
1024,1792,2304,0.149216,56667.6,0.548352,15420.2
1024,1792,2560,0.163296,57535,0.525184,17889.4
1024,1792,2816,0.17728,58296.3,0.549952,18792.1
1024,1792,3072,0.193472,58273.5,0.540256,20868.4
1024,1792,3328,0.206368,59184.6,0.576416,21189.2
1024,1792,3584,0.219264,59988.6,0.571456,23017.2
1024,1792,3840,0.237728,59281.5,0.604832,23300.5
1024,1792,4096,0.250464,60018.2,0.603744,24898.6
1024,1792,4352,0.265024,60265.9,0.613312,26042.1
1024,1792,4608,0.278304,60766,0.642976,26301.8
1024,1792,4864,0.291968,61140.1,0.61152,29191.1
1024,1792,5120,0.310816,60455.3,0.66592,28217.3
1024,1792,5376,0.32064,61533.2,0.652832,30222.2
1024,1792,5632,0.335648,61581,0.647744,31910
1024,1792,5888,0.350304,61686.6,0.679168,31817
1024,1792,6144,0.367072,61428.2,0.696608,32369.1
1024,2048,256,0.034208,31388.6,0.37712,2847.22
1024,2048,512,0.047392,45313.2,0.353088,6082.01
1024,2048,768,0.06256,51490.2,0.446144,7220.15
1024,2048,1024,0.076384,56228.6,0.41776,10280.9
1024,2048,1280,0.090016,59641.7,0.47856,11218.5
1024,2048,1536,0.10512,61286.6,0.426368,15110.1
1024,2048,1792,0.11856,63395.7,0.449472,16722.3
1024,2048,2048,0.132416,64870.8,0.496128,17313.9
1024,2048,2304,0.147712,65422.4,0.512032,18873.2
1024,2048,2560,0.161696,66405,0.501056,21429.6
1024,2048,2816,0.175616,67255.6,0.516864,22851.6
1024,2048,3072,0.191424,67310.8,0.5288,24366.3
1024,2048,3328,0.206496,67597.6,0.55552,25127.2
1024,2048,3584,0.2192,68578.4,0.562272,26735.1
1024,2048,3840,0.233984,68834.3,0.534528,30131.5
1024,2048,4096,0.246368,69732.5,0.5952,28864
1024,2048,4352,0.262208,69615,0.659168,27691.9
1024,2048,4608,0.27776,69582.9,0.668128,28927.6
1024,2048,4864,0.291072,70089.5,0.6976,29244.7
1024,2048,5120,0.307584,69817.8,0.682944,31444.5
1024,2048,5376,0.333504,67611.1,0.70656,31913.2
1024,2048,5632,0.332224,71103.6,0.694208,34027.7
1024,2048,5888,0.347424,71083.4,0.738976,33419.3
1024,2048,6144,0.360672,71449.4,0.744032,34635.3
1024,2304,256,0.034752,34759.4,0.323712,3731.59
1024,2304,512,0.049376,48929,0.393376,6141.5
1024,2304,768,0.062624,57867.2,0.38928,9309.18
1024,2304,1024,0.078016,61933.9,0.419552,11516.7
1024,2304,1280,0.093216,64793.6,0.405888,14880.5
1024,2304,1536,0.10688,67812.1,0.4408,16442.3
1024,2304,1792,0.12048,70183.6,0.494816,17088.6
1024,2304,2048,0.135424,71358.7,0.482784,20016.6
1024,2304,2304,0.14944,72749.2,0.483552,22482.9
1024,2304,2560,0.165632,72930.3,0.523584,23071
1024,2304,2816,0.177664,74790.4,0.489216,27160.9
1024,2304,3072,0.19312,75059.6,0.543616,26665
1024,2304,3328,0.209952,74795.5,0.513056,30607.7
1024,2304,3584,0.221568,76326.2,0.552224,30624.2
1024,2304,3840,0.238208,76065.4,0.59504,30450.7
1024,2304,4096,0.256352,75393.8,0.582944,33154.7
1024,2304,4352,0.26816,76578.6,0.625984,32804.9
1024,2304,4608,0.280832,77424.5,0.61696,35242.6
1024,2304,4864,0.293184,78282.7,0.635264,36128.7
1024,2304,5120,0.312832,77227.4,0.646336,37378.7
1024,2304,5376,0.324416,78193.3,0.66064,38397.8
1024,2304,5632,0.335936,79107.7,0.697056,38124.8
1024,2304,5888,0.34992,79398.3,0.655328,42395.7
1024,2304,6144,0.36816,78745.7,0.722976,40099.6
1024,2560,256,0.03712,36157.8,0.43392,3093.14
1024,2560,512,0.050272,53396.6,0.438912,6115.93
1024,2560,768,0.065632,61350.1,0.40512,9939.11
1024,2560,1024,0.078944,68006.6,0.491008,10934.1
1024,2560,1280,0.093824,71526.3,0.425088,15787.1
1024,2560,1536,0.108672,74104.3,0.458016,17582.5
1024,2560,1792,0.122496,76698.3,0.484224,19402.7
1024,2560,2048,0.135584,79193.8,0.468,22943.2
1024,2560,2304,0.15328,78807.4,0.542368,22272
1024,2560,2560,0.165728,80986.8,0.522624,25681.5
1024,2560,2816,0.179328,82329.3,0.551712,26760.2
1024,2560,3072,0.194656,82741.5,0.570944,28209.6
1024,2560,3328,0.20832,83757.2,0.576928,30243.5
1024,2560,3584,0.22224,84550.4,0.586368,32045.5
1024,2560,3840,0.23728,84847.7,0.576224,34938.9
1024,2560,4096,0.24976,85981.9,0.599584,35816.2
1024,2560,4352,0.26448,86271.2,0.622816,36635.2
1024,2560,4608,0.278528,86738.8,0.622656,38800.2
1024,2560,4864,0.293216,86971.3,0.637696,39989.8
1024,2560,5120,0.308352,87054.9,0.638976,42010.3
1024,2560,5376,0.321376,87703.3,0.677088,41627.9
1024,2560,5632,0.335136,88107.2,0.675552,43709.3
1024,2560,5888,0.350112,88172,0.71504,43172.5
1024,2560,6144,0.36592,88030.9,0.678112,47502.9
1024,2816,256,0.050624,29163.9,0.390176,3783.92
1024,2816,512,0.073984,39911.2,0.417024,7080.62
1024,2816,768,0.100608,44024.2,0.501088,8839.14
1024,2816,1024,0.12416,47564.3,0.53056,11130.8
1024,2816,1280,0.152096,48535,0.58144,12696
1024,2816,1536,0.177408,49932.2,0.52848,16762
1024,2816,1792,0.199456,51814.8,0.619008,16695.7
1024,2816,2048,0.218944,53946,0.591616,19964.2
1024,2816,2304,0.248288,53516.7,0.65472,20295
1024,2816,2560,0.274528,53779.4,0.672832,21943
1024,2816,2816,0.296032,54860.1,0.631232,25728
1024,2816,3072,0.324896,54530.5,0.743008,23844.6
1024,2816,3328,0.345184,55602.6,0.777056,24699.8
1024,2816,3584,0.368736,56055.1,0.726912,28434.7
1024,2816,3840,0.392608,56407.2,0.755616,29308.4
1024,2816,4096,0.406368,58130.4,0.737088,32048.2
1024,2816,4352,0.443232,56626.6,0.785376,31957.6
1024,2816,4608,0.467584,56834.9,0.810336,32795.2
1024,2816,4864,0.484224,57930.8,0.825056,33999.5
1024,2816,5120,0.521376,56634.6,0.869696,33952
1024,2816,5376,0.536032,57840.4,0.86816,35712.7
1024,2816,5632,0.560704,57928.4,0.915424,35481.6
1024,2816,5888,0.581024,58443.5,0.862208,39383.9
1024,2816,6144,0.60336,58726.9,0.905632,39125.7
1024,3072,256,0.052896,30448.7,0.379616,4242.74
1024,3072,512,0.076512,42100.9,0.407136,7911.92
1024,3072,768,0.107168,45086.6,0.4352,11102.6
1024,3072,1024,0.130944,49200,0.513024,12557.8
1024,3072,1280,0.159616,50452.7,0.532896,15111.9
1024,3072,1536,0.181632,53204.7,0.673408,14350.4
1024,3072,1792,0.206688,54547.4,0.579104,19468.5
1024,3072,2048,0.221696,58119.7,0.582784,22109.2
1024,3072,2304,0.256032,56616,0.628832,23051.5
1024,3072,2560,0.27776,57985.8,0.594592,27087.7
1024,3072,2816,0.298144,59423.4,0.663712,26693.4
1024,3072,3072,0.332544,58119.7,0.707232,27328.2
1024,3072,3328,0.35136,59591.2,0.778592,26892.1
1024,3072,3584,0.373472,60375.6,0.810976,27804.2
1024,3072,3840,0.399808,60427,0.70928,34061.6
1024,3072,4096,0.412928,62407.5,0.8216,31365.4
1024,3072,4352,0.449472,60916.8,0.787776,34756.6
1024,3072,4608,0.471456,61492.5,0.75344,38478.2
1024,3072,4864,0.498336,61407.7,0.828032,36957.1
1024,3072,5120,0.534432,60273.8,0.814624,39542.5
1024,3072,5376,0.54448,62119.6,0.851552,39719.1
1024,3072,5632,0.570624,62096,0.855648,41411.3
1024,3072,5888,0.59312,62456.3,0.87712,42233.8
1024,3072,6144,0.621504,62195.4,0.88416,43719.1
1024,3328,256,0.0536,32552.8,0.388928,4486.26
1024,3328,512,0.079136,44097,0.439296,7943.76
1024,3328,768,0.107616,48640.5,0.44848,11671.6
1024,3328,1024,0.132832,52542.5,0.453344,15395.2
1024,3328,1280,0.161728,53943.4,0.612128,14252.2
1024,3328,1536,0.186912,56010.2,0.535552,19548
1024,3328,1792,0.208032,58711.2,0.608896,20058.9
1024,3328,2048,0.220832,63209.3,0.606016,23033.5
1024,3328,2304,0.290976,53968.3,0.652224,24076.8
1024,3328,2560,0.28272,61715.8,0.639744,27273.9
1024,3328,2816,0.303008,63342,0.736992,26042.5
1024,3328,3072,0.33872,61815,0.672,31157.7
1024,3328,3328,0.3536,64148.2,0.71184,31865
1024,3328,3584,0.380832,64142.8,0.765984,31890.5
1024,3328,3840,0.399168,65567.5,0.767392,34105.7
1024,3328,4096,0.412448,67686.8,0.78416,35601.5
1024,3328,4352,0.453632,65388.1,0.799648,37094
1024,3328,4608,0.474144,66239.3,0.798272,39343.7
1024,3328,4864,0.502688,65949,0.778624,42577.4
1024,3328,5120,0.61936,56343,0.849504,41078.8
1024,3328,5376,0.554752,66050.1,0.844576,43384.4
1024,3328,5632,0.580736,66099.3,0.849056,45210.5
1024,3328,5888,0.593024,67672,0.913504,43931
1024,3328,6144,0.6216,67368,0.864288,48451.4
1024,3584,256,0.052832,35566.5,0.345824,5433.54
1024,3584,512,0.07968,47164.9,0.433152,8676.16
1024,3584,768,0.119648,47114.4,0.453792,12422.3
1024,3584,1024,0.132128,56885.7,0.446752,16824.1
1024,3584,1280,0.1808,51964.8,0.55968,16786.8
1024,3584,1536,0.207872,54236.7,0.566048,19917.5
1024,3584,1792,0.211264,62260.2,0.624576,21059.6
1024,3584,2048,0.260992,57597.1,0.62576,24022.6
1024,3584,2304,0.296704,56997.7,0.6192,27311.7
1024,3584,2560,0.323616,58064.1,0.63472,29604.4
1024,3584,2816,0.300672,68744.4,0.693216,29816.9
1024,3584,3072,0.383264,58833,0.771072,29243.2
1024,3584,3328,0.407744,59909.2,0.72528,33680.3
1024,3584,3584,0.435008,60474,0.771488,34098.6
1024,3584,3840,0.472256,59683.1,0.772,36510
1024,3584,4096,0.494848,60755.6,0.80896,37164.7
1024,3584,4352,0.53024,60244.1,0.880448,36281.3
1024,3584,4608,0.555104,60930.7,0.871744,38799.1
1024,3584,4864,0.580704,61480.4,0.879392,40598.4
1024,3584,5120,0.622752,60346.6,0.917792,40947.1
1024,3584,5376,0.644896,61188.2,0.953888,41367.6
1024,3584,5632,0.671072,61601.5,0.967136,42743.8
1024,3584,5888,0.699776,61759.9,0.987104,43782.7
1024,3584,6144,0.732512,61565.1,0.9768,46168.3
1024,3840,256,0.059264,33971.1,0.386752,5205.57
1024,3840,512,0.091968,43781.9,0.422688,9526.01
1024,3840,768,0.12112,49866.2,0.419488,14398
1024,3840,1024,0.150656,53453.3,0.473536,17006.2
1024,3840,1280,0.17824,56476.3,0.550112,18298.7
1024,3840,1536,0.209408,57684.5,0.64224,18808.5
1024,3840,1792,0.23792,59233.6,0.688608,20465.7
1024,3840,2048,0.26176,61530.1,0.662176,24323
1024,3840,2304,0.294784,61466.7,0.66112,27407.1
1024,3840,2560,0.331968,60646.4,0.65152,30901.1
1024,3840,2816,0.349472,63369.7,0.700928,31595.2
1024,3840,3072,0.384864,62773.3,0.665696,36291.6
1024,3840,3328,0.40912,63972.6,0.72144,36278.1
1024,3840,3584,0.438688,64250,0.751168,37522.5
1024,3840,3840,0.476768,63341.1,0.747808,40383.3
1024,3840,4096,0.497408,64760.2,0.756032,42607
1024,3840,4352,0.536192,63830.7,0.849504,40288.8
1024,3840,4608,0.556992,65061.6,0.89792,40358.6
1024,3840,4864,0.585088,65378.3,0.933664,40969.8
1024,3840,5120,0.634208,63489.1,0.943424,42680
1024,3840,5376,0.651776,64866.7,0.976992,43274.2
1024,3840,5632,0.672032,65907.4,0.936832,47278.3
1024,3840,5888,0.703264,65843.1,1.00029,46291.8
1024,3840,6144,0.73616,65635.7,1.00128,48256.6
1024,4096,256,0.063264,33944.8,0.391968,5478.72
1024,4096,512,0.090816,47293.1,0.423872,10132.7
1024,4096,768,0.123328,52238.3,0.460192,13999.5
1024,4096,1024,0.14944,57480.8,0.480992,17858.8
1024,4096,1280,0.185184,57982.4,0.527936,20338.5
1024,4096,1536,0.208896,61680.9,0.607648,21204.5
1024,4096,1792,0.238016,63157,0.57248,26258.4
1024,4096,2048,0.266016,64582.1,0.624352,27516.3
1024,4096,2304,0.300672,64280.5,0.705568,27392.6
1024,4096,2560,0.331968,64689.5,0.74416,28857.8
1024,4096,2816,0.354912,66558.2,0.81616,28943.2
1024,4096,3072,0.390464,65997.9,0.766656,33613.3
1024,4096,3328,0.414304,67383.6,0.847872,32926.3
1024,4096,3584,0.444224,67679.3,0.764704,39315.6
1024,4096,3840,0.481024,66966,0.830464,38788.3
1024,4096,4096,0.501056,68574.6,0.816608,42076.2
1024,4096,4352,0.537472,67924,0.857024,42597.7
1024,4096,4608,0.570144,67798.1,0.907264,42605.8
1024,4096,4864,0.589824,69176.9,0.92064,44319.4
1024,4096,5120,0.641824,66918.1,0.976192,43997.2
1024,4096,5376,0.652832,69079.3,0.963296,46815.5
1024,4096,5632,0.679104,69569.1,0.997056,47384.1
1024,4096,5888,0.710656,69502.2,1.02829,48033.4
1024,4096,6144,0.743584,69312.4,1.02541,50262.5
1024,4352,256,0.0648,35211.4,0.379296,6015.62
1024,4352,512,0.094144,48472.6,0.427168,10682.9
1024,4352,768,0.12448,54989.6,0.493696,13865
1024,4352,1024,0.152736,59755.4,0.5168,17660.2
1024,4352,1280,0.18656,61151.9,0.579744,19678.5
1024,4352,1536,0.213824,64025.6,0.589664,23217
1024,4352,1792,0.240416,66434.5,0.643168,24833.2
1024,4352,2048,0.265376,68784,0.64544,28280.9
1024,4352,2304,0.301216,68174.7,0.663552,30947.6
1024,4352,2560,0.333408,68435.7,0.705632,32335.6
1024,4352,2816,0.355456,70609.9,0.695424,36091.2
1024,4352,3072,0.39648,69058.8,0.749984,36508
1024,4352,3328,0.419232,70753.5,0.77184,38430.4
1024,4352,3584,0.445984,71625.5,0.787872,40544.4
1024,4352,3840,0.482592,70920.2,0.799104,42829.9
1024,4352,4096,0.502752,72614.8,0.7832,46612.9
1024,4352,4352,0.54144,71640.3,0.883968,43880.5
1024,4352,4608,0.56608,72552.7,0.88544,46384.4
1024,4352,4864,0.59168,73269.9,0.908064,47741.5
1024,4352,5120,0.638592,71460.4,0.916256,49804.9
1024,4352,5376,0.6576,72864.6,0.961728,49822.5
1024,4352,5632,0.68176,73629.2,1.02285,49076.1
1024,4352,5888,0.70928,73989.3,1.01709,51597.4
1024,4352,6144,0.74816,73194,1.08701,50377.6
1024,4608,256,0.063264,38187.9,0.38544,6267.95
1024,4608,512,0.094752,50994.6,0.427872,11292.7
1024,4608,768,0.124768,58089.9,0.477472,15179.4
1024,4608,1024,0.154304,62627.5,0.505824,19104.8
1024,4608,1280,0.185952,64960.8,0.542944,22248.3
1024,4608,1536,0.21536,67308.3,0.537664,26960.2
1024,4608,1792,0.24208,69858.9,0.570816,29626.8
1024,4608,2048,0.26592,72681.1,0.624992,30924.2
1024,4608,2304,0.305248,71231.5,0.629888,34519.3
1024,4608,2560,0.336736,71745.2,0.664768,36342.3
1024,4608,2816,0.354624,74938.8,0.71072,37391.8
1024,4608,3072,0.401088,72281,0.761088,38091.6
1024,4608,3328,0.42,74778.5,0.745824,42110.4
1024,4608,3584,0.447104,75648.8,0.766592,44121.1
1024,4608,3840,0.485536,74636.7,0.83344,43481
1024,4608,4096,0.500352,77255,0.816384,47348.7
1024,4608,4352,0.543168,75613.1,0.852864,48156.1
1024,4608,4608,0.569504,76358.6,0.886336,49063.3
1024,4608,4864,0.592832,77429.1,0.935008,49093.1
1024,4608,5120,0.63504,76087.1,0.913632,52886
1024,4608,5376,0.65552,77395.5,0.922656,54987.2
1024,4608,5632,0.68416,77686.8,1.01312,52461.9
1024,4608,5888,0.706336,78668.1,1.01981,54486.9
1024,4608,6144,0.742144,78127.8,1.14688,50556.3
1024,4864,256,0.064512,39529.7,0.392864,6491.14
1024,4864,512,0.096448,52881.1,0.482752,10565
1024,4864,768,0.125568,60926.4,0.531552,14392.6
1024,4864,1024,0.154752,65915.4,0.516928,19733
1024,4864,1280,0.187712,67926.8,0.554528,22993.8
1024,4864,1536,0.217664,70295.6,0.558304,27405.9
1024,4864,1792,0.240832,74122,0.533952,33431.8
1024,4864,2048,0.264352,77174,0.602656,33852
1024,4864,2304,0.300288,76430.7,0.662784,34628.5
1024,4864,2560,0.334656,76201.7,0.73872,34521
1024,4864,2816,0.358048,78345.7,0.729248,38466.3
1024,4864,3072,0.400832,76345.3,0.731744,41820.1
1024,4864,3328,0.416512,79593.8,0.74192,44683.8
1024,4864,3584,0.448512,79600.8,0.774432,46100.8
1024,4864,3840,0.48288,79216.5,0.82512,46359.4
1024,4864,4096,0.49984,81630.5,0.856192,47655.4
1024,4864,4352,0.53952,80353.5,0.870976,49774.4
1024,4864,4608,0.56512,81226,0.882624,52006.8
1024,4864,4864,0.59024,82089.7,0.916736,52853.4
1024,4864,5120,0.631168,80806.9,0.956384,53328.7
1024,4864,5376,0.655552,81691.3,0.993472,53904.8
1024,4864,5632,0.679936,82512.2,0.987552,56810.2
1024,4864,5888,0.710912,82504.1,1.03117,56880.3
1024,4864,6144,0.740128,82692.8,1.01702,60178.8
1024,5120,256,0.066816,40175.3,0.434176,6182.64
1024,5120,512,0.095968,55942.7,0.442784,12124.9
1024,5120,768,0.1288,62523.8,0.42032,19159.4
1024,5120,1024,0.155328,69127.4,0.464608,23110.7
1024,5120,1280,0.184544,72729.4,0.512672,26180
1024,5120,1536,0.21664,74345.1,0.548608,29358.2
1024,5120,1792,0.245632,76498.5,0.600416,31295.8
1024,5120,2048,0.266208,80669.4,0.601152,35722.8
1024,5120,2304,0.299712,80608,0.639744,37763.8
1024,5120,2560,0.331936,80869.6,0.691744,38805.6
1024,5120,2816,0.357408,82616.8,0.727904,40565.7
1024,5120,3072,0.40032,80466.3,0.733504,43915.6
1024,5120,3328,0.41824,83436.8,0.776096,44964.3
1024,5120,3584,0.444704,84507.8,0.768096,48927.4
1024,5120,3840,0.478688,84116,0.771232,52209.1
1024,5120,4096,0.497312,86363.6,0.8184,52480
1024,5120,4352,0.53408,85444.2,0.897984,50818.3
1024,5120,4608,0.562176,85948.9,0.910464,53070.1
1024,5120,4864,0.589088,86579.1,0.96928,52619.2
1024,5120,5120,0.62032,86547.4,0.96784,55471
1024,5120,5376,0.651904,86472,0.965376,58393.3
1024,5120,5632,0.679392,86924.5,1.01834,57992.4
1024,5120,5888,0.709632,87003.1,1.01731,60689.5
1024,5120,6144,0.738624,87222.3,1.0455,61620.5
1024,5376,256,0.082528,34152.9,0.413312,6819.48
1024,5376,512,0.119936,47001.3,0.44496,12668.9
1024,5376,768,0.162368,52077.5,0.490496,17239.1
1024,5376,1024,0.204064,55248.8,0.564608,19968.3
1024,5376,1280,0.247008,57054.3,0.636224,22150.8
1024,5376,1536,0.283776,59594.3,0.655456,25801
1024,5376,1792,0.323744,60943.2,0.691648,28526.1
1024,5376,2048,0.348224,64753.1,0.71056,31733.5
1024,5376,2304,0.397792,63769.9,0.749024,33866.9
1024,5376,2560,0.442592,63683.3,0.835904,33718.9
1024,5376,2816,0.473056,65540.4,0.923488,33573
1024,5376,3072,0.533376,63412.8,1.00538,33642
1024,5376,3328,0.554016,66137.9,0.922752,39708.9
1024,5376,3584,0.593088,66533.2,0.973376,40539.3
1024,5376,3840,0.63824,66242.5,1.03043,41030
1024,5376,4096,0.651712,69198,1.26016,35786.9
1024,5376,4352,0.70976,67509.8,1.02755,46631
1024,5376,4608,0.746688,67945.8,1.11501,45501.3
1024,5376,4864,0.781056,68564.7,1.12627,47548.8
1024,5376,5120,0.833568,67626.7,1.15728,48710.3
1024,5376,5376,0.866624,68299.5,1.27491,46426.7
1024,5376,5632,0.897536,69087.6,1.32237,46892.1
1024,5376,5888,0.934752,69352.3,1.3569,47776.1
1024,5376,6144,0.978464,69134.6,1.38963,48678.9
1024,5632,256,0.082496,35793.1,0.43296,6820.01
1024,5632,512,0.125088,47211.4,0.512928,11513.5
1024,5632,768,0.175232,50552.2,0.483872,18307.3
1024,5632,1024,0.210976,55983.4,0.53008,22281.8
1024,5632,1280,0.259648,56861.4,0.577472,25566.5
1024,5632,1536,0.295552,59944.6,0.612928,28905.1
1024,5632,1792,0.330784,62486.5,0.732224,28228.4
1024,5632,2048,0.353184,66883.9,0.702176,33641.6
1024,5632,2304,0.410976,64663.4,0.888992,29893.5
1024,5632,2560,0.455232,64863.4,0.846272,34891.7
1024,5632,2816,0.481824,67411.9,0.890272,36484
1024,5632,3072,0.597184,59334.3,0.929536,38119.5
1024,5632,3328,0.570848,67244.3,0.904992,42416.1
1024,5632,3584,0.66512,62152.8,0.94736,43636.1
1024,5632,3840,0.716736,61796.6,1.0001,44287.6
1024,5632,4096,0.654144,72223.6,1.16669,40494.7
1024,5632,4352,0.725856,69156.2,1.16358,43140.4
1024,5632,4608,0.760864,69855.1,1.24122,42821.1
1024,5632,4864,0.801376,70008.3,1.252,44810.7
1024,5632,5120,0.937824,62971.1,1.29075,45753
1024,5632,5376,0.883488,70186.1,1.36566,45405.5
1024,5632,5632,0.919424,70654.4,1.31725,49316
1024,5632,5888,0.958432,70859.7,1.32125,51401.5
1024,5632,6144,1.1079,63964.9,1.39677,50736.4
1024,5888,256,0.084768,36417.1,0.410496,7520.19
1024,5888,512,0.138368,44620.3,0.443552,13919.5
1024,5888,768,0.18816,49218.9,0.480768,19263
1024,5888,1024,0.217376,56804.9,0.53568,23051.1
1024,5888,1280,0.267104,57786.6,0.616704,25028.3
1024,5888,1536,0.305856,60558.1,0.632448,29286.3
1024,5888,1792,0.368,58720.3,0.689696,31331.3
1024,5888,2048,0.35776,69029.7,0.72576,34027.9
1024,5888,2304,0.4512,61576,0.920192,30192.7
1024,5888,2560,0.465088,66374.7,0.798816,38644.8
1024,5888,2816,0.53664,63277.2,0.909472,37337.1
1024,5888,3072,0.616128,60124,0.906656,40857.9
1024,5888,3328,0.597632,67150.2,0.956416,41959.9
1024,5888,3584,0.671456,64364.8,0.953952,45304.3
1024,5888,3840,0.726112,63771.3,0.959648,48252.2
1024,5888,4096,0.746944,66125.6,1.03456,47742.2
1024,5888,4352,0.816,64312.7,1.06298,49370
1024,5888,4608,0.84896,65452,1.08989,50983.3
1024,5888,4864,0.889216,65960.5,1.12656,52063.9
1024,5888,5120,0.947744,65144.3,1.20794,51112.1
1024,5888,5376,0.990528,65447.1,1.28614,50404.3
1024,5888,5632,1.0264,66167.4,1.22528,55427.5
1024,5888,5888,0.976928,72678,1.27904,55511.3
1024,5888,6144,1.11686,66335.9,1.30218,56895.7
1024,6144,256,0.0848,37986.2,0.42672,7548.8
1024,6144,512,0.13616,47315.3,0.469184,13731.2
1024,6144,768,0.194624,49653.1,0.488384,19787
1024,6144,1024,0.23472,54894.8,0.522784,24646.7
1024,6144,1280,0.280384,57443.1,0.624576,25787.3
1024,6144,1536,0.307008,62953.9,0.609152,31728.3
1024,6144,1792,0.365376,61713.4,0.608768,37039.7
1024,6144,2048,0.394464,65328.7,0.720896,35746.9
1024,6144,2304,0.452992,63999,0.792864,36564.9
1024,6144,2560,0.510944,63044.6,0.82144,39214.4
1024,6144,2816,0.492928,71883.7,0.892,39723.6
1024,6144,3072,0.6144,62914.6,0.900352,42932.9
1024,6144,3328,0.638144,65621.4,0.973792,43003
1024,6144,3584,0.672576,67051.4,0.96928,46526.4
1024,6144,3840,0.729952,66193.9,0.975328,49540.6
1024,6144,4096,0.745664,69119.1,1.03514,49790.2
1024,6144,4352,0.81424,67253.9,1.05734,51790.9
1024,6144,4608,0.851744,68074.5,1.10723,52366.7
1024,6144,4864,0.90128,67907.1,1.08707,56301
1024,6144,5120,0.962688,66921.5,1.17562,54800.6
1024,6144,5376,0.991904,68197.9,1.216,55629.7
1024,6144,5632,1.03114,68727.1,1.24419,56958.2
1024,6144,5888,1.07267,69068.8,1.24698,59414.3
1024,6144,6144,1.12106,68961.2,1.29622,59642
1280,256,256,0.021856,7676.25,0.337568,497.003
1280,256,512,0.02944,11397.6,0.388512,863.665
1280,256,768,0.036992,13606.1,0.428032,1175.89
1280,256,1024,0.04416,15196.8,0.4384,1530.77
1280,256,1280,0.052672,15926.1,0.398304,2106.08
1280,256,1536,0.059776,16840.1,0.389088,2587.16
1280,256,1792,0.075072,15643.7,0.390496,3007.47
1280,256,2048,0.085248,15744.4,0.360864,3719.34
1280,256,2304,0.096448,15655.6,0.40784,3702.31
1280,256,2560,0.105888,15844.3,0.460352,3644.43
1280,256,2816,0.116736,15809.1,0.406624,4538.58
1280,256,3072,0.123648,16282.2,0.413408,4869.92
1280,256,3328,0.131968,16527,0.444224,4909.77
1280,256,3584,0.142912,16435.4,0.43616,5385.2
1280,256,3840,0.151072,16658.2,0.49792,5054.19
1280,256,4096,0.15792,16998.2,0.48016,5590.54
1280,256,4352,0.1704,16737.8,0.464224,6143.86
1280,256,4608,0.178656,16903.4,0.518016,5829.74
1280,256,4864,0.18896,16869.6,0.478528,6661.41
1280,256,5120,0.198944,16866.3,0.454592,7381.22
1280,256,5376,0.206464,17064.6,0.519904,6776.67
1280,256,5632,0.218944,16858.1,0.576064,6407.25
1280,256,5888,0.225824,17087.5,0.54384,7095.4
1280,256,6144,0.231904,17362.9,0.528672,7616.31
1280,512,256,0.023008,14583.8,0.3584,936.229
1280,512,512,0.030272,22168.6,0.356896,1880.35
1280,512,768,0.037216,27048.4,0.485152,2074.88
1280,512,1024,0.047648,28168.6,0.420064,3195.17
1280,512,1280,0.059776,28066.8,0.472608,3549.92
1280,512,1536,0.070816,28429.5,0.436576,4611.49
1280,512,1792,0.085056,27614.9,0.519328,4522.79
1280,512,2048,0.086816,30920,0.423904,6332.46
1280,512,2304,0.096096,31425.9,0.386304,7817.42
1280,512,2560,0.107264,31282.1,0.412864,8127.24
1280,512,2816,0.116448,31696.4,0.439168,8404.5
1280,512,3072,0.126112,31928.2,0.483872,8321.48
1280,512,3328,0.135456,32202.9,0.435904,10007
1280,512,3584,0.142592,32944.5,0.499552,9403.67
1280,512,3840,0.15328,32836.4,0.467872,10757.6
1280,512,4096,0.160064,33541,0.534368,10046.8
1280,512,4352,0.172128,33139.6,0.554368,10289.7
1280,512,4608,0.18128,33317.5,0.530112,11393.4
1280,512,4864,0.190208,33517.7,0.518944,12285.2
1280,512,5120,0.198784,33759.7,0.484,13865.5
1280,512,5376,0.210272,33511,0.554624,12704.9
1280,512,5632,0.221152,33379.6,0.645152,11442.2
1280,512,5888,0.229184,33673.9,0.535136,14421.6
1280,512,6144,0.239616,33608.2,0.679168,11857.2
1280,768,256,0.023072,21815,0.342656,1468.87
1280,768,512,0.031296,32164.9,0.395424,2545.71
1280,768,768,0.041536,36352.8,0.37552,4020.96
1280,768,1024,0.050752,39668.7,0.45456,4429.04
1280,768,1280,0.063008,39940.7,0.494816,5085.9
1280,768,1536,0.075008,40261,0.416704,7247.11
1280,768,1792,0.082976,42460.7,0.37952,9283.35
1280,768,2048,0.091296,44104.1,0.418016,9632.48
1280,768,2304,0.10144,44655.4,0.532864,8500.95
1280,768,2560,0.111264,45236.2,0.444832,11314.8
1280,768,2816,0.119776,46223.6,0.47328,11698.1
1280,768,3072,0.130368,46328.8,0.428192,14105.3
1280,768,3328,0.137248,47673.7,0.522656,12519
1280,768,3584,0.149472,47142.1,0.494784,14241.4
1280,768,3840,0.157696,47875.3,0.581312,12987.4
1280,768,4096,0.16256,49539,0.528992,15223.4
1280,768,4352,0.175456,48766.5,0.515488,16598.6
1280,768,4608,0.184128,49203.3,0.528576,17139.8
1280,768,4864,0.195008,49039.1,0.539936,17711.4
1280,768,5120,0.204736,49167.4,0.626752,16061.1
1280,768,5376,0.214784,49210.6,0.593248,17816.6
1280,768,5632,0.224768,49264,0.526368,21036.5
1280,768,5888,0.231744,49952.9,0.56624,20444.1
1280,768,6144,0.242048,49905.8,0.526208,22955.9
1280,1024,256,0.024128,27813.7,0.337728,1987.07
1280,1024,512,0.033568,39983.8,0.414112,3241.1
1280,1024,768,0.044,45756,0.385696,5219.83
1280,1024,1024,0.05472,49056.2,0.389088,6899.09
1280,1024,1280,0.066368,50558.1,0.38992,8605.47
1280,1024,1536,0.078528,51275.1,0.477504,8432.46
1280,1024,1792,0.087456,53714.1,0.41808,11236.2
1280,1024,2048,0.093056,57693.3,0.443648,12101.3
1280,1024,2304,0.107072,56408.7,0.463104,13042
1280,1024,2560,0.114752,58481.6,0.461888,14529.3
1280,1024,2816,0.126848,58195.4,0.515616,14316.8
1280,1024,3072,0.13632,59074.7,0.55872,14413.4
1280,1024,3328,0.144352,60436.7,0.498688,17494.2
1280,1024,3584,0.154688,60736.7,0.564224,16651.6
1280,1024,3840,0.16192,62168.5,0.484832,20762.5
1280,1024,4096,0.162816,65948.2,0.4928,21788.6
1280,1024,4352,0.182176,62623.5,0.611584,18654
1280,1024,4608,0.194112,62230,0.603872,20003.6
1280,1024,4864,0.203296,62719.8,0.592896,21505.8
1280,1024,5120,0.217792,61626.6,0.550528,24379.8
1280,1024,5376,0.221888,63513.4,0.54896,25671.9
1280,1024,5632,0.231936,63655.3,0.57104,25854.5
1280,1024,5888,0.240736,64116,0.653056,23635.1
1280,1024,6144,0.25184,63953.8,0.661984,24330.1
1280,1280,256,0.032128,26110,0.445088,1884.71
1280,1280,512,0.048576,34538.1,0.428896,3911.72
1280,1280,768,0.060736,41434.8,0.403168,6242.02
1280,1280,1024,0.076064,44113.4,0.412448,8135.43
1280,1280,1280,0.08944,46895.2,0.420448,9975.8
1280,1280,1536,0.105504,47705.9,0.456544,11024.5
1280,1280,1792,0.119616,49090.6,0.465888,12603.9
1280,1280,2048,0.132608,50607,0.427584,15694.9
1280,1280,2304,0.149088,50639.5,0.480128,15724.4
1280,1280,2560,0.162592,51593,0.500288,16767.6
1280,1280,2816,0.176192,52371.7,0.474048,19465.3
1280,1280,3072,0.190304,52896,0.529952,18994.8
1280,1280,3328,0.204512,53323,0.537184,20300.7
1280,1280,3584,0.221408,53042.6,0.570496,20585.7
1280,1280,3840,0.233408,53909.5,0.547424,22985.7
1280,1280,4096,0.24752,54225,0.568672,23602
1280,1280,4352,0.261344,54566.5,0.578304,24659.4
1280,1280,4608,0.27856,54205.5,0.644256,23437.1
1280,1280,4864,0.291424,54691.3,0.682304,23359.6
1280,1280,5120,0.306112,54807.4,0.61536,27264.1
1280,1280,5376,0.319968,55055.7,0.607712,28987.5
1280,1280,5632,0.334848,55114.4,0.678528,27198.5
1280,1280,5888,0.349856,55147.8,0.685344,28152
1280,1280,6144,0.36272,55504.7,0.710496,28336.1
1280,1536,256,0.032704,30780.1,0.358368,2808.94
1280,1536,512,0.047488,42395.3,0.375392,5363.1
1280,1536,768,0.062912,48002,0.400256,7544.92
1280,1536,1024,0.076032,52958.4,0.401536,10027.8
1280,1536,1280,0.092672,54311.6,0.461568,10904.5
1280,1536,1536,0.105344,57334,0.441248,13688
1280,1536,1792,0.118816,59305.4,0.441952,15943.9
1280,1536,2048,0.135136,59592.3,0.463552,17372.5
1280,1536,2304,0.1488,60885.1,0.50928,17789.2
1280,1536,2560,0.16384,61440,0.495968,20296.3
1280,1536,2816,0.177408,62415.2,0.552416,20044.6
1280,1536,3072,0.19328,62497.9,0.536544,22513.7
1280,1536,3328,0.207072,63196.5,0.5064,25841.7
1280,1536,3584,0.221376,63660.3,0.57552,24487.2
1280,1536,3840,0.237664,63532.9,0.604064,24996.5
1280,1536,4096,0.250176,64379.2,0.590848,27259.3
1280,1536,4352,0.26448,64703.4,0.70432,24296.9
1280,1536,4608,0.279648,64793.6,0.629888,28766.1
1280,1536,4864,0.294208,65008.5,0.655264,29188.3
1280,1536,5120,0.309888,64967.5,0.710272,28345
1280,1536,5376,0.323104,65425.7,0.734112,28795.7
1280,1536,5632,0.33488,66130.9,0.649152,34115.2
1280,1536,5888,0.349696,66207.7,0.760288,30452.4
1280,1536,6144,0.367424,65752.9,0.70912,34069.3
1280,1792,256,0.033888,34655.5,0.367456,3196.04
1280,1792,512,0.048672,48257.9,0.376032,6246.3
1280,1792,768,0.064256,54830.9,0.478816,7358.18
1280,1792,1024,0.07664,61294.6,0.43744,10738.9
1280,1792,1280,0.093216,62993.8,0.432064,13590.6
1280,1792,1536,0.107104,65790.5,0.443648,15882.9
1280,1792,1792,0.120832,68035.3,0.483392,17006.6
1280,1792,2048,0.136224,68969.1,0.507776,18502.7
1280,1792,2304,0.14864,71109,0.588608,17957
1280,1792,2560,0.165312,71041.7,0.583904,20113
1280,1792,2816,0.177824,72647.4,0.610624,21156.2
1280,1792,3072,0.192992,73023,0.636896,22127.4
1280,1792,3328,0.205984,74118.7,0.627552,24328.3
1280,1792,3584,0.220288,74637.2,0.665472,24706.8
1280,1792,3840,0.237344,74221.7,0.665408,26474.1
1280,1792,4096,0.251744,74641.2,0.719104,26130.4
1280,1792,4352,0.267808,74549.3,0.680704,29329.8
1280,1792,4608,0.277952,76053.8,0.640352,33012
1280,1792,4864,0.296256,75319,0.645056,34591.9
1280,1792,5120,0.309952,75779.8,0.7016,33477.9
1280,1792,5376,0.321952,76603.1,0.672032,36698.4
1280,1792,5632,0.336256,76837,0.692192,37326.2
1280,1792,5888,0.350528,77058.9,0.692672,38995.8
1280,1792,6144,0.366464,76912.7,0.674368,41795.8
1280,2048,256,0.03664,36631.5,0.44352,3026.19
1280,2048,512,0.051232,52396.1,0.385728,6959.19
1280,2048,768,0.066304,60728.3,0.39808,10114.9
1280,2048,1024,0.078656,68255.6,0.377504,14221.6
1280,2048,1280,0.092416,72616.1,0.423456,15847.9
1280,2048,1536,0.108256,74389.1,0.474112,16985.6
1280,2048,1792,0.122112,76939.5,0.4864,19315.9
1280,2048,2048,0.135584,79193.8,0.514176,20882.8
1280,2048,2304,0.14992,80573.6,0.570176,21185.7
1280,2048,2560,0.165632,81033.7,0.504544,26601.8
1280,2048,2816,0.1784,82757.6,0.522176,28273.9
1280,2048,3072,0.193696,83151.6,0.58496,27533.7
1280,2048,3328,0.209344,83347.5,0.560352,31138.1
1280,2048,3584,0.221536,84819.1,0.577088,32560.9
1280,2048,3840,0.236992,84950.8,0.582048,34589.3
1280,2048,4096,0.250816,85619.9,0.64544,33271.6
1280,2048,4352,0.263712,86522.5,0.60576,37666.8
1280,2048,4608,0.27856,86728.9,0.613568,39374.9
1280,2048,4864,0.293408,86914.4,0.637184,40022
1280,2048,5120,0.307616,87263.2,0.613824,43731.7
1280,2048,5376,0.32208,87511.6,0.662976,42513.9
1280,2048,5632,0.33584,87922.5,0.66416,44459
1280,2048,5888,0.35008,88180.1,0.732384,42150.1
1280,2048,6144,0.363328,88658.9,0.671648,47960
1280,2304,256,0.051584,29271.7,0.374464,4032.3
1280,2304,512,0.07536,40073,0.408,7401.71
1280,2304,768,0.102208,44319.9,0.508672,8905.24
1280,2304,1024,0.127776,47268.6,0.463072,13042.9
1280,2304,1280,0.154368,48907.5,0.510848,14778.9
1280,2304,1536,0.181248,49985.1,0.550368,16461.2
1280,2304,1792,0.199008,53111.7,0.568096,18605.4
1280,2304,2048,0.230816,52334.3,0.687392,17573.1
1280,2304,2304,0.250304,54292.2,0.611552,22221.4
1280,2304,2560,0.273824,55143.1,0.688576,21928.6
1280,2304,2816,0.294432,56411.8,0.686656,24188.9
1280,2304,3072,0.328768,55113,0.6864,26397.7
1280,2304,3328,0.344864,56919.1,0.679168,28902
1280,2304,3584,0.36592,57770.3,0.655136,32267
1280,2304,3840,0.3968,57079.7,0.710944,31858
1280,2304,4096,0.406304,59460.9,0.737344,32765.2
1280,2304,4352,0.44016,58317.7,0.852576,30107.7
1280,2304,4608,0.462848,58721.4,0.824704,32956.2
1280,2304,4864,0.488992,58669.8,0.806464,35573.9
1280,2304,5120,0.525248,57494.7,0.837664,36051.4
1280,2304,5376,0.536352,59119.6,0.86176,36795.6
1280,2304,5632,0.559456,59377.1,0.863136,38486.3
1280,2304,5888,0.582176,59653.5,0.881312,39405.8
1280,2304,6144,0.606272,59773.2,0.86784,41757.5
1280,2560,256,0.052192,32145.2,0.3624,4629.47
1280,2560,512,0.075104,44677.3,0.438368,7654.4
1280,2560,768,0.102464,49121.3,0.443072,11359.7
1280,2560,1024,0.12512,53635.6,0.503488,13328.8
1280,2560,1280,0.152896,54864.8,0.474048,17695.7
1280,2560,1536,0.176448,57049.8,0.556032,18103.9
1280,2560,1792,0.20224,58069.9,0.57856,20298.8
1280,2560,2048,0.21856,61410,0.622496,21561.2
1280,2560,2304,0.24976,60456,0.637856,23672.3
1280,2560,2560,0.273344,61377.7,0.630752,26598.8
1280,2560,2816,0.295968,62354.5,0.69792,26442.8
1280,2560,3072,0.327328,61506.1,0.701696,28691.4
1280,2560,3328,0.344608,63290.4,0.763232,28576.3
1280,2560,3584,0.36784,63854.1,0.76096,30866.4
1280,2560,3840,0.392064,64188.1,0.794464,31676.5
1280,2560,4096,0.409408,65566.7,0.828096,32416
1280,2560,4352,0.437824,65143.2,0.773696,36863.7
1280,2560,4608,0.470144,64233.5,0.873088,34588.7
1280,2560,4864,0.487776,65351.1,0.79952,39869.8
1280,2560,5120,0.522112,64266.7,0.830624,40396.7
1280,2560,5376,0.533504,66039.2,0.799968,44042
1280,2560,5632,0.557984,66148.6,0.86736,42554.3
1280,2560,5888,0.589728,65432.9,0.967008,39904.1
1280,2560,6144,0.60272,66806,0.939296,42867.5
1280,2816,256,0.053376,34575.3,0.425728,4334.91
1280,2816,512,0.076736,48099.8,0.415616,8880.76
1280,2816,768,0.103488,53498.8,0.447072,12383.9
1280,2816,1024,0.128128,57614.1,0.487968,15128
1280,2816,1280,0.156352,59017.3,0.606368,15217.6
1280,2816,1536,0.180512,61342,0.618976,17889.2
1280,2816,1792,0.202624,63755.8,0.545792,23669.2
1280,2816,2048,0.219168,67363.6,0.572896,25770.7
1280,2816,2304,0.252,65910.5,0.6952,23891.6
1280,2816,2560,0.321728,57361.9,0.64896,28437.7
1280,2816,2816,0.2976,68213.8,0.683424,29704
1280,2816,3072,0.332096,66685.3,0.771488,28705.5
1280,2816,3328,0.405024,59234.6,0.766944,31281.8
1280,2816,3584,0.37072,69693.9,0.731168,35336.5
1280,2816,3840,0.399488,69294.7,0.748768,36970.6
1280,2816,4096,0.411488,71758.8,0.838784,35203.2
1280,2816,4352,0.527264,59502.2,0.852448,36803.9
1280,2816,4608,0.55104,60284,0.819232,40548.8
1280,2816,4864,0.578464,60616.4,0.802144,43713.3
1280,2816,5120,0.620384,59495.2,0.876768,42097.7
1280,2816,5376,0.639168,60634.1,0.979232,39577.3
1280,2816,5632,0.665248,61031.2,0.994368,40830.8
1280,2816,5888,0.693376,61216.9,0.899808,47172.7
1280,2816,6144,0.728288,60816.4,1.05222,42093.6
1280,3072,256,0.052256,38527,0.412,4886.57
1280,3072,512,0.090336,44572.8,0.457056,8809.71
1280,3072,768,0.120224,50237.9,0.49104,12300
1280,3072,1024,0.146976,54791.7,0.460256,17496.9
1280,3072,1280,0.178016,56547.3,0.557248,18064.4
1280,3072,1536,0.207072,58335.2,0.55808,21644.9
1280,3072,1792,0.234624,60065.7,0.659872,21357
1280,3072,2048,0.264544,60882.6,0.601888,26759.3
1280,3072,2304,0.293472,61741.5,0.658112,27532.4
1280,3072,2560,0.3272,61530.1,0.759712,26500.4
1280,3072,2816,0.353504,62646.9,0.739424,29950.2
1280,3072,3072,0.383744,62956.5,0.826784,29220.7
1280,3072,3328,0.409792,63867.7,0.820992,31879.1
1280,3072,3584,0.43696,64504.1,0.8344,33779.6
1280,3072,3840,0.470912,64128.7,0.77152,39142.2
1280,3072,4096,0.498496,64618.9,0.81136,39701.6
1280,3072,4352,0.531104,64442.2,0.824896,41490.7
1280,3072,4608,0.55584,65196.4,0.822048,44083.5
1280,3072,4864,0.581632,65766.8,0.88256,43342.2
1280,3072,5120,0.621568,64780.2,0.917632,43879.6
1280,3072,5376,0.64944,65100.1,0.888896,47563
1280,3072,5632,0.67232,65879.1,0.921088,48086.4
1280,3072,5888,0.701152,66041.5,0.953632,48556.6
1280,3072,6144,0.732992,65919.4,0.975104,49552
1280,3328,256,0.061952,35205.3,0.432608,5041.6
1280,3328,512,0.091264,47796.2,0.419616,10395.4
1280,3328,768,0.120032,54511.4,0.47376,13811
1280,3328,1024,0.150688,57895.5,0.466688,18693.8
1280,3328,1280,0.180224,60509.1,0.522048,20889.2
1280,3328,1536,0.208416,62789,0.51872,25227.9
1280,3328,1792,0.235936,64709.4,0.653728,23354.2
1280,3328,2048,0.263968,66100.1,0.575296,30329.3
1280,3328,2304,0.295968,66322.5,0.72864,26939.7
1280,3328,2560,0.328672,66359.1,0.720864,30255.9
1280,3328,2816,0.353056,67953.6,0.801408,29936.6
1280,3328,3072,0.387104,67610.9,0.761024,34391.1
1280,3328,3328,0.413728,68531.7,0.828,34243.4
1280,3328,3584,0.439328,69502.8,0.795456,38386.2
1280,3328,3840,0.477888,68458.7,0.80944,40417.5
1280,3328,4096,0.499456,69869.2,0.893984,39034.9
1280,3328,4352,0.533568,69490,0.891872,41572.8
1280,3328,4608,0.560224,70076.8,0.895904,43820.2
1280,3328,4864,0.587264,70564,0.993376,41716
1280,3328,5120,0.626976,69573.3,1.04285,41828.5
1280,3328,5376,0.653504,70086.5,0.970048,47216
1280,3328,5632,0.680704,70490,0.991424,48397.9
1280,3328,5888,0.701984,71460.1,1.00634,49848
1280,3328,6144,0.742336,70513.8,1.04822,49936.8
1280,3584,256,0.063648,36903.1,0.400832,5859.84
1280,3584,512,0.091936,51096.6,0.431456,10887.8
1280,3584,768,0.121728,57886.7,0.412192,17095
1280,3584,1024,0.151584,61980.4,0.521216,18025.6
1280,3584,1280,0.185536,63298,0.587584,19987
1280,3584,1536,0.207872,67795.9,0.566816,24863.2
1280,3584,1792,0.238112,69050.2,0.616064,26688.3
1280,3584,2048,0.265408,70798.5,0.678752,27683.9
1280,3584,2304,0.299648,70547.1,0.674656,31333.4
1280,3584,2560,0.328544,71491.5,0.670592,35025.9
1280,3584,2816,0.355072,72765.3,0.760544,33971.6
1280,3584,3072,0.39008,72256.3,0.745952,37784.9
1280,3584,3328,0.41216,74084.2,0.787296,38784.1
1280,3584,3584,0.444256,74018.9,0.862208,38138.5
1280,3584,3840,0.475936,74027.1,0.909856,38722.8
1280,3584,4096,0.500352,75109,0.903968,41573.3
1280,3584,4352,0.537504,74287.4,0.90656,44045.4
1280,3584,4608,0.558784,75661.8,0.885696,47734.9
1280,3584,4864,0.587904,75909.3,0.92752,48114.8
1280,3584,5120,0.631264,74416.1,0.975328,48164.5
1280,3584,5376,0.651904,75663,0.972352,50727.5
1280,3584,5632,0.675744,76469.5,0.999552,51697
1280,3584,5888,0.704512,76680.9,1.05418,51246.3
1280,3584,6144,0.739744,76204,1.07427,52474.1
1280,3840,256,0.06352,39618.7,0.46736,5384.68
1280,3840,512,0.092224,54575.4,0.428064,11758
1280,3840,768,0.126048,59895.8,0.42064,17948.2
1280,3840,1024,0.153568,65549.7,0.496992,20254.5
1280,3840,1280,0.183648,68516.5,0.604736,20807.3
1280,3840,1536,0.212576,71031,0.625568,24137.3
1280,3840,1792,0.240224,73331.9,0.596416,29536.6
1280,3840,2048,0.26608,75663.9,0.61968,32488.8
1280,3840,2304,0.298368,75910.4,0.595648,38024.5
1280,3840,2560,0.331168,75991.1,0.682528,36871.5
1280,3840,2816,0.354464,78096.5,0.7112,38923.5
1280,3840,3072,0.39104,77227.4,0.725952,41599.2
1280,3840,3328,0.41824,78222,0.804736,40653.8
1280,3840,3584,0.442048,79702.1,0.842208,41833.1
1280,3840,3840,0.47792,78985.5,0.860544,43866.1
1280,3840,4096,0.49792,80867,0.913696,44068.6
1280,3840,4352,0.532416,80354.3,0.865504,49430
1280,3840,4608,0.558752,81070.8,0.8624,52526.1
1280,3840,4864,0.5872,81428.9,0.96864,49363.1
1280,3840,5120,0.625696,80441.1,0.944736,53275.9
1280,3840,5376,0.647104,81668.8,0.96384,54830.9
1280,3840,5632,0.674784,82048.2,0.997728,55490.9
1280,3840,5888,0.704576,82150.7,1.01786,56866
1280,3840,6144,0.73792,81849,1.05286,57365.4
1280,4096,256,0.067232,39926.7,0.466688,5751.93
1280,4096,512,0.096256,55775.3,0.42784,12548.4
1280,4096,768,0.126656,63582.2,0.438624,18359.8
1280,4096,1024,0.154432,69528.5,0.478144,22456.5
1280,4096,1280,0.186464,71980.5,0.556672,24110.7
1280,4096,1536,0.214496,75088.2,0.6176,26078.6
1280,4096,1792,0.24224,77569.7,0.6976,26935.9
1280,4096,2048,0.267744,80206.6,0.644288,33331.1
1280,4096,2304,0.305408,79104.6,0.696896,34666.9
1280,4096,2560,0.332672,80690.7,0.675808,39720.7
1280,4096,2816,0.356896,82735.3,0.761184,38792.1
1280,4096,3072,0.391808,82214.4,0.756512,42580
1280,4096,3328,0.413792,84333.7,0.722272,48315.1
1280,4096,3584,0.442816,84868.1,0.813216,46212.8
1280,4096,3840,0.477888,84256.8,0.856864,46991.5
1280,4096,4096,0.497728,86291.5,0.845728,50784.3
1280,4096,4352,0.53632,85087.3,0.864768,52770.3
1280,4096,4608,0.559776,86317.4,0.957856,50444.3
1280,4096,4864,0.588512,86663.9,0.94928,53727.8
1280,4096,5120,0.622592,86231.6,0.967712,55478.4
1280,4096,5376,0.649184,86834.3,0.972064,57991.5
1280,4096,5632,0.677888,87117.3,1.08192,54584.3
1280,4096,5888,0.70368,87739,1.13405,54442.3
1280,4096,6144,0.736128,87518.1,1.108,58144.9
1280,4352,256,0.08128,35090.1,0.414656,6878.3
1280,4352,512,0.119904,47573.5,0.504512,11306.5
1280,4352,768,0.16368,52275,0.51248,16696
1280,4352,1024,0.203552,56047.1,0.549216,20772.4
1280,4352,1280,0.246848,57770.9,0.591232,24120.2
1280,4352,1536,0.282752,60522.2,0.756928,22608.2
1280,4352,1792,0.322624,61882.8,0.664224,30057.5
1280,4352,2048,0.35008,65176.6,0.696928,32739.4
1280,4352,2304,0.39904,64327.2,0.723136,35497
1280,4352,2560,0.441056,64665.9,0.822848,34661.6
1280,4352,2816,0.470048,66745.1,0.757056,41441.3
1280,4352,3072,0.529632,64621.3,0.858592,39862.4
1280,4352,3328,0.553632,66971.6,0.95904,38661.2
1280,4352,3584,0.589984,67679.4,1.02224,39061.1
1280,4352,3840,0.636736,67189.4,1.04442,40962.5
1280,4352,4096,0.654624,69710.3,1.04483,43675.9
1280,4352,4352,0.712192,68080.2,1.05766,45842.7
1280,4352,4608,0.749792,68470,1.11248,46147.6
1280,4352,4864,0.786336,68915.1,1.25024,43344
1280,4352,5120,0.832224,68542.3,1.18298,48219.5
1280,4352,5376,0.866752,69102.4,1.24074,48273.5
1280,4352,5632,0.900384,69688.9,1.27082,49375.2
1280,4352,5888,0.938304,69912.2,1.24803,52561.9
1280,4352,6144,0.980576,69807,1.31494,52056.2
1280,4608,256,0.085696,35239.7,0.432608,6980.68
1280,4608,512,0.133152,45360.2,0.44384,13608.1
1280,4608,768,0.169728,53377.7,0.554816,16329.2
1280,4608,1024,0.206848,58398.4,0.512512,23569.4
1280,4608,1280,0.254304,59375.8,0.605664,24930.5
1280,4608,1536,0.296832,61042.6,0.65552,27641.3
1280,4608,1792,0.329504,64154.9,0.689184,30672.9
1280,4608,2048,0.353408,68360.6,0.758176,31864.9
1280,4608,2304,0.412352,65912.4,0.76576,35493
1280,4608,2560,0.453024,66660.9,0.742432,40675.8
1280,4608,2816,0.481888,68934.9,0.787872,42162.8
1280,4608,3072,0.570304,63542.9,0.92592,39138.1
1280,4608,3328,0.612256,64121.4,0.897376,43748.3
1280,4608,3584,0.604736,69912.5,0.981728,43065.5
1280,4608,3840,0.65296,69374.1,1.03082,43944.3
1280,4608,4096,0.664416,72723.1,1.052,45930
1280,4608,4352,0.79984,64185.7,1.05261,48772.5
1280,4608,4608,0.847136,64167,1.20739,45021.2
1280,4608,4864,0.804768,71297.7,1.15597,49636.4
1280,4608,5120,0.842976,71648.5,1.19418,50577.1
1280,4608,5376,0.971584,65272.7,1.21142,52349.9
1280,4608,5632,0.920416,72182.3,1.40013,47451.2
1280,4608,5888,0.957664,72528.2,1.29754,53530.4
1280,4608,6144,1.10694,65475.4,1.34509,53883.1
1280,4864,256,0.084928,37533.8,0.409792,7778.75
1280,4864,512,0.135488,47054.7,0.442336,14412.9
1280,4864,768,0.174656,54753.4,0.509664,18763.4
1280,4864,1024,0.225216,56615.4,0.58656,21738.1
1280,4864,1280,0.278496,57230.1,0.635968,25061.6
1280,4864,1536,0.298976,63971.8,0.651616,29351.7
1280,4864,1792,0.352416,63316.4,0.666272,33490.4
1280,4864,2048,0.394208,64690.1,0.747552,34113.2
1280,4864,2304,0.450112,63737.6,0.847136,33865.9
1280,4864,2560,0.497792,64036.2,0.815808,39073.8
1280,4864,2816,0.529312,66245.2,0.861504,40701.4
1280,4864,3072,0.595744,64208.9,0.901632,42425.3
1280,4864,3328,0.615296,67349.2,0.941152,44030.9
1280,4864,3584,0.667104,66897.2,0.967104,46145.4
1280,4864,3840,0.720192,66392.1,1.03549,46176.4
1280,4864,4096,0.746368,68334.6,1.04816,48659.3
1280,4864,4352,0.805376,67285.8,1.16189,46640
1280,4864,4608,0.837088,68544.9,1.13158,50706
1280,4864,4864,0.883648,68540.6,1.19443,50706.7
1280,4864,5120,0.93712,68031.2,1.27594,49966
1280,4864,5376,0.975232,68641.2,1.20451,55575.3
1280,4864,5632,1.01408,69155.1,1.32086,53093.1
1280,4864,5888,1.05581,69441.1,1.30957,55985.2
1280,4864,6144,1.1031,69353.5,1.35686,56383
1280,5120,256,0.092544,36257.8,0.44128,7603.89
1280,5120,512,0.137376,48850.5,0.493408,13601.1
1280,5120,768,0.181504,55460.6,0.527648,19077.7
1280,5120,1024,0.22416,59875.9,0.585632,22918.4
1280,5120,1280,0.274656,61084.5,0.61712,27186.3
1280,5120,1536,0.320736,62770.2,0.641312,31392.9
1280,5120,1792,0.359872,65267.9,0.761536,30843.1
1280,5120,2048,0.395872,67808.6,0.746944,35937.8
1280,5120,2304,0.447616,67466.3,0.81248,37168.9
1280,5120,2560,0.497632,67428.2,0.843104,39798.7
1280,5120,2816,0.52944,69714.9,0.884288,41739.7
1280,5120,3072,0.601408,66951.8,0.909088,44292
1280,5120,3328,0.62432,69869.2,0.943776,46219.4
1280,5120,3584,0.661344,71031.4,0.999296,47009.3
1280,5120,3840,0.720896,69818.2,1.01318,49676.7
1280,5120,4096,0.744672,72095,1.05347,50962
1280,5120,4352,0.804736,70883.5,1.10541,51603.2
1280,5120,4608,0.84368,71588.7,1.14099,52934.6
1280,5120,4864,0.885088,72030.6,1.24234,51317.4
1280,5120,5120,0.944032,71087.5,1.29898,51662.9
1280,5120,5376,0.978528,72010.5,1.2897,54636.4
1280,5120,5632,1.02192,72236.3,1.29018,57216.8
1280,5120,5888,1.05942,72846.4,1.39315,55396.1
1280,5120,6144,1.11475,72240.9,1.3223,60901.8
1280,5376,256,0.093632,37628.3,0.421408,8360.58
1280,5376,512,0.138816,50760.9,0.49776,14156.3
1280,5376,768,0.186656,56626.3,0.550944,19184.6
1280,5376,1024,0.227744,61880.3,0.566912,24859
1280,5376,1280,0.284896,61833.4,0.63248,27852.4
1280,5376,1536,0.322624,65523,0.693856,30466.4
1280,5376,1792,0.364224,67712.5,0.711648,34655.5
1280,5376,2048,0.40224,70071.9,0.744608,37853.1
1280,5376,2304,0.454848,69713.3,0.791456,40064.1
1280,5376,2560,0.50096,70329.3,0.794816,44327.4
1280,5376,2816,0.533248,72677.9,0.858528,45141.6
1280,5376,3072,0.611776,69107.9,0.985184,42914.4
1280,5376,3328,0.631136,72570.4,1.10685,41380.4
1280,5376,3584,0.676192,72945.3,1.0889,45298.2
1280,5376,3840,0.729088,72485.4,1.18326,44663.1
1280,5376,4096,0.75008,75153.9,1.22387,46059.9
1280,5376,4352,0.816576,73348.5,1.14349,52378.9
1280,5376,4608,0.855232,74152.8,1.2151,52191.3
1280,5376,4864,0.899552,74416,1.20557,55526.6
1280,5376,5120,0.957728,73574.4,1.24003,56824.6
1280,5376,5376,1.00771,73421.3,1.25955,58741.1
1280,5376,5632,1.03779,74688.1,1.40275,55256.2
1280,5376,5888,1.08003,75029.2,1.41475,57277.9
1280,5376,6144,1.13773,74321.1,1.50461,56198.8
1280,5632,256,0.095296,38731.8,0.464032,7954.17
1280,5632,512,0.140576,52512.3,0.423616,17426.1
1280,5632,768,0.188,58898.7,0.474368,23342.6
1280,5632,1024,0.22736,64936.4,0.559872,26370.2
1280,5632,1280,0.282624,65298.5,0.62384,29582.8
1280,5632,1536,0.324736,68196.7,0.62656,35345.3
1280,5632,1792,0.36528,70731.8,0.696,37122
1280,5632,2048,0.40432,73031,0.759136,38896.7
1280,5632,2304,0.455136,72986.7,0.802368,41401.1
1280,5632,2560,0.50576,72979,0.858048,43016.1
1280,5632,2816,0.535616,75802.2,0.851008,47709.1
1280,5632,3072,0.609024,72726,0.937952,47221.9
1280,5632,3328,0.636832,75346.1,1.04768,45799.1
1280,5632,3584,0.683904,75557.1,1.1513,44883.2
1280,5632,3840,0.736064,75217.4,1.14474,48364.7
1280,5632,4096,0.7568,78033.6,1.14736,51471
1280,5632,4352,0.817344,76769.1,1.18717,52854.2
1280,5632,4608,0.852416,77940.6,1.24451,53384.6
1280,5632,4864,0.90528,77466.4,1.16726,60079.6
1280,5632,5120,0.971168,76011.3,1.36294,54162
1280,5632,5376,1.00179,77372.1,1.29162,60010.7
1280,5632,5632,1.04368,77803.3,1.31162,61909.7
1280,5632,5888,1.0944,77570.1,1.3143,64591.4
1280,5632,6144,1.12643,78641,1.39328,63579.3
1280,5888,256,0.09648,39995.4,0.438304,8803.84
1280,5888,512,0.139328,55391,0.468864,16460
1280,5888,768,0.189312,61149.2,0.544608,21256.2
1280,5888,1024,0.232,66530.3,0.559424,27590.9
1280,5888,1280,0.280032,68898.5,0.632576,30500.4
1280,5888,1536,0.327072,70787.3,0.693504,33384.9
1280,5888,1792,0.368192,73362,0.743136,36347.7
1280,5888,2048,0.400672,77045.8,0.69696,44292.5
1280,5888,2304,0.454624,76390.2,0.838112,41437
1280,5888,2560,0.508352,75907.2,0.909088,42446.5
1280,5888,2816,0.537856,78917.7,1.01181,41951
1280,5888,3072,0.61024,75880.2,1.05427,43921.4
1280,5888,3328,0.635712,78909.7,1.06784,46977
1280,5888,3584,0.694816,77751,1.08275,49893.8
1280,5888,3840,0.72912,79385.3,1.14816,50412.3
1280,5888,4096,0.758528,81394.7,1.17939,52349.1
1280,5888,4352,0.815552,80435,1.1951,54889.7
1280,5888,4608,0.856352,81108.8,1.2049,57646.2
1280,5888,4864,0.89424,81987.4,1.23683,59277.6
1280,5888,5120,0.957536,80597.7,1.3185,58532.7
1280,5888,5376,0.994048,81519.2,1.38858,58357.6
1280,5888,5632,1.02973,82441.9,1.38662,61222.6
1280,5888,5888,1.07174,82810.3,1.33312,66574.3
1280,5888,6144,1.12083,82626.3,1.35296,68450.1
1280,6144,256,0.09872,40787.4,0.428,9407.78
1280,6144,512,0.143072,56286.8,0.475872,16922.8
1280,6144,768,0.190336,63464.6,0.488288,24738.7
1280,6144,1024,0.232608,69241.5,0.518688,31051.7
1280,6144,1280,0.285376,70547.8,0.632512,31829.7
1280,6144,1536,0.32928,73369.8,0.657056,36768.8
1280,6144,1792,0.368768,76432.1,0.719968,39148.6
1280,6144,2048,0.402848,79961.3,0.738208,43635.7
1280,6144,2304,0.461024,78605,0.916608,39535.8
1280,6144,2560,0.5072,79387.5,0.92336,43607.4
1280,6144,2816,0.53488,82807.1,0.96944,45688.1
1280,6144,3072,0.606496,79668.1,0.961088,50274.7
1280,6144,3328,0.638976,81920,1.07178,48839.4
1280,6144,3584,0.678624,83067.3,1.09718,51378.3
1280,6144,3840,0.727136,83062.8,1.1761,51354.6
1280,6144,4096,0.750336,85860.9,1.22141,52746.1
1280,6144,4352,0.811296,84372.5,1.13642,60234.1
1280,6144,4608,0.852896,84978.2,1.15795,62591.2
1280,6144,4864,0.894816,85497,1.20813,63324.5
1280,6144,5120,0.94832,84919.3,1.24285,64795.2
1280,6144,5376,0.990304,85385.1,1.28422,65843
1280,6144,5632,1.02813,86160.2,1.40688,62964.6
1280,6144,5888,1.07216,86377.2,1.3432,68947.5
1280,6144,6144,1.11581,86607,1.48202,65206.3
1536,256,256,0.021728,9265.77,0.404096,498.215
1536,256,512,0.029408,13692,0.353312,1139.65
1536,256,768,0.037344,16173.4,0.36656,1647.7
1536,256,1024,0.046304,17391.7,0.401952,2003.49
1536,256,1280,0.05296,19007.4,0.409888,2455.87
1536,256,1536,0.068736,17573.9,0.406464,2971.87
1536,256,1792,0.07984,17651.4,0.412416,3417.15
1536,256,2048,0.086016,18724.6,0.406336,3963.75
1536,256,2304,0.097184,18644.4,0.500736,3618.55
1536,256,2560,0.105696,19047.7,0.42768,4707.41
1536,256,2816,0.11408,19412.6,0.43728,5064.47
1536,256,3072,0.125952,19181.3,0.425088,5683.34
1536,256,3328,0.132736,19717.7,0.375456,6970.85
1536,256,3584,0.142624,19762.3,0.465216,6058.63
1536,256,3840,0.1504,20079.1,0.457856,6595.74
1536,256,4096,0.157088,20505.9,0.438304,7349.3
1536,256,4352,0.16912,20237.4,0.565408,6053.24
1536,256,4608,0.178752,20273.2,0.53664,6752.9
1536,256,4864,0.188608,20281.2,0.518752,7373.86
1536,256,5120,0.198272,20308.1,0.488544,8241.9
1536,256,5376,0.205312,20592.4,0.549728,7690.82
1536,256,5632,0.217696,20345.7,0.559744,7912.88
1536,256,5888,0.226656,20429.7,0.58912,7860.05
1536,256,6144,0.233312,20709.8,0.56448,8559.8
1536,512,256,0.022592,17822.8,0.35616,1130.54
1536,512,512,0.03056,26351.6,0.326176,2468.93
1536,512,768,0.039296,30740,0.403072,2996.88
1536,512,1024,0.052928,30430.3,0.383136,4203.76
1536,512,1280,0.0632,31855.5,0.409344,4918.27
1536,512,1536,0.073824,32725.4,0.438496,5509.56
1536,512,1792,0.083488,33760.2,0.460704,6117.97
1536,512,2048,0.089824,35861.5,0.454816,7082.48
1536,512,2304,0.101152,35826.1,0.439424,8246.88
1536,512,2560,0.109536,36759.9,0.451264,8922.79
1536,512,2816,0.117856,37581.3,0.468256,9458.9
1536,512,3072,0.127328,37948,0.480672,10052.3
1536,512,3328,0.137664,38023.7,0.497536,10520.8
1536,512,3584,0.147776,38146.6,0.466624,12080.7
1536,512,3840,0.156064,38700.8,0.582208,10374
1536,512,4096,0.162784,39576.7,0.537856,11978
1536,512,4352,0.173344,39488.6,0.556864,12292.2
1536,512,4608,0.182048,39812.3,0.505696,14332.2
1536,512,4864,0.193984,39438.4,0.507008,15089.3
1536,512,5120,0.20528,39229.7,0.520864,15461
1536,512,5376,0.212896,39717.6,0.583328,14495.6
1536,512,5632,0.222464,39819.3,0.612832,14454.8
1536,512,5888,0.230304,40212.2,0.586432,15792.2
1536,512,6144,0.2376,40672,0.530016,18232.8
1536,768,256,0.023296,25926.3,0.32256,1872.46
1536,768,512,0.033152,36437,0.391776,3083.29
1536,768,768,0.044192,41001.5,0.408416,4436.5
1536,768,1024,0.053696,44992.5,0.37888,6376.48
1536,768,1280,0.064224,47021.3,0.480192,6288.94
1536,768,1536,0.074432,48687.1,0.429664,8434.22
1536,768,1792,0.083584,50582.1,0.458784,9215.36
1536,768,2048,0.09008,53639.4,0.535488,9023.24
1536,768,2304,0.103104,52721.7,0.544,9992.31
1536,768,2560,0.111808,54019.4,0.526464,11472.4
1536,768,2816,0.120736,55027.3,0.488768,13592.9
1536,768,3072,0.130912,55363.6,0.569536,12725.7
1536,768,3328,0.139232,56393.2,0.490848,15996.3
1536,768,3584,0.148672,56875,0.584576,14464.7
1536,768,3840,0.158976,56987.8,0.532192,17023.4
1536,768,4096,0.163104,59248.6,0.53104,18197.6
1536,768,4352,0.175904,58370.8,0.550688,18645.1
1536,768,4608,0.18832,57729.6,0.523968,20748.7
1536,768,4864,0.195264,58769.7,0.532864,21535.7
1536,768,5120,0.204512,59065.5,0.620192,19477.2
1536,768,5376,0.213984,59273.5,0.626432,20247.3
1536,768,5632,0.227488,58409.9,0.611904,21715.1
1536,768,5888,0.233664,59450.9,0.576352,24102.5
1536,768,6144,0.243648,59493.7,0.568192,25511.6
1536,1024,256,0.032576,24720.8,0.33824,2380.87
1536,1024,512,0.04752,33893.4,0.416992,3862.45
1536,1024,768,0.060896,39672.9,0.367328,6577.01
1536,1024,1024,0.07616,42295.5,0.444832,7241.44
1536,1024,1280,0.09104,44228.2,0.567424,7096.16
1536,1024,1536,0.105792,45673,0.482752,10008.9
1536,1024,1792,0.119104,47329.6,0.467296,12063.3
1536,1024,2048,0.132256,48712,0.487328,13219.9
1536,1024,2304,0.147584,49109.4,0.46304,15652.6
1536,1024,2560,0.161184,49961.9,0.568448,14166.8
1536,1024,2816,0.17584,50377.4,0.537376,16484.5
1536,1024,3072,0.19008,50840,0.53328,18121.2
1536,1024,3328,0.204928,51086.2,0.595168,17590
1536,1024,3584,0.21888,51509,0.542176,20794.5
1536,1024,3840,0.233888,51646.9,0.568928,21232.2
1536,1024,4096,0.247424,52076.2,0.57744,22313.8
1536,1024,4352,0.261792,52294.2,0.5712,23967.5
1536,1024,4608,0.277376,52259.4,0.586368,24720.8
1536,1024,4864,0.292416,52325.5,0.598656,25558.6
1536,1024,5120,0.306624,52527.3,0.67984,23691.1
1536,1024,5376,0.320192,52816.5,0.686336,24640.2
1536,1024,5632,0.33488,52904.7,0.637632,27785.2
1536,1024,5888,0.348576,53136.3,0.644224,28750.9
1536,1024,6144,0.36384,53120.5,0.641408,30132.7
1536,1280,256,0.032096,31363.2,0.33792,2978.91
1536,1280,512,0.047424,42452.5,0.417344,4824
1536,1280,768,0.061824,48846.7,0.442176,6829.63
1536,1280,1024,0.075232,53521.5,0.402752,9997.55
1536,1280,1280,0.090176,55814.9,0.397792,12652.8
1536,1280,1536,0.103776,58200.3,0.426112,14174.2
1536,1280,1792,0.11888,59273.5,0.461184,15279
1536,1280,2048,0.13264,60713.7,0.478912,16815.3
1536,1280,2304,0.147328,61493.4,0.457728,19792.8
1536,1280,2560,0.162368,61997,0.600864,16753.1
1536,1280,2816,0.1752,63201.8,0.56704,19527.7
1536,1280,3072,0.19088,63283.7,0.611392,19757.5
1536,1280,3328,0.205376,63718.4,0.585504,22350.4
1536,1280,3584,0.218624,64461.6,0.657952,21419.3
1536,1280,3840,0.233472,64673.7,0.587296,25710.2
1536,1280,4096,0.246464,65348.8,0.628896,25610.2
1536,1280,4352,0.26208,65295.9,0.569376,30055.3
1536,1280,4608,0.275296,65817.9,0.631904,28674.3
1536,1280,4864,0.289568,66050.2,0.632448,30241.3
1536,1280,5120,0.305408,65920.5,0.692544,29070.6
1536,1280,5376,0.318784,66312.3,0.727488,29057.9
1536,1280,5632,0.334208,66263.9,0.668128,33146.2
1536,1280,5888,0.347904,66548.7,0.678624,34116.9
1536,1280,6144,0.361024,66918.5,0.69248,34887.9
1536,1536,256,0.034976,34536.8,0.457696,2639.22
1536,1536,512,0.048832,49474.1,0.44944,5375.4
1536,1536,768,0.063776,56822,0.40048,9048.84
1536,1536,1024,0.076352,63283.7,0.401984,12020
1536,1536,1280,0.093504,64594,0.473376,12759
1536,1536,1536,0.106144,68282.3,0.442624,16374.5
1536,1536,1792,0.120416,70220.9,0.494688,17093
1536,1536,2048,0.132416,72979.7,0.472128,20468.3
1536,1536,2304,0.149504,72718,0.507648,21415.7
1536,1536,2560,0.163424,73915.7,0.536384,22520.4
1536,1536,2816,0.177536,74844.3,0.532096,24972.1
1536,1536,3072,0.194112,74676,0.531296,27283.3
1536,1536,3328,0.208256,75404.7,0.571488,27478.2
1536,1536,3584,0.221664,76293.1,0.551648,30656.2
1536,1536,3840,0.236896,76486.7,0.563936,32130.2
1536,1536,4096,0.249568,77443.2,0.58944,32789.3
1536,1536,4352,0.265632,77307.4,0.664736,30892.4
1536,1536,4608,0.2776,78325.9,0.577152,37673.4
1536,1536,4864,0.292896,78359.7,0.62304,36837.5
1536,1536,5120,0.311168,77640.3,0.72016,33547
1536,1536,5376,0.321568,78885.8,0.6664,38066
1536,1536,5632,0.336256,79032.4,0.676032,39310.4
1536,1536,5888,0.349248,79551.1,0.690592,40230.8
1536,1536,6144,0.365824,79248.6,0.78688,36843
1536,1792,256,0.04992,28230.9,0.452704,3113.04
1536,1792,512,0.07376,38212.7,0.466144,6046.57
1536,1792,768,0.098048,43120.3,0.41776,10120.3
1536,1792,1024,0.12144,46419.2,0.490304,11497.2
1536,1792,1280,0.144672,48706.2,0.446848,15769.2
1536,1792,1536,0.16848,50188.3,0.50192,16846.7
1536,1792,1792,0.194016,50846.3,0.539904,18271.8
1536,1792,2048,0.213952,52695.4,0.514368,21918.7
1536,1792,2304,0.240544,52728.7,0.605664,20941.6
1536,1792,2560,0.267136,52755.4,0.651136,21643.5
1536,1792,2816,0.290688,53329.2,0.663424,23366.9
1536,1792,3072,0.315648,53576.9,0.656896,25744.5
1536,1792,3328,0.33776,54241.8,0.699712,26183.2
1536,1792,3584,0.359008,54957,0.697632,28281.4
1536,1792,3840,0.387424,54563.7,0.743584,28428.9
1536,1792,4096,0.404416,55755.9,0.71952,31338.4
1536,1792,4352,0.43168,55499.1,0.793664,30186.4
1536,1792,4608,0.453568,55928,0.81936,30959.7
1536,1792,4864,0.478848,55918.4,0.870912,30745.3
1536,1792,5120,0.507616,55525.7,0.876192,32168.4
1536,1792,5376,0.52848,56000.2,0.911712,32460.9
1536,1792,5632,0.54896,56478.2,0.847552,36581
1536,1792,5888,0.573248,56543.7,0.889056,36458.4
1536,1792,6144,0.596448,56707.2,0.915904,36928.4
1536,2048,256,0.052256,30821.6,0.405568,3971.25
1536,2048,512,0.076576,42065.7,0.410368,7849.6
1536,2048,768,0.100576,48041.7,0.43568,11090.3
1536,2048,1024,0.128192,50256.3,0.454496,14174.9
1536,2048,1280,0.150176,53624.2,0.540064,14911.3
1536,2048,1536,0.1736,55666.3,0.670048,14422.4
1536,2048,1792,0.200928,56111.1,0.586112,19235.7
1536,2048,2048,0.2168,59432.2,0.618784,20822.9
1536,2048,2304,0.249056,58201.8,0.588544,24629.4
1536,2048,2560,0.272608,59081.6,0.631776,25493.4
1536,2048,2816,0.29472,60113.8,0.63136,28061.2
1536,2048,3072,0.321792,60061.6,0.654912,29511.4
1536,2048,3328,0.34672,60388.7,0.756608,27673.5
1536,2048,3584,0.371296,60729.4,0.76256,29569.6
1536,2048,3840,0.389024,62102.1,0.749664,32226.7
1536,2048,4096,0.40752,63235.7,0.782144,32947.6
1536,2048,4352,0.440992,62088.2,0.77376,35386.2
1536,2048,4608,0.460416,62967,0.864096,33550.7
1536,2048,4864,0.484,63226.5,0.89008,34380.8
1536,2048,5120,0.514912,62558.8,0.835712,38544.7
1536,2048,5376,0.531264,63664.9,0.949312,35628.8
1536,2048,5632,0.556832,63634.1,0.9272,38215.6
1536,2048,5888,0.574272,64506.2,0.89744,41277.5
1536,2048,6144,0.611232,63240.6,0.985248,39233.5
1536,2304,256,0.05024,36065.7,0.398624,4545.48
1536,2304,512,0.076288,47502.6,0.373824,9694.08
1536,2304,768,0.103936,52299.7,0.50672,10727.5
1536,2304,1024,0.14496,49998.3,0.441152,16429.2
1536,2304,1280,0.154624,58591.8,0.513888,17629.7
1536,2304,1536,0.203968,53300.7,0.547648,19851.5
1536,2304,1792,0.202784,62547.2,0.576352,22006.6
1536,2304,2048,0.219616,66003.9,0.608,23841.3
1536,2304,2304,0.24848,65628.8,0.654336,24922.1
1536,2304,2560,0.319776,56662.8,0.65904,27493.6
1536,2304,2816,0.295488,67452.3,0.75056,26555.3
1536,2304,3072,0.326752,66543.7,0.815424,26665
1536,2304,3328,0.40224,58560.1,0.707104,33312.2
1536,2304,3584,0.367488,69028.5,0.695104,36494
1536,2304,3840,0.394048,68974.1,0.819392,33169.8
1536,2304,4096,0.410336,70651.9,0.835552,34696.9
1536,2304,4352,0.440832,69874.6,0.7488,41136.4
1536,2304,4608,0.546592,59669.6,0.881504,36999.2
1536,2304,4864,0.489408,70343.9,0.826304,41663.7
1536,2304,5120,0.52352,69221.4,0.854112,42428.6
1536,2304,5376,0.637152,59720,0.865792,43949
1536,2304,5632,0.55888,71326,0.899808,44301.3
1536,2304,5888,0.690528,60351.8,0.993824,41933.6
1536,2304,6144,0.727392,59784.2,1.00365,43328.5
1536,2560,256,0.054432,36986.8,0.37776,5329.48
1536,2560,512,0.089248,45116.2,0.424416,9487.23
1536,2560,768,0.11904,50737.5,0.4456,13554.3
1536,2560,1024,0.147488,54601.5,0.4768,16889.8
1536,2560,1280,0.17632,57091.3,0.505632,19908.4
1536,2560,1536,0.206528,58488.9,0.5416,22303.5
1536,2560,1792,0.232032,60736.7,0.592864,23770.8
1536,2560,2048,0.260544,61817.3,0.62048,25957.5
1536,2560,2304,0.2888,62740.3,0.60624,29888.2
1536,2560,2560,0.322048,62514.5,0.758816,26531.7
1536,2560,2816,0.348224,63596.8,0.810624,27319.6
1536,2560,3072,0.378784,63780.9,0.757248,31903.9
1536,2560,3328,0.407904,64163.3,0.750336,34881
1536,2560,3584,0.434016,64941.7,0.78592,35863.3
1536,2560,3840,0.470176,64229.1,0.818304,36904.4
1536,2560,4096,0.49568,64986,0.810976,39720.4
1536,2560,4352,0.522144,65548,0.865568,39541.1
1536,2560,4608,0.549824,65909.8,0.793088,45693.3
1536,2560,4864,0.578304,66145.2,0.800352,47794
1536,2560,5120,0.614784,65495.1,0.837408,48083.3
1536,2560,5376,0.63968,66093.3,0.913504,46281.8
1536,2560,5632,0.664608,66643.6,0.934176,47412.7
1536,2560,5888,0.693824,66739,1.00653,46004.8
1536,2560,6144,0.729184,66263.6,0.956736,50503.4
1536,2816,256,0.06048,36616.9,0.420032,5272.44
1536,2816,512,0.09248,47893.4,0.420864,10524
1536,2816,768,0.119776,55468.4,0.412928,16089.4
1536,2816,1024,0.14864,59596.1,0.504832,17547.2
1536,2816,1280,0.180832,61233.4,0.539168,20537.1
1536,2816,1536,0.20864,63686.5,0.60016,22140
1536,2816,1792,0.236448,65562.6,0.655936,23633.6
1536,2816,2048,0.26384,67149.6,0.672288,26352.9
1536,2816,2304,0.296096,67313.8,0.784992,25390.5
1536,2816,2560,0.328,67518.1,0.71472,30985.5
1536,2816,2816,0.350752,69452.3,0.777952,31313.7
1536,2816,3072,0.387392,68600,0.761792,34885
1536,2816,3328,0.410752,70090.2,0.918048,31359.7
1536,2816,3584,0.439328,70572.1,0.937312,33077.9
1536,2816,3840,0.473472,70160.2,0.905856,36671.3
1536,2816,4096,0.49712,71277.5,0.999168,35463
1536,2816,4352,0.534592,70423.9,0.887488,42420.9
1536,2816,4608,0.555648,71740.9,0.902112,44188.2
1536,2816,4864,0.587328,71641.8,0.960736,43796.9
1536,2816,5120,0.620704,71357.4,1.02954,43021.2
1536,2816,5376,0.650528,71490.3,0.992512,46857.3
1536,2816,5632,0.675392,72137.4,1.06067,45934.1
1536,2816,5888,0.70336,72417.6,1.10262,46194.9
1536,2816,6144,0.735168,72296.7,1.0023,53028
1536,3072,256,0.062624,38578.2,0.422528,5717.77
1536,3072,512,0.093664,51586.9,0.442528,10918.7
1536,3072,768,0.122464,59182.8,0.461024,15721
1536,3072,1024,0.14976,64527.8,0.488832,19768.9
1536,3072,1280,0.183072,65982.8,0.57616,20965.7
1536,3072,1536,0.207744,69775.9,0.595488,24342.2
1536,3072,1792,0.236896,71387.6,0.588576,28732.8
1536,3072,2048,0.265408,72821.3,0.68272,28309.3
1536,3072,2304,0.294432,73848.2,0.713504,30473.9
1536,3072,2560,0.327136,73850.6,0.710592,33998.7
1536,3072,2816,0.353248,75230.7,0.891264,29817.3
1536,3072,3072,0.385536,75196.7,0.906464,31982.5
1536,3072,3328,0.408704,76845.2,0.880256,35679.3
1536,3072,3584,0.439328,76987.7,0.860352,39312.8
1536,3072,3840,0.475648,76188.2,0.921568,39323
1536,3072,4096,0.498048,77612.4,0.916032,42198
1536,3072,4352,0.530752,77381.9,0.923744,44461
1536,3072,4608,0.556992,78073.9,0.8872,49015.5
1536,3072,4864,0.58352,78664.8,0.915584,50134.6
1536,3072,5120,0.620448,77876.6,1.0008,48279.8
1536,3072,5376,0.645344,78615.9,0.98768,51367.1
1536,3072,5632,0.670432,79277.6,1.02253,51979.2
1536,3072,5888,0.69808,79598.5,1.03683,53592.2
1536,3072,6144,0.728768,79561.8,1.02179,56745.5
1536,3328,256,0.065952,39684.1,0.401952,6511.34
1536,3328,512,0.095424,54855.1,0.427904,12232.9
1536,3328,768,0.12672,61961.3,0.446208,17596.6
1536,3328,1024,0.152768,68528.6,0.499424,20962.1
1536,3328,1280,0.182848,71568.9,0.526688,24846.3
1536,3328,1536,0.21264,73850,0.644192,24377
1536,3328,1792,0.239712,76428,0.601152,30476
1536,3328,2048,0.268576,77959.2,0.684064,30608.2
1536,3328,2304,0.295872,79612.8,0.66096,35637.9
1536,3328,2560,0.32848,79677.5,0.690016,37930.2
1536,3328,2816,0.351744,81848.5,0.802688,35866.6
1536,3328,3072,0.38784,80979.1,0.787712,39871.1
1536,3328,3328,0.412544,82474.1,0.91168,37320.3
1536,3328,3584,0.43984,83306.3,0.939456,39002.8
1536,3328,3840,0.47392,82838.2,0.886976,44261.3
1536,3328,4096,0.501856,83442.1,0.957504,43734.5
1536,3328,4352,0.529184,84078.8,0.925472,48076.2
1536,3328,4608,0.559584,84188.3,0.882688,53371.5
1536,3328,4864,0.587744,84607.7,0.912832,54476.3
1536,3328,5120,0.619744,84462.2,0.902304,58012.5
1536,3328,5376,0.644128,85328,0.95664,57453.3
1536,3328,5632,0.66928,86031.9,0.982272,58618.6
1536,3328,5888,0.700928,85881.4,1.07821,55830.3
1536,3328,6144,0.73152,85867.6,1.01443,61920.3
1536,3584,256,0.079744,35345.3,0.466048,6047.82
1536,3584,512,0.120256,46876.2,0.4608,12233.4
1536,3584,768,0.161312,52418.4,0.528672,15994.3
1536,3584,1024,0.202784,55597.5,0.559296,20158
1536,3584,1280,0.242208,58185,0.611904,23031.2
1536,3584,1536,0.282592,59844,0.623168,27137.8
1536,3584,1792,0.31568,62500,0.71072,27760.6
1536,3584,2048,0.347904,64812.6,0.762304,29579.5
1536,3584,2304,0.397088,63882.9,0.80688,31438.6
1536,3584,2560,0.435776,64679.4,0.817856,34462.9
1536,3584,2816,0.46848,66180.6,0.886528,34972.7
1536,3584,3072,0.517312,65382,0.894496,37812.2
1536,3584,3328,0.54864,66785.9,0.96064,38142.7
1536,3584,3584,0.588416,67061.4,1.00374,39312.8
1536,3584,3840,0.630336,67073.1,1.01395,41696.8
1536,3584,4096,0.651648,69204.8,1.07475,41960.5
1536,3584,4352,0.701216,68332.3,1.10698,43285.2
1536,3584,4608,0.741728,68400.1,1.11693,45423.1
1536,3584,4864,0.775712,69037.1,1.172,45693.6
1536,3584,5120,0.821408,68627.8,1.22678,45950.6
1536,3584,5376,0.854336,69281.9,1.24115,47689.6
1536,3584,5632,0.893664,69386.9,1.29312,47952.7
1536,3584,5888,0.928256,69837.6,1.36278,47569.7
1536,3584,6144,0.97264,69548.6,1.39075,48639.7
1536,3840,256,0.087264,34606.5,0.406752,7424.42
1536,3840,512,0.138656,43559.6,0.506464,11925.4
1536,3840,768,0.166592,54382.5,0.483168,18750.6
1536,3840,1024,0.208576,57914.6,0.491968,24553.6
1536,3840,1280,0.253056,59668.6,0.676256,22328.1
1536,3840,1536,0.291744,62107.2,0.630176,28752.9
1536,3840,1792,0.326688,64707.9,0.669824,31559.5
1536,3840,2048,0.352864,68466,0.691392,34942.8
1536,3840,2304,0.404032,67269.6,0.748672,36303.1
1536,3840,2560,0.44688,67577.4,0.816992,36963.6
1536,3840,2816,0.474464,70013.5,0.853728,38910.4
1536,3840,3072,0.573856,63149.6,0.925472,39157.1
1536,3840,3328,0.5616,69905.1,0.951552,41257.5
1536,3840,3584,0.598848,70599.9,0.984288,42953.5
1536,3840,3840,0.703936,64350.3,1.00694,44986.1
1536,3840,4096,0.663168,72859.9,1.05725,45702
1536,3840,4352,0.791168,64889.2,1.07789,47628.6
1536,3840,4608,0.827936,65655.1,1.1104,48953.7
1536,3840,4864,0.871424,65844,1.15005,49891.9
1536,3840,5120,0.93072,64893.8,1.25194,48243.7
1536,3840,5376,0.876288,72371,1.23318,51426.1
1536,3840,5632,1.00285,66249.1,1.32534,50128.7
1536,3840,5888,1.04541,66440.7,1.38038,50317.6
1536,3840,6144,1.09632,66109.9,1.35424,53519
1536,4096,256,0.082528,39031.9,0.454176,7092.46
1536,4096,512,0.137056,47006,0.45136,14273.4
1536,4096,768,0.179712,53773.1,0.477184,20251.5
1536,4096,1024,0.20896,61662.1,0.52032,24763.4
1536,4096,1280,0.270208,59606.4,0.641504,25106.8
1536,4096,1536,0.31552,61255.6,0.664544,29083.6
1536,4096,1792,0.351328,64181,0.765536,29454.6
1536,4096,2048,0.396576,64980.7,0.732416,35184.7
1536,4096,2304,0.436992,66342.2,0.80608,35965.4
1536,4096,2560,0.495072,65065.8,0.898336,35857.7
1536,4096,2816,0.522528,67811.6,0.918784,38565.6
1536,4096,3072,0.577216,66967.5,0.860416,44925.6
1536,4096,3328,0.612224,68399.7,0.877664,47712.9
1536,4096,3584,0.65808,68528.4,0.97088,46449.8
1536,4096,3840,0.70976,68077.1,0.995424,48540.5
1536,4096,4096,0.745984,69089.4,1.03917,49597
1536,4096,4352,0.797024,68706.6,1.09226,50135.5
1536,4096,4608,0.835104,69430.9,1.12704,51446.3
1536,4096,4864,0.87328,70084.4,1.24483,49165.9
1536,4096,5120,0.927104,69490.1,1.25696,51254.2
1536,4096,5376,0.971168,69654,1.26054,53663.9
1536,4096,5632,1.00221,70710.8,1.33366,53137
1536,4096,5888,1.0495,70593.5,1.28435,57685.3
1536,4096,6144,1.09626,70521.3,1.44291,53578.7
1536,4352,256,0.092896,36842.8,0.442048,7742.49
1536,4352,512,0.137344,49839.1,0.496096,13797.9
1536,4352,768,0.181952,56430.6,0.539136,19044.6
1536,4352,1024,0.227104,60281.7,0.51792,26433.1
1536,4352,1280,0.27408,62437.1,0.674112,25385.6
1536,4352,1536,0.31536,65117,0.676512,30354.7
1536,4352,1792,0.353248,67821.7,0.767808,31202.9
1536,4352,2048,0.393536,69575.4,0.734272,37289.2
1536,4352,2304,0.44288,69551.5,0.797024,38647.5
1536,4352,2560,0.493888,69298.1,0.80832,42341.5
1536,4352,2816,0.526496,71506.9,0.90032,41816.3
1536,4352,3072,0.584192,70303.3,0.877856,46785.1
1536,4352,3328,0.620736,71678.1,1.09059,40797.3
1536,4352,3584,0.661088,72480.1,1.08867,44013
1536,4352,3840,0.723392,70968.8,1.15405,44485.4
1536,4352,4096,0.744896,73514.7,1.1633,47073.9
1536,4352,4352,0.80176,72569.6,1.1087,52478.7
1536,4352,4608,0.839104,73418.7,1.12045,54983.3
1536,4352,4864,0.88064,73842.3,1.18,55108.9
1536,4352,5120,0.943616,72541.2,1.2864,53211.3
1536,4352,5376,0.980224,73323.6,1.31626,54604.6
1536,4352,5632,1.01562,74138.4,1.42899,52691.8
1536,4352,5888,1.05549,74580.4,1.39283,56517
1536,4352,6144,1.11245,73838.3,1.44685,56772.5
1536,4608,256,0.094976,38155.7,0.453248,7995.36
1536,4608,512,0.136928,52931.2,0.51376,14107.3
1536,4608,768,0.182368,59613.7,0.512416,21216.4
1536,4608,1024,0.228,63576.8,0.549408,26383.9
1536,4608,1280,0.276224,65596.7,0.59904,30247.4
1536,4608,1536,0.318688,68227.5,0.64032,33956.9
1536,4608,1792,0.357824,70892.8,0.718528,35304.3
1536,4608,2048,0.39776,72885.7,0.770176,37642.1
1536,4608,2304,0.446208,73093.5,0.783104,41648.2
1536,4608,2560,0.498784,72654.3,0.819328,44229.9
1536,4608,2816,0.5336,74705.1,0.903104,44139.6
1536,4608,3072,0.595264,73054.2,0.960032,45297
1536,4608,3328,0.624128,75482,0.952544,49457.5
1536,4608,3584,0.665344,76252.7,1.00477,50493.5
1536,4608,3840,0.724704,75007.4,0.998688,54429.6
1536,4608,4096,0.744064,77926.2,1.06624,54379.9
1536,4608,4352,0.805696,76463,1.11344,55329.4
1536,4608,4608,0.844448,77245.5,1.13277,57584.4
1536,4608,4864,0.885792,77731.2,1.2255,56184
1536,4608,5120,0.941536,76978,1.29053,56161.2
1536,4608,5376,0.98032,77629.2,1.39494,54555.2
1536,4608,5632,1.02157,78042.1,1.30432,61124.1
1536,4608,5888,1.06115,78546,1.41517,58897
1536,4608,6144,1.11856,77754.5,1.46064,59544.5
1536,4864,256,0.095968,39859.2,0.418336,9143.86
1536,4864,512,0.138592,55201,0.524672,14581.3
1536,4864,768,0.187872,61082.1,0.533408,21513.8
1536,4864,1024,0.229376,66706.3,0.573984,26657.2
1536,4864,1280,0.277664,68881.9,0.649248,29458.7
1536,4864,1536,0.317984,72177.3,0.67648,33927.4
1536,4864,1792,0.358752,74637.7,0.716736,37358.9
1536,4864,2048,0.399424,76614.4,0.732672,41767.2
1536,4864,2304,0.445984,77193,0.770816,44662.9
1536,4864,2560,0.496448,77051.5,0.868608,44038.3
1536,4864,2816,0.533376,78888.6,0.897312,46892.6
1536,4864,3072,0.599264,76598.1,0.906976,50610.5
1536,4864,3328,0.625824,79459.5,0.928544,53554.5
1536,4864,3584,0.666176,80388.5,0.997152,53705.8
1536,4864,3840,0.72112,79568,1.04266,55030.7
1536,4864,4096,0.745888,82054.3,1.06829,57291
1536,4864,4352,0.808512,80429.8,1.17027,55567
1536,4864,4608,0.844352,81546.2,1.17942,58379.1
1536,4864,4864,0.886944,81943.1,1.22026,59560.4
1536,4864,5120,0.941056,81296,1.18995,64291.8
1536,4864,5376,0.977152,82207.6,1.33286,60268.2
1536,4864,5632,1.01837,82636.6,1.32605,63462.6
1536,4864,5888,1.05914,83067.4,1.34928,65204.9
1536,4864,6144,1.10765,82882.8,1.42701,64333.9
1536,5120,256,0.098528,40866.9,0.425504,9462.97
1536,5120,512,0.142912,56349.8,0.47632,16906.8
1536,5120,768,0.188736,64002.6,0.527328,22907.2
1536,5120,1024,0.230592,69846.9,0.588928,27348.2
1536,5120,1280,0.275104,73182,0.608704,33074.6
1536,5120,1536,0.317856,76006.7,0.677728,35647.3
1536,5120,1792,0.358752,78566,0.64704,43561
1536,5120,2048,0.398208,80893,0.74304,43352
1536,5120,2304,0.450272,80482,0.824096,43974
1536,5120,2560,0.49504,81337.5,0.822496,48955
1536,5120,2816,0.536544,82550.3,0.884768,50060.4
1536,5120,3072,0.593472,81416.4,0.92736,52103.2
1536,5120,3328,0.624576,83808.7,0.940672,55646.3
1536,5120,3584,0.663776,84925.4,0.986752,57128.3
1536,5120,3840,0.710272,85035,1.12794,53547.3
1536,5120,4096,0.745504,86417.4,1.13517,56753.3
1536,5120,4352,0.798592,85714.7,1.12144,61038.5
1536,5120,4608,0.844416,85831.6,1.19232,60787
1536,5120,4864,0.882688,86671.7,1.26838,60316.2
1536,5120,5120,0.932096,86397.4,1.19466,67409.1
1536,5120,5376,0.975904,86645,1.28054,66032.2
1536,5120,5632,1.01485,87287.7,1.43613,61682.3
1536,5120,5888,1.05523,87762.9,1.41734,65340.7
1536,5120,6144,1.104,87533.3,1.47162,65667.1
1536,5376,256,0.11696,36147.9,0.47344,8930.08
1536,5376,512,0.167744,50408.5,0.521984,16199.2
1536,5376,768,0.226944,55888.6,0.566752,22379.4
1536,5376,1024,0.278816,60654.5,0.594144,28463.5
1536,5376,1280,0.344128,61428.6,0.678688,31147.3
1536,5376,1536,0.394112,64365.3,0.78144,32462.1
1536,5376,1792,0.446112,66339.9,0.821536,36024
1536,5376,2048,0.483712,69923.6,0.900128,37575.6
1536,5376,2304,0.552736,68840.7,0.939136,40516.7
1536,5376,2560,0.615392,68701.9,1.02358,41304.5
1536,5376,2816,0.652992,71220.5,1.10186,42207.4
1536,5376,3072,0.729056,69589,1.15136,44064.7
1536,5376,3328,0.768672,71502.7,1.13558,48399.9
1536,5376,3584,0.816896,72457.2,1.25347,47220.9
1536,5376,3840,0.881632,71932.4,1.27424,49769.2
1536,5376,4096,0.902336,74967.3,1.33293,50749.7
1536,5376,4352,0.983936,73047,1.43578,50059.1
1536,5376,4608,1.03315,73659.5,1.50896,50433
1536,5376,4864,1.08214,74231.6,1.48634,54045.2
1536,5376,5120,1.24048,68164.9,1.55619,54335.9
1536,5376,5376,1.20042,73961.9,1.58986,55844.7
1536,5376,5632,1.24563,74671.2,1.6655,55846.7
1536,5376,5888,1.2927,75222.7,1.68166,57824.1
1536,5376,6144,1.35242,75027.7,1.73622,58442.1
1536,5632,256,0.122272,36224,0.42592,10399.1
1536,5632,512,0.170528,51946.7,0.511296,17325.3
1536,5632,768,0.247648,53655,0.502848,26424.6
1536,5632,1024,0.284064,62368.8,0.686496,25807.5
1536,5632,1280,0.35472,62432.1,0.68672,32248.8
1536,5632,1536,0.406912,65309.2,0.795168,33420.7
1536,5632,1792,0.456736,67882.3,0.823232,37661.7
1536,5632,2048,0.490912,72178.9,0.867072,40865.7
1536,5632,2304,0.56992,69944.3,0.903488,44120.9
1536,5632,2560,0.672512,65860.3,1.09178,40568.6
1536,5632,2816,0.70608,69002.1,1.12346,43367.1
1536,5632,3072,0.7952,66838.8,1.16685,45550.3
1536,5632,3328,0.833024,69120.9,1.11773,51514.7
1536,5632,3584,0.8896,69703.9,1.26205,49133.3
1536,5632,3840,0.908896,73097.2,1.32454,50159
1536,5632,4096,0.910368,77844.3,1.29645,54662.4
1536,5632,4352,1.06874,70453.5,1.38237,54469
1536,5632,4608,1.12637,70780.9,1.45149,54926.6
1536,5632,4864,1.19216,70589.9,1.5465,54416.3
1536,5632,5120,1.25363,70661.6,1.61066,54998.5
1536,5632,5376,1.23082,75570.1,1.65165,56315.2
1536,5632,5632,1.35187,72079.4,1.65795,58772.6
1536,5632,5888,1.41142,72176.2,1.70214,59848.8
1536,5632,6144,1.48243,71706.8,1.74272,60996.9
1536,5888,256,0.128128,36139.7,0.449888,10292.6
1536,5888,512,0.182048,50871.3,0.485472,19076.3
1536,5888,768,0.24624,56414.6,0.5912,23497.2
1536,5888,1024,0.300576,61621.8,0.637568,29051.1
1536,5888,1280,0.37616,61549.8,0.6952,33303.4
1536,5888,1536,0.434432,63952.6,0.716704,38765.1
1536,5888,1792,0.487168,66534.7,0.81856,39598.3
1536,5888,2048,0.532864,69518.9,0.869344,42611.5
1536,5888,2304,0.60912,68417.7,0.973664,42801.8
1536,5888,2560,0.679936,68102.2,0.9952,46528.5
1536,5888,2816,0.716064,71132.8,1.14781,44376.4
1536,5888,3072,0.797504,69675.1,1.16358,47754.3
1536,5888,3328,0.849344,70874.3,1.21181,49675.1
1536,5888,3584,0.889664,72867,1.20806,53662
1536,5888,3840,0.968736,71699.3,1.26518,54899.3
1536,5888,4096,0.992608,74639.9,1.3199,56131.5
1536,5888,4352,1.0825,72719.6,1.38384,56884.2
1536,5888,4608,1.13309,73559.3,1.48912,55972.1
1536,5888,4864,1.19667,73520.3,1.51677,58004.7
1536,5888,5120,1.2673,73077,1.62355,57041.7
1536,5888,5376,1.30906,74283.1,1.64099,59257.3
1536,5888,5632,1.3655,74603.4,1.64333,61990.8
1536,5888,5888,1.42541,74716.7,1.78064,59810.9
1536,5888,6144,1.49821,74176.8,1.82355,60942.8
1536,6144,256,0.12768,37843.3,0.460352,10496
1536,6144,512,0.18832,51315.2,0.495936,19485.7
1536,6144,768,0.252096,57500,0.58496,24780.4
1536,6144,1024,0.308416,62666.5,0.633376,30514.8
1536,6144,1280,0.374144,64571.9,0.682816,35381.7
1536,6144,1536,0.43312,66935.3,0.760416,38125.2
1536,6144,1792,0.4864,69537.1,0.841632,40187.2
1536,6144,2048,0.53312,72506.6,0.84464,45764.7
1536,6144,2304,0.61376,70852.7,1.0295,42240.3
1536,6144,2560,0.678464,71217.3,1.12035,43127.9
1536,6144,2816,0.71664,74165.9,1.19514,44472.1
1536,6144,3072,0.800192,72460.2,1.24106,46719.9
1536,6144,3328,0.849728,73922.4,1.27674,49198.8
1536,6144,3584,0.901344,75049.9,1.40394,48182.9
1536,6144,3840,0.978912,74038.9,1.41789,51116.6
1536,6144,4096,0.996704,77565.1,1.49789,51612.3
1536,6144,4352,1.09709,74872.1,1.41677,57977.9
1536,6144,4608,1.15075,75579.4,1.3888,62624.6
1536,6144,4864,1.2073,76041.8,1.44547,63512.1
1536,6144,5120,1.29043,74887.1,1.58243,61068.5
1536,6144,5376,1.3352,75995.1,1.5928,63704.5
1536,6144,5632,1.39037,76454.9,1.58605,67022.2
1536,6144,5888,1.44707,76798,1.67136,66492.1
1536,6144,6144,1.53171,75708.8,1.73584,66805.8
1792,256,256,0.022816,10294.6,0.35632,659.186
1792,256,512,0.029312,16026.3,0.35456,1324.92
1792,256,768,0.036864,19114.7,0.37728,1867.69
1792,256,1024,0.045536,20632.6,0.435232,2158.67
1792,256,1280,0.060032,19563,0.391488,2999.85
1792,256,1536,0.06928,20341.9,0.410752,3430.99
1792,256,1792,0.077376,21249.1,0.488256,3367.43
1792,256,2048,0.085728,21918.7,0.541888,3467.6
1792,256,2304,0.09712,21766.2,0.475264,4447.91
1792,256,2560,0.106176,22121.9,0.502656,4672.8
1792,256,2816,0.116032,22267.1,0.452384,5711.28
1792,256,3072,0.123712,22783.3,0.438432,6428.76
1792,256,3328,0.132992,22959.7,0.509408,5994.12
1792,256,3584,0.142816,23025,0.45008,7306.11
1792,256,3840,0.151904,23193.7,0.452544,7785.35
1792,256,4096,0.157984,23787.8,0.495456,7585.13
1792,256,4352,0.16928,23588,0.57104,6992.47
1792,256,4608,0.178656,23664.8,0.469792,8999.43
1792,256,4864,0.187808,23762.2,0.447744,9967.17
1792,256,5120,0.199776,23514.4,0.539936,8700.33
1792,256,5376,0.208384,23670.2,0.442944,11135.7
1792,256,5632,0.217216,23789.1,0.44064,11727
1792,256,5888,0.225184,23990.4,0.443168,12190.1
1792,256,6144,0.233216,24171.3,0.521792,10803.4
1792,512,256,0.023872,19678.4,0.361088,1300.96
1792,512,512,0.03168,29656.7,0.376992,2492.16
1792,512,768,0.042368,33263,0.446496,3156.32
1792,512,1024,0.054208,34663.7,0.413728,4541.75
1792,512,1280,0.064,36700.2,0.395232,5942.86
1792,512,1536,0.074432,37867.7,0.44128,6387.26
1792,512,1792,0.083168,39538.5,0.43984,7476.21
1792,512,2048,0.088928,42260,0.416224,9029.02
1792,512,2304,0.101248,41757.4,0.431168,9805.59
1792,512,2560,0.111808,42015.1,0.473152,9928.35
1792,512,2816,0.116384,44399.4,0.470944,10972.4
1792,512,3072,0.128704,43799.3,0.418176,13480.3
1792,512,3328,0.137792,44319.7,0.55056,11092.2
1792,512,3584,0.145504,45199.2,0.48048,13687.7
1792,512,3840,0.157056,44865.7,0.491904,14324.8
1792,512,4096,0.161984,46400.8,0.532192,14123.1
1792,512,4352,0.173248,46095.5,0.49296,16200
1792,512,4608,0.189376,44650.4,0.5112,16540.9
1792,512,4864,0.195392,45679.9,0.501728,17789.5
1792,512,5120,0.205184,45789.3,0.533152,17622.1
1792,512,5376,0.212352,46455.9,0.501216,19682.1
1792,512,5632,0.22384,46170.3,0.61184,16891.3
1792,512,5888,0.230464,46881.6,0.587264,18398.1
1792,512,6144,0.241024,46776.6,0.557888,20208.9
1792,768,256,0.032224,21867,0.321632,2190.84
1792,768,512,0.0472,29857.8,0.395584,3562.55
1792,768,768,0.062016,34086.8,0.395136,5349.88
1792,768,1024,0.075584,37290.6,0.399392,7057.16
1792,768,1280,0.093184,37809.2,0.50816,6933.28
1792,768,1536,0.103264,40942.2,0.444384,9513.98
1792,768,1792,0.118944,41469.1,0.479808,10280.2
1792,768,2048,0.134176,42013.1,0.561792,10034.2
1792,768,2304,0.149696,42364.4,0.492832,12868.1
1792,768,2560,0.162912,43253,0.46576,15128.9
1792,768,2816,0.180416,42962.2,0.58416,13268.8
1792,768,3072,0.19376,43640.2,0.512416,16501.7
1792,768,3328,0.207232,44203.4,0.5408,16938.5
1792,768,3584,0.22016,44808.3,0.50384,19579.6
1792,768,3840,0.239712,44093.1,0.551712,19157.9
1792,768,4096,0.25264,44625.9,0.608768,18519.8
1792,768,4352,0.271392,44138.9,0.665696,17994.6
1792,768,4608,0.282336,44923.7,0.666272,19036.6
1792,768,4864,0.29584,45254.9,0.602432,22223.6
1792,768,5120,0.312672,45072.4,0.660576,21334.2
1792,768,5376,0.326816,45277.8,0.601696,24593
1792,768,5632,0.339904,45607.4,0.642016,24146
1792,768,5888,0.357504,45333.2,0.697056,23250.3
1792,768,6144,0.374432,45165.6,0.727264,23253.5
1792,1024,256,0.033024,28449.7,0.354688,2648.87
1792,1024,512,0.047744,39356.7,0.387168,4853.31
1792,1024,768,0.061312,45971,0.394272,7148.8
1792,1024,1024,0.07664,49035.7,0.47264,7951.29
1792,1024,1280,0.091488,51346.9,0.480928,9767.82
1792,1024,1536,0.104608,53888.3,0.507904,11098.8
1792,1024,1792,0.119392,55084.7,0.492832,13344.6
1792,1024,2048,0.132864,56570.6,0.51632,14557.2
1792,1024,2304,0.146848,57581.4,0.556928,15182.8
1792,1024,2560,0.16384,57344,0.6136,15311.7
1792,1024,2816,0.175744,58805.8,0.523552,19739.7
1792,1024,3072,0.190848,59074.7,0.62528,18030.8
1792,1024,3328,0.205056,59563.3,0.57984,21064.1
1792,1024,3584,0.218848,60102.6,0.667296,19711.4
1792,1024,3840,0.233504,60353.8,0.680064,20722.8
1792,1024,4096,0.247104,60834.2,0.647712,23208.4
1792,1024,4352,0.262944,60742.6,0.609152,26219.9
1792,1024,4608,0.275872,61301.7,0.68992,24512.2
1792,1024,4864,0.289728,61612.8,0.651104,27416.4
1792,1024,5120,0.304608,61687.4,0.659552,28489.8
1792,1024,5376,0.319808,61693.3,0.757504,26046.1
1792,1024,5632,0.331712,62311.7,0.711776,29039.4
1792,1024,5888,0.34816,62066.4,0.6656,32465.5
1792,1024,6144,0.361248,62418.6,0.682656,33030.7
1792,1280,256,0.033952,34590.2,0.418016,2809.47
1792,1280,512,0.048544,48385.2,0.347616,6756.91
1792,1280,768,0.062592,56288.6,0.425024,8289.45
1792,1280,1024,0.076992,61014.4,0.41296,11375.5
1792,1280,1280,0.092704,63341.7,0.429952,13657.4
1792,1280,1536,0.10608,66425.6,0.482368,14608
1792,1280,1792,0.119168,68985.3,0.485248,16941.5
1792,1280,2048,0.135936,69115.2,0.471584,19922.7
1792,1280,2304,0.149184,70849.7,0.562208,18800.2
1792,1280,2560,0.16192,72530,0.539648,21762.4
1792,1280,2816,0.177376,72830.9,0.545568,23678.9
1792,1280,3072,0.18912,74518.1,0.601088,23445.6
1792,1280,3328,0.205088,74442.5,0.516768,29543.8
1792,1280,3584,0.220928,74421,0.632352,26000.8
1792,1280,3840,0.233632,75401,0.581824,30277.3
1792,1280,4096,0.248992,75466.2,0.598208,31411.3
1792,1280,4352,0.261632,76309,0.681984,29274.7
1792,1280,4608,0.276704,76396.8,0.664512,31811.8
1792,1280,4864,0.291488,76551,0.601344,37106.4
1792,1280,5120,0.305312,76931.5,0.648928,36195.2
1792,1280,5376,0.319872,77101.2,0.65616,37586.1
1792,1280,5632,0.332256,77762.1,0.702592,36773.7
1792,1280,5888,0.349408,77306,0.700672,38550.6
1792,1280,6144,0.360512,78182.5,0.730496,38584.4
1792,1536,256,0.049664,28376.4,0.393952,3577.3
1792,1536,512,0.071584,39374.3,0.427072,6599.76
1792,1536,768,0.096608,43763,0.469056,9013.55
1792,1536,1024,0.120768,46677.5,0.455744,12369.1
1792,1536,1280,0.145472,48438.4,0.4712,14954.2
1792,1536,1536,0.168992,50036.2,0.512864,16487.2
1792,1536,1792,0.192288,51303.3,0.570976,17277.4
1792,1536,2048,0.212992,52932.9,0.536416,21017.8
1792,1536,2304,0.242112,52387.2,0.596736,21254.9
1792,1536,2560,0.268864,52416.3,0.631104,22330.5
1792,1536,2816,0.29056,53352.7,0.644832,24040.6
1792,1536,3072,0.315776,53555.2,0.628928,26889.3
1792,1536,3328,0.336832,54391.3,0.68752,26647.5
1792,1536,3584,0.362208,54471.5,0.750528,26288.2
1792,1536,3840,0.385856,54785.4,0.7528,28080.9
1792,1536,4096,0.40288,55968.5,0.72944,30912.2
1792,1536,4352,0.431616,55507.4,0.832416,28781.1
1792,1536,4608,0.45296,56003.1,0.858944,29533
1792,1536,4864,0.479936,55791.7,0.808032,33137.8
1792,1536,5120,0.507648,55522.2,0.802176,35136.6
1792,1536,5376,0.525856,56279.7,0.866624,34149.8
1792,1536,5632,0.548608,56514.5,0.819008,37855.9
1792,1536,5888,0.572416,56625.9,0.81504,39769.3
1792,1536,6144,0.596096,56740.6,0.813984,41552.3
1792,1792,256,0.050592,32498.6,0.42368,3880.68
1792,1792,512,0.076032,43249.3,0.440064,7472.4
1792,1792,768,0.099392,49626.7,0.438048,11260.2
1792,1792,1024,0.123936,53065,0.471456,13949.7
1792,1792,1280,0.151168,54382.1,0.483168,17014.4
1792,1792,1536,0.175488,56214.7,0.527616,18697.3
1792,1792,1792,0.198336,58028.6,0.535168,21505.7
1792,1792,2048,0.218464,60208.3,0.592864,22186.1
1792,1792,2304,0.249344,59345.7,0.629536,23505.4
1792,1792,2560,0.270496,60783.4,0.630208,26089.3
1792,1792,2816,0.29232,61870,0.70688,25585.4
1792,1792,3072,0.3208,61502.5,0.709856,27794.4
1792,1792,3328,0.341344,62617.7,0.70384,30367.9
1792,1792,3584,0.364128,63215,0.741632,31037.4
1792,1792,3840,0.395712,62324.4,0.744416,33130
1792,1792,4096,0.40656,64705.5,0.758176,34697.3
1792,1792,4352,0.435968,64112.1,0.748672,37333.9
1792,1792,4608,0.457248,64724.2,0.746432,39648.6
1792,1792,4864,0.4896,63805.5,0.920256,33946.2
1792,1792,5120,0.516576,63656.4,0.836416,39314.6
1792,1792,5376,0.533248,64749.4,0.90448,38173.9
1792,1792,5632,0.558304,64788.5,0.8568,42217.2
1792,1792,5888,0.579616,65242.9,0.96928,39014.4
1792,1792,6144,0.602112,65536,0.986624,39995
1792,2048,256,0.051872,36224.7,0.38384,4895.39
1792,2048,512,0.07584,49553,0.42432,8856.75
1792,2048,768,0.100928,55853.1,0.46144,12216.4
1792,2048,1024,0.125184,60041.2,0.44352,16946.7
1792,2048,1280,0.153792,61090.6,0.511936,18352.4
1792,2048,1536,0.202752,55606.3,0.548032,20572.3
1792,2048,1792,0.203168,64741.2,0.604864,21745.9
1792,2048,2048,0.217664,69062.3,0.61184,24569.1
1792,2048,2304,0.286688,58989,0.590688,28630.1
1792,2048,2560,0.319232,58861.5,0.699168,26875.5
1792,2048,2816,0.29152,70902.6,0.688352,30027.6
1792,2048,3072,0.376384,59908.4,0.709248,31792.2
1792,2048,3328,0.399008,61220.9,0.803264,30410.5
1792,2048,3584,0.365824,71910.7,0.852288,30865.9
1792,2048,3840,0.38752,72733.6,0.849984,33160.3
1792,2048,4096,0.486848,61753.9,0.872352,34464
1792,2048,4352,0.520672,61351.1,0.857056,37271.6
1792,2048,4608,0.546144,61930.3,0.79888,42337.9
1792,2048,4864,0.484896,73628,0.812896,43919.4
1792,2048,5120,0.610464,61561.3,0.862816,43556.2
1792,2048,5376,0.63296,62342,0.91856,42958.6
1792,2048,5632,0.6608,62559.1,0.898208,46023.9
1792,2048,5888,0.703104,61467.6,0.998272,43292.9
1792,2048,6144,0.723584,62324.7,1.00195,45009.3
1792,2304,256,0.05888,35902.3,0.413216,5115.8
1792,2304,512,0.091744,46083.2,0.447296,9452.04
1792,2304,768,0.119552,53046.3,0.480384,13201.5
1792,2304,1024,0.147968,57145.6,0.485152,17429
1792,2304,1280,0.177568,59524.5,0.602816,17533.8
1792,2304,1536,0.204512,62018.7,0.511104,24816
1792,2304,1792,0.234848,63008.9,0.597472,24766.9
1792,2304,2048,0.264896,63841.8,0.60704,27858.8
1792,2304,2304,0.29552,64379.3,0.638912,29777.8
1792,2304,2560,0.324704,65103.3,0.677632,31195.8
1792,2304,2816,0.34816,66788.9,0.733248,31712.6
1792,2304,3072,0.381248,66537.1,0.75104,33776
1792,2304,3328,0.411936,66712,0.713696,38505.3
1792,2304,3584,0.435968,67883.4,0.816128,36262.7
1792,2304,3840,0.473856,66916.8,0.8896,35644
1792,2304,4096,0.494656,68376.5,0.789952,42816.4
1792,2304,4352,0.529856,67823.7,0.891552,40308.1
1792,2304,4608,0.55584,68456.3,0.908128,41900.2
1792,2304,4864,0.581696,69047.5,0.876992,45798.2
1792,2304,5120,0.618048,68406.6,0.928576,45530.6
1792,2304,5376,0.641888,69159.3,0.918432,48335.1
1792,2304,5632,0.669376,69477.3,1.06346,43731.4
1792,2304,5888,0.700096,69448.1,1.02253,47549.2
1792,2304,6144,0.734464,69076.6,1.09744,46229.7
1792,2560,256,0.06192,37933,0.462944,5073.64
1792,2560,512,0.093088,50464.3,0.456448,10291.7
1792,2560,768,0.119136,59146.1,0.452512,15571.8
1792,2560,1024,0.154016,61001.7,0.506336,18555.3
1792,2560,1280,0.179168,65547.7,0.523488,22434.2
1792,2560,1536,0.205824,68470.4,0.546496,25787.7
1792,2560,1792,0.233696,70355,0.58048,28324.3
1792,2560,2048,0.261312,71908.2,0.610016,30803.3
1792,2560,2304,0.292256,72331.4,0.629152,33599.7
1792,2560,2560,0.32128,73107.9,0.729536,32195.9
1792,2560,2816,0.34896,74039.8,0.738176,35001
1792,2560,3072,0.380544,74066.9,0.730944,38560.7
1792,2560,3328,0.407712,74892.4,0.756832,40345.2
1792,2560,3584,0.43632,75365.2,0.780672,42121.8
1792,2560,3840,0.466656,75499.2,0.819584,42987.8
1792,2560,4096,0.492544,76299.7,0.78,48180.7
1792,2560,4352,0.5248,76085.7,0.865216,46150.1
1792,2560,4608,0.550848,76751.8,0.8808,48000.2
1792,2560,4864,0.58128,76774.4,0.91344,48856.4
1792,2560,5120,0.612608,76682.3,1.02397,45876.6
1792,2560,5376,0.643776,76618.3,1.0079,48938.2
1792,2560,5632,0.665952,77593.9,1.03629,49864.3
1792,2560,5888,0.696896,77518.9,0.997696,54147.4
1792,2560,6144,0.72432,77826.7,1.11843,50402.2
1792,2816,256,0.063488,40695.7,0.394496,6549.35
1792,2816,512,0.09408,54925.4,0.437344,11815.4
1792,2816,768,0.122816,63111.3,0.478816,16188
1792,2816,1024,0.151776,68092.2,0.481536,21462.1
1792,2816,1280,0.182176,70912,0.676256,19102.9
1792,2816,1536,0.210368,73690.6,0.608224,25487.6
1792,2816,1792,0.237408,76180.4,0.622592,29049.3
1792,2816,2048,0.264544,78132.7,0.683584,30237
1792,2816,2304,0.29472,78899.4,0.709024,32796.1
1792,2816,2560,0.327872,78801.8,0.816256,31653
1792,2816,2816,0.351552,80843.2,0.836096,33992
1792,2816,3072,0.384928,80545.7,0.880288,35220.6
1792,2816,3328,0.409472,82027.6,0.87056,38582
1792,2816,3584,0.439712,82262.2,0.893376,40488.8
1792,2816,3840,0.471872,82131.1,0.943424,41079.5
1792,2816,4096,0.498624,82906.3,0.944352,43775.1
1792,2816,4352,0.524832,83689.2,0.858496,51162.4
1792,2816,4608,0.554688,83842.5,0.946272,49147
1792,2816,4864,0.5832,84173.8,0.983296,49924.1
1792,2816,5120,0.616608,83803.4,0.908352,56887.4
1792,2816,5376,0.643488,84317.8,0.964832,56235.2
1792,2816,5632,0.66848,85030.5,0.949632,59856
1792,2816,5888,0.696896,85270.8,1.0169,58437.5
1792,2816,6144,0.728256,85146.7,1.06522,58212.2
1792,3072,256,0.07856,35878,0.429344,6564.83
1792,3072,512,0.116544,48369.2,0.455424,12377.8
1792,3072,768,0.160448,52700.7,0.48864,17304.6
1792,3072,1024,0.198528,56789.4,0.553472,20370.1
1792,3072,1280,0.241376,58385.5,0.639232,22046.6
1792,3072,1536,0.278272,60773,0.721248,23447.5
1792,3072,1792,0.31808,62028.4,0.73248,26935.9
1792,3072,2048,0.346784,65022,0.719936,31320.3
1792,3072,2304,0.393888,64401.9,0.868512,29207.6
1792,3072,2560,0.434112,64927.3,0.839488,33574.9
1792,3072,2816,0.470656,65874.6,0.890176,34829.4
1792,3072,3072,0.51504,65670.4,0.921312,36711.6
1792,3072,3328,0.549696,66657.6,1.00998,36279.2
1792,3072,3584,0.582784,67709.5,1.02435,38521.9
1792,3072,3840,0.6256,67580.9,1.06813,39581.9
1792,3072,4096,0.651296,69242.2,1.14707,39315
1792,3072,4352,0.701088,68344.8,1.07533,44559.2
1792,3072,4608,0.7384,68708.4,1.10906,45745.5
1792,3072,4864,0.777536,68875.1,1.25664,42615.9
1792,3072,5120,0.817984,68915.1,1.27162,44330.6
1792,3072,5376,0.851872,69482.3,1.31565,44989.3
1792,3072,5632,0.889696,69696.4,1.24579,49774.4
1792,3072,5888,0.927776,69873.7,1.30787,49566.9
1792,3072,6144,0.964672,70123,1.30637,51781.5
1792,3328,256,0.0872,35016.7,0.412416,7403.82
1792,3328,512,0.122336,49919.1,0.468384,13038.2
1792,3328,768,0.164416,55714.5,0.471296,19436.5
1792,3328,1024,0.22,55517.3,0.553504,22066.4
1792,3328,1280,0.247488,61688.9,0.632928,24121.6
1792,3328,1536,0.283616,64596.9,0.654688,27983.9
1792,3328,1792,0.345856,61800.8,0.701696,30460.7
1792,3328,2048,0.350976,69599.1,0.828096,29498.5
1792,3328,2304,0.402464,68282.1,0.78304,35095.4
1792,3328,2560,0.442048,69075.2,0.852896,35801
1792,3328,2816,0.470272,71422.5,0.901184,37271
1792,3328,3072,0.52512,69777.3,0.911584,40195.4
1792,3328,3328,0.55824,71107.2,0.96128,41293.8
1792,3328,3584,0.591584,72260.8,1.00285,42626.9
1792,3328,3840,0.634336,72204.3,1.05149,43559
1792,3328,4096,0.657664,74286,1.0256,47635.8
1792,3328,4352,0.791872,65551.9,1.09088,47584.2
1792,3328,4608,0.745888,73686.9,1.1295,48660.4
1792,3328,4864,0.787136,73704.7,1.19763,48441.9
1792,3328,5120,0.836448,73010,1.24435,49077
1792,3328,5376,0.866112,74034.9,1.29946,49345.7
1792,3328,5632,0.897472,74850.2,1.29683,51800.1
1792,3328,5888,0.940064,74707.1,1.38746,50617.4
1792,3328,6144,1.08922,67280.4,1.36173,53816.1
1792,3584,256,0.091232,36043.6,0.418816,7851.5
1792,3584,512,0.122208,53815.4,0.462336,14224.9
1792,3584,768,0.178432,55287.2,0.523136,18857.4
1792,3584,1024,0.220448,59666.4,0.549792,23924.2
1792,3584,1280,0.266624,61666.1,0.689312,23852.3
1792,3584,1536,0.310016,63641.9,0.781344,25251.4
1792,3584,1792,0.353024,65203.3,0.769824,29900.8
1792,3584,2048,0.3928,66972.2,0.747328,35201
1792,3584,2304,0.436928,67734.3,0.798656,37056
1792,3584,2560,0.48912,67229.6,0.875968,37539.4
1792,3584,2816,0.523136,69143.9,0.949632,38090.2
1792,3584,3072,0.572,68986,0.915456,43104.2
1792,3584,3328,0.611424,69916,0.95504,44760.8
1792,3584,3584,0.65328,70470.1,0.939488,49001.9
1792,3584,3840,0.706112,69854.4,0.974912,50594.3
1792,3584,4096,0.739808,71117.6,1.08432,48522
1792,3584,4352,0.78896,70854.9,1.14077,49003.5
1792,3584,4608,0.8328,71073.5,1.15242,51361.7
1792,3584,4864,0.8712,71715.3,1.25078,49951.4
1792,3584,5120,0.92752,70906,1.22774,53567.1
1792,3584,5376,0.963424,71676.7,1.3153,52501.5
1792,3584,5632,1.00323,72110.3,1.33328,54259.7
1792,3584,5888,1.05123,71945.8,1.33552,56630.9
1792,3584,6144,1.10141,71653.8,1.43066,55163.5
1792,3840,256,0.092096,38255.9,0.529888,6648.98
1792,3840,512,0.139296,50586,0.50096,14065.9
1792,3840,768,0.182784,57825.9,0.508736,20776.3
1792,3840,1024,0.224832,62681.7,0.564736,24954.8
1792,3840,1280,0.272128,64734.5,0.638752,27578.9
1792,3840,1536,0.314432,67230.1,0.6688,31607.8
1792,3840,1792,0.3528,69905.1,0.688992,35795.1
1792,3840,2048,0.393856,71563.5,0.788352,35752.7
1792,3840,2304,0.442112,71721.5,0.733312,43240.7
1792,3840,2560,0.492256,71572.8,0.836416,42122.8
1792,3840,2816,0.529376,73209.5,0.854592,45349.6
1792,3840,3072,0.582688,72557.8,0.928224,45547.8
1792,3840,3328,0.61936,73950.2,1.05491,43417.7
1792,3840,3584,0.6608,74644.4,1.0543,46784.4
1792,3840,3840,0.71664,73744.5,1.13194,46688.4
1792,3840,4096,0.742432,75928.1,1.15155,48952.6
1792,3840,4352,0.800064,74862.3,1.16669,51337.3
1792,3840,4608,0.838656,75618.5,1.21846,52047.4
1792,3840,4864,0.879776,76088.8,1.1769,56879.4
1792,3840,5120,0.941472,74844.8,1.24333,56673.9
1792,3840,5376,0.975488,75846.7,1.28672,57500.9
1792,3840,5632,1.01197,76594.1,1.41952,54603.5
1792,3840,5888,1.0519,77035.5,1.3952,58080.5
1792,3840,6144,1.11018,76165.6,1.44211,58634.3
1792,4096,256,0.095104,39515.6,0.4176,8999.27
1792,4096,512,0.138048,54446.2,0.473408,15876.8
1792,4096,768,0.183072,61583.9,0.513056,21974.8
1792,4096,1024,0.225152,66765.5,0.582144,25822.5
1792,4096,1280,0.274048,68566.4,0.649632,28924.8
1792,4096,1536,0.31664,71212,0.65008,34685.9
1792,4096,1792,0.355264,74048.2,0.698144,37680.9
1792,4096,2048,0.394816,76148.8,0.817952,36756.2
1792,4096,2304,0.444224,76139.2,0.849312,39823.8
1792,4096,2560,0.49408,76062.5,0.852288,44094.2
1792,4096,2816,0.527584,78355.4,0.881248,46909.7
1792,4096,3072,0.581728,77522.8,1.00282,44970.5
1792,4096,3328,0.619456,78868,0.937504,52112
1792,4096,3584,0.659424,79786.8,1.00502,52350.3
1792,4096,3840,0.71536,78801.5,1.12976,49896.8
1792,4096,4096,0.747168,80476.6,1.048,57375.5
1792,4096,4352,0.797056,80154.5,1.16918,54642.9
1792,4096,4608,0.836736,80844.8,1.14278,59193.8
1792,4096,4864,0.878848,81247.1,1.18515,60248.7
1792,4096,5120,0.933952,80477.3,1.23149,61033.4
1792,4096,5376,0.972032,81190.8,1.23098,64111.7
1792,4096,5632,1.00752,82061,1.34323,61551.6
1792,4096,5888,1.05203,82161.2,1.33328,64829.8
1792,4096,6144,1.11133,81159,1.37802,65452.3
1792,4352,256,0.095744,41704.7,0.442304,9027.68
1792,4352,512,0.140928,56666.9,0.468896,17031.4
1792,4352,768,0.184256,65012.4,0.524736,22828.5
1792,4352,1024,0.228256,69973.7,0.552512,28907.8
1792,4352,1280,0.275616,72437.3,0.69488,28731.4
1792,4352,1536,0.318816,75146.4,0.736544,32527.4
1792,4352,1792,0.357152,78260.4,0.765408,36517.6
1792,4352,2048,0.404,79068.9,0.731872,43646.7
1792,4352,2304,0.445568,80653.9,0.805024,44640.7
1792,4352,2560,0.4944,80764.1,0.837632,47669.8
1792,4352,2816,0.530336,82820.6,0.900672,48766.6
1792,4352,3072,0.587584,81547,0.924832,51810.2
1792,4352,3328,0.621024,83585.7,0.953056,54465.5
1792,4352,3584,0.662336,84400.8,0.986816,56648.5
1792,4352,3840,0.714976,83771.6,1.02826,58248.8
1792,4352,4096,0.746016,85638.4,1.08272,59006.6
1792,4352,4352,0.796032,85273.7,1.12342,60423
1792,4352,4608,0.8376,85809,1.15754,62091.9
1792,4352,4864,0.882944,85924.6,1.24714,60832.6
1792,4352,5120,0.930944,85783.4,1.28826,61990.4
1792,4352,5376,0.973568,86129.1,1.27898,65562.2
1792,4352,5632,1.00915,87048.8,1.34202,65457.9
1792,4352,5888,1.05648,86928.7,1.39056,66044.2
1792,4352,6144,1.1025,86922.3,1.44627,66261
1792,4608,256,0.117056,36118.3,0.448512,9426.41
1792,4608,512,0.16672,50718.1,0.513184,16477
1792,4608,768,0.22512,56341.4,0.591104,21457.4
1792,4608,1024,0.278592,60703.2,0.60864,27785.6
1792,4608,1280,0.336224,62872.6,0.719072,29398
1792,4608,1536,0.390016,65041.3,0.768352,33015
1792,4608,1792,0.440992,67110.1,0.82224,35993.2
1792,4608,2048,0.479744,70501.9,0.878016,38521.9
1792,4608,2304,0.54912,69294,0.91888,41409.9
1792,4608,2560,0.6072,69628.8,0.987296,42822.6
1792,4608,2816,0.647072,71872.1,1.04736,44403.5
1792,4608,3072,0.72496,69982.2,1.14742,44215.8
1792,4608,3328,0.762752,72057.7,1.13165,48568.2
1792,4608,3584,0.81264,72836.7,1.16768,50690.3
1792,4608,3840,0.873824,72575.1,1.24739,50840.4
1792,4608,4096,0.8976,75362.9,1.2783,52918.3
1792,4608,4352,0.97664,73592.7,1.41238,50888.1
1792,4608,4608,1.02934,73932,1.45162,52425.3
1792,4608,4864,1.08077,74326.1,1.56998,51165.7
1792,4608,5120,1.23443,68498.8,1.60454,52698.6
1792,4608,5376,1.18944,74644.4,1.5879,55913.3
1792,4608,5632,1.23552,75282.4,1.70573,54529.7
1792,4608,5888,1.29398,75148.3,1.6873,57631.1
1792,4608,6144,1.34922,75205.6,1.76272,57563.7
1792,4864,256,0.11632,38366.1,0.461248,9675.36
1792,4864,512,0.169792,52567.1,0.490016,18214.7
1792,4864,768,0.229696,58286.7,0.5616,23839.4
1792,4864,1024,0.280992,63528.3,0.636,28067.5
1792,4864,1280,0.358272,62281.4,0.707104,31556.5
1792,4864,1536,0.413504,64755,0.774048,34592.7
1792,4864,1792,0.468576,66668.3,0.801856,38958.6
1792,4864,2048,0.48272,73959.9,0.837344,42637.1
1792,4864,2304,0.560384,71673.5,0.926496,43351.1
1792,4864,2560,0.617408,72281.9,0.988032,45168
1792,4864,2816,0.699744,70154.4,1.04883,46804.6
1792,4864,3072,0.782784,68413.3,1.16461,45983.6
1792,4864,3328,0.82944,69945.5,1.10512,52497.1
1792,4864,3584,0.882464,70799.9,1.16902,53444.9
1792,4864,3840,0.953312,70219.5,1.2241,54686.1
1792,4864,4096,0.98432,72541.3,1.27741,55897.4
1792,4864,4352,0.995808,76185.9,1.45424,52169.2
1792,4864,4608,1.12288,71538.6,1.52282,52750.5
1792,4864,4864,1.1663,72701.5,1.5576,54437.6
1792,4864,5120,1.23645,72186.4,1.62624,54884.1
1792,4864,5376,1.29872,72161.5,1.68266,55696.2
1792,4864,5632,1.34454,73021.2,1.65338,59381.7
1792,4864,5888,1.3097,78371.6,1.70931,60049.3
1792,4864,6144,1.46525,73097.4,1.75037,61190.4
1792,5120,256,0.121664,38611.4,0.448,10485.8
1792,5120,512,0.180608,52020.1,0.490624,19149.6
1792,5120,768,0.242176,58192.6,0.625024,22547.7
1792,5120,1024,0.296768,63317.1,0.683232,27502.3
1792,5120,1280,0.366112,64155.5,0.719264,32655.7
1792,5120,1536,0.420384,67047.6,0.774528,36390.8
1792,5120,1792,0.476288,69040.9,0.785312,41873
1792,5120,2048,0.525312,71540.3,0.872832,43056.4
1792,5120,2304,0.595872,70952.5,0.958304,44118.1
1792,5120,2560,0.658912,71293.6,1.0159,46240.8
1792,5120,2816,0.701792,73631.3,1.08032,47832
1792,5120,3072,0.783232,71972.9,1.08595,51909.7
1792,5120,3328,0.832896,73321.4,1.1817,51679.2
1792,5120,3584,0.88816,74048.2,1.1969,54947.7
1792,5120,3840,0.955392,73754.3,1.25152,56303
1792,5120,4096,0.988832,76010.8,1.29258,58148.9
1792,5120,4352,1.0671,74837.6,1.45149,55019.1
1792,5120,4608,1.12192,75368.3,1.4743,57354
1792,5120,4864,1.17037,76262.2,1.4864,60047.6
1792,5120,5120,1.25542,74837.2,1.60336,58597.2
1792,5120,5376,1.30342,75685.3,1.75331,56265
1792,5120,5632,1.35494,76274.5,1.72557,59892
1792,5120,5888,1.4121,76514.1,1.73971,62105.3
1792,5120,6144,1.47062,76663.3,1.76906,63730.5
1792,5376,256,0.125024,39452.4,0.454528,10851.9
1792,5376,512,0.182368,54093.9,0.526848,18724.6
1792,5376,768,0.24608,60132.9,0.573824,25787.5
1792,5376,1024,0.301888,65355.4,0.622048,31717.8
1792,5376,1280,0.371552,66377,0.709504,34760.2
1792,5376,1536,0.426784,69344.2,0.740032,39991.5
1792,5376,1792,0.478624,72139.1,0.805728,42852.6
1792,5376,2048,0.528832,74617.3,0.928608,42493.7
1792,5376,2304,0.597248,74328.4,0.9368,47387.4
1792,5376,2560,0.665152,74156,0.99296,49674.7
1792,5376,2816,0.707104,76732,1.02579,52893.3
1792,5376,3072,0.787392,75172.2,1.13581,52112.7
1792,5376,3328,0.841888,76165.1,1.2408,51678.4
1792,5376,3584,0.88992,77596.9,1.30176,53047.4
1792,5376,3840,0.977504,75690.2,1.48896,49690.7
1792,5376,4096,0.99632,79211.5,1.36768,57703.6
1792,5376,4352,1.09142,76828.6,1.34883,62166.8
1792,5376,4608,1.12874,78658.8,1.44317,61520.9
1792,5376,4864,1.19091,78693.9,1.52874,61303.9
1792,5376,5120,1.27312,77486.8,1.51091,65291.7
1792,5376,5376,1.3223,78334.9,1.65011,62773
1792,5376,5632,1.36867,79284.9,1.59549,68013.7
1792,5376,5888,1.42358,79691.5,1.64797,68840.9
1792,5376,6144,1.50739,78533,1.73709,68148.6
1792,5632,256,0.124704,41437.2,0.517824,9979.03
1792,5632,512,0.182784,56540.9,0.494656,20892.8
1792,5632,768,0.246656,62849.3,0.645408,24019.1
1792,5632,1024,0.303712,68056.3,0.702592,29419
1792,5632,1280,0.371584,69531.8,0.713792,36196.7
1792,5632,1536,0.429312,72218.6,0.750272,41324.1
1792,5632,1792,0.480032,75352.6,0.876928,41248.2
1792,5632,2048,0.530912,77864.2,0.819776,50427.3
1792,5632,2304,0.602528,77185.5,0.937472,49608.4
1792,5632,2560,0.66688,77485.9,0.970976,53218.4
1792,5632,2816,0.708576,80218.9,1.08586,52346.9
1792,5632,3072,0.789632,78528.5,1.08368,57220.4
1792,5632,3328,0.84352,79637.7,1.29731,51780.9
1792,5632,3584,0.891936,81108.2,1.43075,50563.2
1792,5632,3840,0.9704,79875,1.41469,54790
1792,5632,4096,0.994528,83133,1.41731,58334.5
1792,5632,4352,1.08224,81170.1,1.33434,65834.6
1792,5632,4608,1.12589,82612.9,1.42272,65376.8
1792,5632,4864,1.18605,82779.3,1.49258,65779.1
1792,5632,5120,1.26653,81599.2,1.51712,68120.9
1792,5632,5376,1.30925,82883.5,1.63302,66450.4
1792,5632,5632,1.3641,83339,1.58035,71934.9
1792,5632,5888,1.41619,83922.1,1.62656,73068.2
1792,5632,6144,1.48595,83459.7,1.67072,74229.8
1792,5888,256,0.137792,39205.9,0.504992,10697.7
1792,5888,512,0.208192,51896.9,0.564416,19142.8
1792,5888,768,0.27888,58113.9,0.590496,27446.1
1792,5888,1024,0.348128,62072.2,0.679712,31791.5
1792,5888,1280,0.423488,63783,0.780704,34598.7
1792,5888,1536,0.486944,66565.3,0.796256,40707.5
1792,5888,1792,0.55008,68746.1,0.865152,43710.1
1792,5888,2048,0.603904,71564.5,0.9288,46531.1
1792,5888,2304,0.685376,70939.7,1.1297,43038.5
1792,5888,2560,0.76384,70725.1,1.24314,43456.7
1792,5888,2816,0.813248,73071.1,1.27859,46476.8
1792,5888,3072,0.8976,72222.8,1.34038,48364.6
1792,5888,3328,0.962944,72932,1.36944,51283.3
1792,5888,3584,1.02554,73748.5,1.48266,51010.9
1792,5888,3840,1.10464,73357.8,1.49018,54378.8
1792,5888,4096,1.1431,75615.4,1.6376,52782.3
1792,5888,4352,1.23837,74160.9,1.72518,53234
1792,5888,4608,1.29786,74924.1,1.80797,53784.5
1792,5888,4864,1.36115,75408.9,1.87677,54691.4
1792,5888,5120,1.44179,74938.2,1.86669,57880.7
1792,5888,5376,1.50163,75549.5,2.012,56385.5
1792,5888,5632,1.5607,76151.4,2.00896,59159.9
1792,5888,5888,1.6329,76093.1,2.0816,59690.7
1792,5888,6144,1.70077,76232.8,2.1409,60560.8
1792,6144,256,0.14736,38254.2,0.508032,11096
1792,6144,512,0.214496,52561.8,0.515168,21884.7
1792,6144,768,0.293792,57562.6,0.582784,29018.4
1792,6144,1024,0.357888,63004.6,0.692704,32551.5
1792,6144,1280,0.439584,64119.1,0.751968,37482.6
1792,6144,1536,0.506752,66744.4,0.811136,41698.1
1792,6144,1792,0.57264,68908.9,0.885664,44554.2
1792,6144,2048,0.616416,73160.3,0.978464,46089.7
1792,6144,2304,0.743488,68238.2,1.1407,44476.3
1792,6144,2560,0.78752,71581,1.23683,45577.3
1792,6144,2816,0.832928,74446.5,1.25651,49349.8
1792,6144,3072,0.9168,73784.6,1.32762,50952.8
1792,6144,3328,0.997056,73499.3,1.4263,51379.6
1792,6144,3584,1.04976,75179.1,1.48176,53261
1792,6144,3840,1.19942,70498.1,1.5319,55197.4
1792,6144,4096,1.15702,77953.7,1.60781,56097.7
1792,6144,4352,1.3351,71778.3,1.66778,57460.6
1792,6144,4608,1.32595,76525.1,1.73094,58620.4
1792,6144,4864,1.3977,76630.2,1.88211,56907.2
1792,6144,5120,1.56099,72225.2,1.94925,57839.2
1792,6144,5376,1.61613,73249.2,1.95747,60476
1792,6144,5632,1.59491,77758,2.01702,61485.2
1792,6144,5888,1.66317,77956.2,2.0793,62354.9
1792,6144,6144,1.84422,73359.6,2.21622,61045.9
2048,256,256,0.021312,12595.5,0.3688,727.862
2048,256,512,0.029088,18456.8,0.354016,1516.52
2048,256,768,0.037184,21657.3,0.404928,1988.76
2048,256,1024,0.049088,21873.8,0.378208,2839.02
2048,256,1280,0.059488,22562.2,0.4856,2763.96
2048,256,1536,0.068032,23674.3,0.40288,3997.75
2048,256,1792,0.079072,23763.8,0.458944,4094.29
2048,256,2048,0.084896,25295.5,0.384672,5582.64
2048,256,2304,0.097184,24859.2,0.429312,5627.42
2048,256,2560,0.104608,25661.1,0.385632,6960.92
2048,256,2816,0.116192,25413,0.469088,6294.75
2048,256,3072,0.124448,25884.1,0.509824,6318.31
2048,256,3328,0.133792,26082.7,0.4184,8340.49
2048,256,3584,0.142016,26462.5,0.521184,7210.69
2048,256,3840,0.15024,26800.7,0.529088,7610.33
2048,256,4096,0.15728,27307.8,0.563616,7620.38
2048,256,4352,0.174944,26084.9,0.437696,10426
2048,256,4608,0.180192,26814.9,0.504096,9585.16
2048,256,4864,0.189056,26977.6,0.44416,11483
2048,256,5120,0.19936,26929.7,0.547104,9812.96
2048,256,5376,0.209536,26903,0.512096,11008
2048,256,5632,0.21984,26863.1,0.551712,10704.1
2048,256,5888,0.227584,27128.5,0.58992,10465.9
2048,256,6144,0.23392,27541.3,0.507872,12685.2
2048,512,256,0.023872,22489.6,0.425632,1261.35
2048,512,512,0.033472,32078.8,0.390112,2752.39
2048,512,768,0.043712,36846,0.408288,3944.8
2048,512,1024,0.054112,39685.9,0.387808,5537.49
2048,512,1280,0.063136,42517,0.408768,6566.94
2048,512,1536,0.072,44739.2,0.432288,7451.57
2048,512,1792,0.081728,45983,0.382208,9832.6
2048,512,2048,0.088192,48700.2,0.443936,9674.74
2048,512,2304,0.102944,46936.6,0.477184,10125.7
2048,512,2560,0.109408,49070.5,0.47968,11192.3
2048,512,2816,0.117952,50067.7,0.490048,12051
2048,512,3072,0.125856,51189.1,0.491136,13117.4
2048,512,3328,0.13712,50899.4,0.487296,14322.6
2048,512,3584,0.146016,51475.1,0.522368,14388.7
2048,512,3840,0.154816,52017,0.526336,15300.2
2048,512,4096,0.161024,53345.7,0.503104,17073.9
2048,512,4352,0.175168,52103.2,0.613952,14865.7
2048,512,4608,0.183296,52721.7,0.607616,15904.2
2048,512,4864,0.194112,52549.8,0.615968,16560.2
2048,512,5120,0.204192,52584.9,0.612704,17524.6
2048,512,5376,0.213248,52869.4,0.548192,20566.3
2048,512,5632,0.22368,52803.8,0.539872,21877.7
2048,512,5888,0.233184,52954,0.558336,22115.8
2048,512,6144,0.240288,53622.7,0.573888,22451.9
2048,768,256,0.033152,24291.3,0.352768,2282.82
2048,768,512,0.047648,33802.3,0.397888,4047.9
2048,768,768,0.064448,37486.3,0.408992,5907.01
2048,768,1024,0.07696,41855.8,0.40176,8017.79
2048,768,1280,0.093216,43195.7,0.519392,7752.39
2048,768,1536,0.105312,45881.2,0.452832,10670.3
2048,768,1792,0.118752,47469.9,0.541568,10408.9
2048,768,2048,0.133696,48187.3,0.52784,12205.3
2048,768,2304,0.149984,48323.5,0.531872,13626.9
2048,768,2560,0.164672,48903.7,0.500512,16089.7
2048,768,2816,0.176576,50167.5,0.514368,17221.9
2048,768,3072,0.194944,49571.6,0.469728,20572.9
2048,768,3328,0.207968,50339.4,0.641664,16315.4
2048,768,3584,0.221568,50884.1,0.551872,20429.2
2048,768,3840,0.237984,50758,0.554144,21798.7
2048,768,4096,0.25136,51260.7,0.597408,21568
2048,768,4352,0.267168,51241.9,0.64208,21321.7
2048,768,4608,0.279168,51924,0.593536,24422.3
2048,768,4864,0.292384,52331.3,0.670176,22831
2048,768,5120,0.310912,51802.8,0.705984,22813.7
2048,768,5376,0.323424,52288.7,0.613056,27585.5
2048,768,5632,0.336448,52658.2,0.61504,28805.8
2048,768,5888,0.351392,52710.5,0.601408,30797.8
2048,768,6144,0.368032,52515.4,0.712352,27131.7
2048,1024,256,0.03392,31655.1,0.369504,2905.9
2048,1024,512,0.04832,44443,0.384896,5579.39
2048,1024,768,0.062688,51385,0.445568,7229.48
2048,1024,1024,0.076704,55994,0.370816,11582.5
2048,1024,1280,0.090656,59220.7,0.485856,11050
2048,1024,1536,0.10592,60823.7,0.514624,12518.8
2048,1024,1792,0.118944,63191,0.461888,16272.8
2048,1024,2048,0.133056,64558.8,0.482912,17787.8
2048,1024,2304,0.147904,65337.5,0.571904,16897.4
2048,1024,2560,0.162528,66065,0.602752,17814
2048,1024,2816,0.176224,67023.6,0.520576,22688.6
2048,1024,3072,0.190464,67650.1,0.565888,22769.4
2048,1024,3328,0.204608,68221.4,0.641568,21757.1
2048,1024,3584,0.222208,67650.1,0.628832,23905.2
2048,1024,3840,0.233856,68872,0.633696,25416.2
2048,1024,4096,0.245984,69841.4,0.655808,26196.5
2048,1024,4352,0.262208,69615,0.60208,30317.6
2048,1024,4608,0.27744,69663.2,0.659712,29296.7
2048,1024,4864,0.290752,70166.7,0.635008,32127.3
2048,1024,5120,0.306336,70102.2,0.657696,32651.6
2048,1024,5376,0.319136,70655.1,0.723072,31184.4
2048,1024,5632,0.33136,71289,0.745728,31676.9
2048,1024,5888,0.348096,70946.1,0.7208,34262
2048,1024,6144,0.363584,70877.2,0.785728,32797.4
2048,1280,256,0.036864,36408.9,0.391264,3430.36
2048,1280,512,0.050944,52692.3,0.387968,6919.01
2048,1280,768,0.064352,62570.4,0.42208,9539.74
2048,1280,1024,0.07968,67378.4,0.422816,12697.5
2048,1280,1280,0.094688,70873.7,0.445024,15079.8
2048,1280,1536,0.106752,75437.1,0.44592,18059.4
2048,1280,1792,0.122016,77000.1,0.544224,17263.6
2048,1280,2048,0.135296,79362.4,0.49136,21852.4
2048,1280,2304,0.149984,80539.2,0.566784,21312.5
2048,1280,2560,0.16448,81601.2,0.563584,23815
2048,1280,2816,0.178816,82565,0.623104,23694.2
2048,1280,3072,0.193376,83289.2,0.536704,30009.3
2048,1280,3328,0.206432,84523.3,0.586176,29766.3
2048,1280,3584,0.221504,84831.3,0.568192,33070.7
2048,1280,3840,0.233568,86196.1,0.64576,31176.7
2048,1280,4096,0.249664,86015,0.687424,31239.6
2048,1280,4352,0.263488,86596,0.611552,37310
2048,1280,4608,0.277728,86988.7,0.677792,35644
2048,1280,4864,0.291264,87554.1,0.655872,38881.6
2048,1280,5120,0.306912,87463.3,0.660224,40658.2
2048,1280,5376,0.320096,88054,0.703872,40043.8
2048,1280,5632,0.334528,88267.4,0.6984,42279.4
2048,1280,5888,0.349088,88430.6,0.659904,46779.6
2048,1280,6144,0.36224,88925.2,0.738912,43594.2
2048,1536,256,0.051488,31281.3,0.413568,3894.43
2048,1536,512,0.076,42384.5,0.449824,7161.08
2048,1536,768,0.10016,48241.2,0.448224,10780
2048,1536,1024,0.122496,52593.2,0.451904,14256.2
2048,1536,1280,0.152224,52902.7,0.50208,16039.4
2048,1536,1536,0.174784,55289.2,0.493472,19583
2048,1536,1792,0.198304,56853.6,0.569568,19794.5
2048,1536,2048,0.215712,59732,0.604736,21306.7
2048,1536,2304,0.247136,58654,0.605568,23937.1
2048,1536,2560,0.274016,58778.1,0.64,25165.8
2048,1536,2816,0.29408,60244.6,0.651936,27175.6
2048,1536,3072,0.319584,60476.6,0.722112,26765
2048,1536,3328,0.341984,61225,0.703936,29744.1
2048,1536,3584,0.364384,61881.4,0.711808,31677.9
2048,1536,3840,0.387008,62425.6,0.73824,32725.4
2048,1536,4096,0.402752,63984.3,0.734336,35092.7
2048,1536,4352,0.43424,63053.6,0.896224,30550.9
2048,1536,4608,0.458464,63235.1,0.874176,33163.8
2048,1536,4864,0.482688,63398.4,0.860704,35554.2
2048,1536,5120,0.511168,63017,0.866528,37173.9
2048,1536,5376,0.529952,63822.5,0.964736,35059.2
2048,1536,5632,0.554912,63854.2,0.869376,40757.4
2048,1536,5888,0.57968,63904.4,0.895904,41348.3
2048,1536,6144,0.598656,64569.1,0.956832,40398.6
2048,1792,256,0.052384,35870.7,0.4336,4333.6
2048,1792,512,0.090496,41527.8,0.45344,8287.97
2048,1792,768,0.100992,55817.7,0.422112,13354.6
2048,1792,1024,0.128864,58326.5,0.523776,14350
2048,1792,1280,0.175744,53459.8,0.5312,17686.8
2048,1792,1536,0.203488,55405.2,0.558272,20195
2048,1792,1792,0.202176,65058.8,0.589376,22317.4
2048,1792,2048,0.258592,58131.7,0.549984,27332.4
2048,1792,2304,0.287904,58739.8,0.683936,24726.6
2048,1792,2560,0.320384,58649.9,0.689536,27250.9
2048,1792,2816,0.344512,59996.5,0.7312,28268
2048,1792,3072,0.379328,59443.5,0.773504,29151.2
2048,1792,3328,0.34544,70714.5,0.803072,30417.7
2048,1792,3584,0.365888,71898.2,0.838368,31378.4
2048,1792,3840,0.465088,60603,0.821312,34317.9
2048,1792,4096,0.403968,74423.6,0.832768,36102.2
2048,1792,4352,0.524768,60872.3,0.8616,37075
2048,1792,4608,0.461184,73339.2,0.895424,37773
2048,1792,4864,0.579488,61609.4,0.88464,40357.6
2048,1792,5120,0.6112,61487.2,0.904128,41566
2048,1792,5376,0.536416,73562.3,0.956736,41244.4
2048,1792,5632,0.664512,62209.7,0.929728,44463.6
2048,1792,5888,0.582496,74194.7,0.909984,47493.3
2048,1792,6144,0.729024,61859.6,1.00861,44712.3
2048,2048,256,0.06208,34592.2,0.451488,4756.46
2048,2048,512,0.08928,48106.7,0.442464,9706.93
2048,2048,768,0.119424,53946,0.484352,13301.2
2048,2048,1024,0.147296,58317.5,0.506752,16951
2048,2048,1280,0.177952,60338.8,0.527264,20364.4
2048,2048,1536,0.207584,62070.8,0.545856,23604.9
2048,2048,1792,0.233728,64315.7,0.603168,24922.4
2048,2048,2048,0.261312,65744.7,0.582432,29496.8
2048,2048,2304,0.294048,65728.6,0.585632,33002.6
2048,2048,2560,0.324416,66195.4,0.72672,29550.4
2048,2048,2816,0.348608,67761.8,0.703264,33589.5
2048,2048,3072,0.377152,68327.4,0.741856,34736.9
2048,2048,3328,0.405216,68894.8,0.790016,35337.6
2048,2048,3584,0.435168,69087.7,0.809632,37133.9
2048,2048,3840,0.46928,68641.9,0.960992,33519.8
2048,2048,4096,0.49104,69973.4,0.874016,39312.5
2048,2048,4352,0.525184,69513.2,0.960672,38001.8
2048,2048,4608,0.553792,69800,0.900576,42922.2
2048,2048,4864,0.581376,70182.1,0.970304,42050.9
2048,2048,5120,0.619072,69377.5,0.945472,45426.7
2048,2048,5376,0.63984,70481.9,0.990336,45537.2
2048,2048,5632,0.666592,70874.9,1.00064,47214.4
2048,2048,5888,0.698112,70751,1.08253,45626.6
2048,2048,6144,0.727904,70805.5,1.12931,45638.1
2048,2304,256,0.064864,37245.9,0.397888,6071.86
2048,2304,512,0.091776,52648.2,0.455968,10596.9
2048,2304,768,0.12176,59524.9,0.468544,15468.7
2048,2304,1024,0.1504,64253.2,0.506496,19079.5
2048,2304,1280,0.180416,66954.1,0.52992,22795.1
2048,2304,1536,0.20816,69636.4,0.556128,26065.1
2048,2304,1792,0.23536,71853.5,0.576992,29309.7
2048,2304,2048,0.262208,73710,0.594496,32510.5
2048,2304,2304,0.293984,73960.7,0.635456,34216.8
2048,2304,2560,0.327488,73771.2,0.727904,33190.1
2048,2304,2816,0.350112,75904.6,0.704288,37733.3
2048,2304,3072,0.382176,75857.8,0.725952,39935.2
2048,2304,3328,0.411968,76236.4,0.759328,41361.5
2048,2304,3584,0.438208,77184.5,0.736128,45947
2048,2304,3840,0.469056,77259,0.804608,45039.1
2048,2304,4096,0.489984,78889.7,0.86256,44813.9
2048,2304,4352,0.526496,78007.5,0.93104,44112.6
2048,2304,4608,0.552608,78693.3,0.962816,45166
2048,2304,4864,0.580928,79015.7,0.918368,49982.6
2048,2304,5120,0.615296,78528.7,0.951136,50800.7
2048,2304,5376,0.640896,79161.5,0.983936,51562.6
2048,2304,5632,0.667104,79673.1,0.958912,55427.6
2048,2304,5888,0.693984,80068.3,1.00656,55204
2048,2304,6144,0.725696,79898.5,1.01862,56921.9
2048,2560,256,0.065824,40780.8,0.403936,6645.49
2048,2560,512,0.095264,56356.1,0.427552,12556.9
2048,2560,768,0.12528,64280.5,0.479008,16812
2048,2560,1024,0.154016,69716.3,0.501344,21417.3
2048,2560,1280,0.183488,73148,0.508448,26397.5
2048,2560,1536,0.209472,76889.2,0.5416,29738
2048,2560,1792,0.237728,79041.9,0.578944,32456.5
2048,2560,2048,0.263936,81363.8,0.567776,37822.7
2048,2560,2304,0.297216,81285,0.651904,37059.4
2048,2560,2560,0.327296,82016.1,0.676256,39694.4
2048,2560,2816,0.35312,83620,0.692672,42629
2048,2560,3072,0.383328,84033.1,0.696768,46231
2048,2560,3328,0.411616,84779.5,0.734976,47479.9
2048,2560,3584,0.43648,86100.1,0.770368,48783.1
2048,2560,3840,0.47104,85481.7,0.820992,49044.7
2048,2560,4096,0.494304,86889.2,0.85056,50495.8
2048,2560,4352,0.524608,86986.9,0.858336,53165.7
2048,2560,4608,0.552736,87416.7,0.88592,54540.3
2048,2560,4864,0.579904,87950.3,0.979712,52058.9
2048,2560,5120,0.612608,87636.9,0.928992,57790.7
2048,2560,5376,0.637248,88460.8,1.02301,55103.6
2048,2560,5632,0.665472,88742.7,1.02528,57599.7
2048,2560,5888,0.69696,88584.9,1.06221,58124.4
2048,2560,6144,0.725312,88823.2,1.03341,62341.8
2048,2816,256,0.08016,36836.2,0.429952,6867.72
2048,2816,512,0.121856,48463.6,0.459456,12853.4
2048,2816,768,0.16672,53133.2,0.476576,18587.5
2048,2816,1024,0.205888,57366.9,0.519648,22729.2
2048,2816,1280,0.248704,59363.5,0.646496,22836.9
2048,2816,1536,0.290528,60981.2,0.654816,27056.1
2048,2816,1792,0.320256,64540.7,0.681536,30327.9
2048,2816,2048,0.351648,67176,0.766336,30825
2048,2816,2304,0.401312,66220.6,0.815008,32607.2
2048,2816,2560,0.437248,67531.2,0.803872,36732.1
2048,2816,2816,0.473152,68647.5,0.942944,34446
2048,2816,3072,0.52352,67683.1,0.93152,38038.3
2048,2816,3328,0.55376,69319.3,0.9976,38478.6
2048,2816,3584,0.590176,70045.3,1.0688,38678
2048,2816,3840,0.63536,69711.4,1.0079,43944.5
2048,2816,4096,0.652416,72414.9,1.14483,41267.7
2048,2816,4352,0.711744,70527.4,1.0783,46552.2
2048,2816,4608,0.748768,70983.6,1.15818,45891.3
2048,2816,4864,0.785984,71379.3,1.19702,46868.7
2048,2816,5120,0.83552,70681.5,1.21037,48791.6
2048,2816,5376,0.867776,71456.9,1.22867,50468
2048,2816,5632,0.898688,72284.7,1.3216,49153.6
2048,2816,5888,0.933408,72759.4,1.28499,52851.8
2048,2816,6144,0.966592,73316.3,1.46822,48267.1
2048,3072,256,0.083744,38465.2,0.440768,7308.21
2048,3072,512,0.136256,47282,0.453408,14208.9
2048,3072,768,0.179808,53744.4,0.487552,19820.8
2048,3072,1024,0.209856,61398.8,0.530304,24297.2
2048,3072,1280,0.273344,58922.6,0.629184,25598.4
2048,3072,1536,0.311648,62016.6,0.686656,28147.1
2048,3072,1792,0.350848,64268.8,0.769312,29310.1
2048,3072,2048,0.389888,66095.4,0.735808,35022.5
2048,3072,2304,0.434688,66693.9,0.893856,32433.7
2048,3072,2560,0.48128,66930.4,0.909984,35398.7
2048,3072,2816,0.476352,74385.1,1.0345,34251.9
2048,3072,3072,0.569536,67870.5,1.06214,36393.1
2048,3072,3328,0.558688,74954.1,0.970592,43144.7
2048,3072,3584,0.6536,68998.1,0.943584,47793.5
2048,3072,3840,0.708576,68190.8,0.984256,49091.3
2048,3072,4096,0.73872,69768.8,1.13142,45552.9
2048,3072,4352,0.793696,68994.7,1.12685,48596.5
2048,3072,4608,0.833568,69558.9,1.12166,51692.9
2048,3072,4864,0.870688,70293,1.16624,52479.2
2048,3072,5120,0.923456,69764.6,1.20646,53399.4
2048,3072,5376,0.964288,70151,1.29277,52326.3
2048,3072,5632,0.999904,70873.8,1.35334,52364.3
2048,3072,5888,1.04566,70852.8,1.32778,55798.7
2048,3072,6144,1.09302,70729.8,1.42032,54431
2048,3328,256,0.09184,37997.2,0.465344,7499.1
2048,3328,512,0.141696,49255.6,0.49424,14121.3
2048,3328,768,0.184224,56827.5,0.517248,20239.8
2048,3328,1024,0.226272,61689.7,0.552768,25252.3
2048,3328,1280,0.269088,64842.4,0.649184,26877.3
2048,3328,1536,0.314624,66549.2,0.702944,29786.1
2048,3328,1792,0.352288,69339.9,0.74448,32811.7
2048,3328,2048,0.39232,71159.5,0.743072,37570.1
2048,3328,2304,0.440896,71234.4,0.855136,36727.4
2048,3328,2560,0.489472,71294.4,0.96064,36326.4
2048,3328,2816,0.52784,72723.3,0.945888,40582.3
2048,3328,3072,0.57632,72660.9,1.0239,40898.3
2048,3328,3328,0.617376,73481.3,1.04822,43278.5
2048,3328,3584,0.661376,73869.1,1.11328,43884.1
2048,3328,3840,0.723552,72344.4,1.15555,45298.6
2048,3328,4096,0.746816,74763.5,1.20058,46506.5
2048,3328,4352,0.804416,73748.2,1.07901,54980.3
2048,3328,4608,0.839264,74844,1.2776,49165.5
2048,3328,4864,0.879328,75402.5,1.20374,55081.1
2048,3328,5120,0.935328,74619,1.25254,55721.2
2048,3328,5376,0.974752,75181,1.32262,55407.2
2048,3328,5632,1.0087,76110.1,1.35827,56522.2
2048,3328,5888,1.05523,76061.2,1.45667,55099.7
2048,3328,6144,1.09834,76253.4,1.3959,59998.3
2048,3584,256,0.095808,39225.3,0.42368,8870.13
2048,3584,512,0.139232,53983.2,0.472544,15905.8
2048,3584,768,0.190464,59193.8,0.518976,21724.1
2048,3584,1024,0.22656,66350.6,0.581984,25829.6
2048,3584,1280,0.2752,68279.4,0.602496,31187.7
2048,3584,1536,0.31488,71610.1,0.615168,36654.3
2048,3584,1792,0.356384,73815.5,0.779008,33769.5
2048,3584,2048,0.391328,76827.5,0.783488,38373
2048,3584,2304,0.443936,76188.6,0.777536,43500.1
2048,3584,2560,0.492288,76339.4,0.818368,45921.8
2048,3584,2816,0.52832,78246.3,0.843552,49005.9
2048,3584,3072,0.585792,76984.9,0.99472,45336.5
2048,3584,3328,0.63056,77479.2,1.04861,46590.6
2048,3584,3584,0.669152,78626.9,1.10323,47690.2
2048,3584,3840,0.719296,78370.3,1.13952,49469.5
2048,3584,4096,0.751552,80007.2,1.26237,47632.3
2048,3584,4352,0.805024,79361.2,1.17197,54513.1
2048,3584,4608,0.842304,80310.4,1.20986,55912.2
2048,3584,4864,0.88032,81111.2,1.1936,59822.2
2048,3584,5120,0.936224,80282,1.21472,61875.9
2048,3584,5376,0.972864,81121.3,1.31046,60223
2048,3584,5632,1.01706,81291.6,1.35427,61049.9
2048,3584,5888,1.05738,81746,1.39363,62022.3
2048,3584,6144,1.11491,80898.1,1.44486,62424.1
2048,3840,256,0.09776,41187.9,0.430176,9360.2
2048,3840,512,0.143264,56211.4,0.460768,17477.5
2048,3840,768,0.189056,63894.3,0.539936,22372.3
2048,3840,1024,0.230336,69924.5,0.565984,28456.9
2048,3840,1280,0.27472,73284.3,0.604608,33298.7
2048,3840,1536,0.3168,76260.1,0.704576,34289
2048,3840,1792,0.356352,79095.2,0.65712,42892.8
2048,3840,2048,0.395744,81396.7,0.800256,40252.4
2048,3840,2304,0.446368,81185.9,0.783264,46266.4
2048,3840,2560,0.494112,81490.3,0.8312,48442.4
2048,3840,2816,0.529888,83587.2,0.884672,50065.8
2048,3840,3072,0.589536,81960,0.922848,52357.9
2048,3840,3328,0.631808,82849.4,1.07005,48918.3
2048,3840,3584,0.67152,83946,1.08237,52081.6
2048,3840,3840,0.718496,84061.7,1.10026,54894.5
2048,3840,4096,0.744256,86562.3,1.14819,56109.5
2048,3840,4352,0.8032,85222.9,1.12253,60979.4
2048,3840,4608,0.844,85873.9,1.14288,63416.6
2048,3840,4864,0.883872,86555.6,1.2113,63158.9
2048,3840,5120,0.9376,85890.2,1.22224,65887.7
2048,3840,5376,0.977504,86503.1,1.30435,64827
2048,3840,5632,1.01494,87279.4,1.30243,68014.1
2048,3840,5888,1.05859,87484.4,1.39504,66385.4
2048,3840,6144,1.1183,86413.7,1.46675,65884.9
2048,4096,256,0.118112,36363.5,0.467776,9181.68
2048,4096,512,0.172128,49904.3,0.508736,16884.9
2048,4096,768,0.239072,53895.5,0.534976,24085
2048,4096,1024,0.28048,61251.7,0.624864,27493.8
2048,4096,1280,0.348448,61630,0.74832,28697.4
2048,4096,1536,0.398656,64641.7,0.759552,33927.6
2048,4096,1792,0.447296,67214.5,0.815104,36884.6
2048,4096,2048,0.480448,71516,0.90992,37761.3
2048,4096,2304,0.554816,69671.2,0.970528,39828.5
2048,4096,2560,0.618144,69481.7,1.02477,41911.6
2048,4096,2816,0.65968,71617.5,1.12445,42015.9
2048,4096,3072,0.7496,68756.1,1.17011,44046.7
2048,4096,3328,0.785408,71089.9,1.24915,44698
2048,4096,3584,0.826432,72758,1.26506,47531.1
2048,4096,3840,0.88928,72445.7,1.40566,45832.1
2048,4096,4096,0.904448,75979.5,1.39062,49416.3
2048,4096,4352,0.992416,73572.4,1.36989,53299.6
2048,4096,4608,1.04355,74082.9,1.50051,51522
2048,4096,4864,1.09504,74521.8,1.56666,52088.3
2048,4096,5120,1.1608,74000.1,1.5232,56394
2048,4096,5376,1.20534,74828.7,1.57664,57206.7
2048,4096,5632,1.2543,75332,1.6473,57360.2
2048,4096,5888,1.31946,74867.4,1.74816,56507.6
2048,4096,6144,1.37747,74832.2,1.77357,58119.7
2048,4352,256,0.12848,35518.4,0.455936,10008.9
2048,4352,512,0.185472,49208.5,0.484416,18840.8
2048,4352,768,0.243776,56159,0.590272,23193.1
2048,4352,1024,0.299744,60897.3,0.631904,28886.7
2048,4352,1280,0.366432,62268.1,0.668384,34137.6
2048,4352,1536,0.423328,64679,0.871488,31418
2048,4352,1792,0.475136,67230.9,0.82992,38490.2
2048,4352,2048,0.522528,69866.5,0.915232,39888.5
2048,4352,2304,0.599424,68516.8,0.942208,43589.8
2048,4352,2560,0.66128,69008.6,1.02269,44621.7
2048,4352,2816,0.713344,70369.2,1.09789,45721.8
2048,4352,3072,0.801088,68358.1,1.11379,49166.1
2048,4352,3328,0.83968,70651,1.20394,49275.2
2048,4352,3584,0.889888,71792.9,1.22989,51945.9
2048,4352,3840,0.96032,71279.4,1.31155,52190.9
2048,4352,4096,0.906624,80534.4,1.36867,53346.9
2048,4352,4352,1.06634,72751.8,1.37469,56433.1
2048,4352,4608,1.12422,73064.8,1.42154,57783.4
2048,4352,4864,1.18493,73172.9,1.56618,55360.7
2048,4352,5120,1.25453,72750.9,1.54858,58936.8
2048,4352,5376,1.30205,73600.6,1.6049,59711.9
2048,4352,5632,1.34445,74673.7,1.64074,61188.9
2048,4352,5888,1.40502,74702.1,1.7535,59856.3
2048,4352,6144,1.46883,74563.8,1.81802,60242.4
2048,4608,256,0.128128,37711,0.446528,10820.9
2048,4608,512,0.186272,51879.4,0.469376,20588.3
2048,4608,768,0.246688,58760.5,0.5576,25996.3
2048,4608,1024,0.302592,63872.6,0.655456,29486.9
2048,4608,1280,0.367872,65672.8,0.71504,33787.2
2048,4608,1536,0.4264,67990.2,0.774208,37446
2048,4608,1792,0.481792,70202.2,0.777344,43510.8
2048,4608,2048,0.529344,73023.8,0.887296,43564.6
2048,4608,2304,0.601504,72296.3,0.95072,45740.6
2048,4608,2560,0.669184,72204.9,1.00147,48247.4
2048,4608,2816,0.72208,73607.1,1.04307,50955.5
2048,4608,3072,0.806592,71885.2,1.13606,51037.7
2048,4608,3328,0.84928,73961.4,1.15635,54320.7
2048,4608,3584,0.898496,75287.7,1.2407,54522.1
2048,4608,3840,0.976896,74191.7,1.25642,57686
2048,4608,4096,0.996256,77599.9,1.29856,59534.7
2048,4608,4352,1.08947,75395.5,1.4351,57237.1
2048,4608,4608,1.13766,76448.8,1.49462,58190.6
2048,4608,4864,1.1961,76753.8,1.5231,60274.9
2048,4608,5120,1.27376,75867.3,1.59715,60505.7
2048,4608,5376,1.30707,77630.5,1.56832,64698.9
2048,4608,5632,1.36586,77827,1.60749,66128.3
2048,4608,5888,1.40621,79029.8,1.68061,66126.2
2048,4608,6144,1.48272,78210.4,1.73034,67018.3
2048,4864,256,0.12992,39257,0.45024,11327.9
2048,4864,512,0.184864,55178.7,0.525536,19409.8
2048,4864,768,0.248992,61451.1,0.566208,27023.3
2048,4864,1024,0.303648,67186.7,0.62448,32668.9
2048,4864,1280,0.374112,68165.1,0.703296,36259.8
2048,4864,1536,0.424512,72086.6,0.769472,39769.7
2048,4864,1792,0.479776,74413.7,0.802016,44515.2
2048,4864,2048,0.532992,76553.1,0.888384,45928.6
2048,4864,2304,0.603872,76013.6,0.929216,49399.1
2048,4864,2560,0.672544,75835.5,0.99936,51035.4
2048,4864,2816,0.732256,76616.7,1.05504,53176.2
2048,4864,3072,0.821504,74501.5,1.11702,54791.4
2048,4864,3328,0.862656,76859.8,1.13037,58656.6
2048,4864,3584,0.905536,78852.6,1.22352,58359.3
2048,4864,3840,0.993792,76982,1.22685,62358.3
2048,4864,4096,1.00301,81359.6,1.30928,62327.7
2048,4864,4352,1.09709,79031.6,1.34067,64672.5
2048,4864,4608,1.15286,79632.1,1.42925,64233
2048,4864,4864,1.18957,81462.5,1.42086,68201.6
2048,4864,5120,1.26538,80612.8,1.5111,67503.9
2048,4864,5376,1.3047,82092,1.65597,64678.6
2048,4864,5632,1.36234,82363,1.65709,67712.8
2048,4864,5888,1.40931,83236.6,1.73562,67587.7
2048,4864,6144,1.492,82041.9,1.78026,68757.8
2048,5120,256,0.146944,36535.7,0.470624,11407.6
2048,5120,512,0.188992,56814.1,0.506144,21214.2
2048,5120,768,0.254336,63326.2,0.594208,27105.2
2048,5120,1024,0.308544,69600.6,0.678784,31637.2
2048,5120,1280,0.369312,72685.3,0.65232,41150.9
2048,5120,1536,0.425536,75698.1,0.78816,40870.2
2048,5120,1792,0.486432,77258.4,0.822912,45668.3
2048,5120,2048,0.530144,81015.1,0.849088,50583.3
2048,5120,2304,0.610464,79150.3,0.99104,48755.2
2048,5120,2560,0.67952,79007.4,1.04989,51136
2048,5120,2816,0.733376,80525.9,1.06563,55418.6
2048,5120,3072,0.81408,79137.8,1.08413,59425.2
2048,5120,3328,0.866784,80519.7,1.13638,61416.9
2048,5120,3584,0.919424,81748.9,1.2143,61897.1
2048,5120,3840,0.981216,82072.3,1.28272,62781.2
2048,5120,4096,1.00285,85655.4,1.40813,61002.5
2048,5120,4352,1.09834,83096.7,1.34979,67616.4
2048,5120,4608,1.12426,85956.2,1.40045,69004.2
2048,5120,4864,1.17798,86593.3,1.45786,69969.5
2048,5120,5120,1.25219,85749,1.50803,71201.5
2048,5120,5376,1.29488,87068.2,1.64387,68583.7
2048,5120,5632,1.34813,87611.6,1.68656,70031.1
2048,5120,5888,1.40704,87758.9,1.72211,71702.8
2048,5120,6144,1.46554,87919.4,1.70224,75693.8
2048,5376,256,0.148,38088.8,0.464672,12131.4
2048,5376,512,0.218848,51516.5,0.527136,21387.8
2048,5376,768,0.294144,57493.7,0.562944,30041.1
2048,5376,1024,0.360032,62629.4,0.711936,31672.2
2048,5376,1280,0.440896,63928.3,0.733728,38414.4
2048,5376,1536,0.506848,66731.8,0.805056,42013.1
2048,5376,1792,0.596576,66144.2,0.894592,44109.5
2048,5376,2048,0.658816,68451.8,0.8968,50286.8
2048,5376,2304,0.719584,70505,0.98688,51408.8
2048,5376,2560,0.8472,66538.5,1.06042,53159.7
2048,5376,2816,0.851424,72829.3,1.11549,55588.8
2048,5376,3072,0.948544,71315.3,1.4137,47850.3
2048,5376,3328,1.02038,71818.9,1.38451,52930.5
2048,5376,3584,1.07635,73321.8,1.55261,50830.6
2048,5376,3840,1.15389,73280.2,1.48547,56922.8
2048,5376,4096,1.16589,77361,1.52704,59064.8
2048,5376,4352,1.26822,75563.5,1.72858,55439.5
2048,5376,4608,1.33066,76254.6,1.69747,59776.3
2048,5376,4864,1.39664,76688.2,1.76256,60767.1
2048,5376,5120,1.48973,75680.2,1.90739,59108.4
2048,5376,5376,1.52998,77373.4,1.90605,62107.6
2048,5376,5632,1.59114,77942.5,1.99859,62052.3
2048,5376,5888,1.6583,78184.9,2.0991,61766.5
2048,5376,6144,1.7369,77892.7,2.13754,63293.2
2048,5632,256,0.156032,37848.5,0.487392,12116.7
2048,5632,512,0.226432,52162.1,0.557472,21187
2048,5632,768,0.319232,55498,0.64176,27606.5
2048,5632,1024,0.384512,61434.5,0.705536,33481.4
2048,5632,1280,0.470368,62776.2,0.78464,37632.4
2048,5632,1536,0.543392,65208,0.838496,42258.4
2048,5632,1792,0.611712,67579.3,0.925024,44689.7
2048,5632,2048,0.667136,70817.1,0.998976,47293.1
2048,5632,2304,0.757056,70206.5,1.06899,49719.9
2048,5632,2560,0.859776,68687.4,1.1121,53103.2
2048,5632,2816,0.902176,72005.2,1.17274,55393
2048,5632,3072,1.01398,69889.6,1.25603,56421.3
2048,5632,3328,1.07901,71151,1.37302,55914.9
2048,5632,3584,1.13344,72944.4,1.42454,58038.3
2048,5632,3840,1.23254,71870.6,1.52234,58189.3
2048,5632,4096,1.24451,75924.8,1.52563,61934.5
2048,5632,4352,1.35664,74002.6,1.66573,60270.9
2048,5632,4608,1.4153,75108.3,1.7407,61067.5
2048,5632,4864,1.48621,75498.2,1.85258,60567.6
2048,5632,5120,1.58333,74597.1,1.87898,62859.6
2048,5632,5376,1.63939,75648.3,1.97072,62929.9
2048,5632,5632,1.69699,76560.6,2.01504,64476.5
2048,5632,5888,1.7745,76544.7,2.05984,65941.2
2048,5632,6144,1.86093,76163,2.14675,66022.5
2048,5888,256,0.155776,39633.9,0.48656,12689.1
2048,5888,512,0.231072,53438,0.529952,23300.3
2048,5888,768,0.322048,57513.3,0.6208,29835.8
2048,5888,1024,0.387488,63733.7,0.71712,34437.8
2048,5888,1280,0.480064,64304.1,0.780352,39559.2
2048,5888,1536,0.556224,66599.2,0.887776,41726.8
2048,5888,1792,0.614016,70386,0.92064,46943.5
2048,5888,2048,0.667872,73954.5,0.970592,50888.7
2048,5888,2304,0.76512,72624.1,1.24394,44669.6
2048,5888,2560,0.865792,71310.6,1.28211,48155
2048,5888,2816,0.915008,74222.5,1.40646,48287.2
2048,5888,3072,1.02365,72376.6,1.46787,50473.2
2048,5888,3328,1.08976,73651.3,1.53738,52207.3
2048,5888,3584,1.1495,75194.4,1.5881,54427.6
2048,5888,3840,1.23434,75028.4,1.66237,55709.8
2048,5888,4096,1.24352,79439.2,1.74189,56711
2048,5888,4352,1.36694,76783.2,1.55869,67337.6
2048,5888,4608,1.43606,77386.7,1.67565,66322
2048,5888,4864,1.5104,77665.7,1.7231,68078.5
2048,5888,5120,1.60298,77031.9,1.77731,69475.9
2048,5888,5376,1.66464,77887.3,1.8416,70403.1
2048,5888,5632,1.72698,78651,2.00397,67779.7
2048,5888,5888,1.82554,77786.7,2.07907,68300.8
2048,5888,6144,1.91197,77499.4,2.08634,71022.3
2048,6144,256,0.16208,39748.6,0.505152,12753.5
2048,6144,512,0.233344,55218.5,0.510528,25238.4
2048,6144,768,0.32736,59040.1,0.633216,30522.5
2048,6144,1024,0.38944,66171.4,0.715744,36004.2
2048,6144,1280,0.489888,65754.3,0.798016,40365.4
2048,6144,1536,0.55456,69703.4,0.865088,44683
2048,6144,1792,0.622752,72415.9,0.924256,48792.9
2048,6144,2048,0.670944,76816.6,1.02733,50168.6
2048,6144,2304,0.785568,73809.1,1.24253,46664.6
2048,6144,2560,0.874432,73675.8,1.32003,48805.3
2048,6144,2816,0.916768,77300.9,1.36883,51771.8
2048,6144,3072,1.01715,76005.8,1.43997,53688.3
2048,6144,3328,1.09443,76525.4,1.51626,55236
2048,6144,3584,1.13613,79387.5,1.61306,55915.2
2048,6144,3840,1.24275,77760.3,1.66608,58002.5
2048,6144,4096,1.2448,82807.9,1.69533,60801.9
2048,6144,4352,1.39082,78746.3,1.58909,68921.1
2048,6144,4608,1.44154,80444.8,1.72608,67183.5
2048,6144,4864,1.50454,81357.9,1.69632,72160.1
2048,6144,5120,1.60765,80147.5,1.80061,71558.6
2048,6144,5376,1.66797,81111.5,1.93251,70008.1
2048,6144,5632,1.73408,81734.4,2.01456,70354.8
2048,6144,5888,1.80707,81998,1.96992,75219.5
2048,6144,6144,1.90653,81099.7,2.11891,72970.9
2304,256,256,0.022976,13143.7,0.34944,864.211
2304,256,512,0.029472,20493.3,0.351008,1720.7
2304,256,768,0.038816,23340.1,0.368736,2456.96
2304,256,1024,0.051232,23578.2,0.382048,3161.8
2304,256,1280,0.0608,24834.7,0.399712,3777.59
2304,256,1536,0.071296,25414.3,0.437536,4141.23
2304,256,1792,0.080832,26152.1,0.437568,4831.09
2304,256,2048,0.085408,28286.8,0.383456,6300.38
2304,256,2304,0.096736,28096.1,0.406496,6686.19
2304,256,2560,0.107296,28145.5,0.437952,6895.5
2304,256,2816,0.11552,28756,0.437632,7590.6
2304,256,3072,0.128096,28290.3,0.4472,8103.49
2304,256,3328,0.133504,29406.4,0.463584,8468.52
2304,256,3584,0.144352,29288.5,0.488096,8661.94
2304,256,3840,0.151968,29807.9,0.584448,7750.64
2304,256,4096,0.158208,30541,0.437728,11038.4
2304,256,4352,0.171744,29892.3,0.485824,10567.3
2304,256,4608,0.180192,30166.8,0.501376,10841.8
2304,256,4864,0.190784,30074.9,0.43168,13291.8
2304,256,5120,0.201664,29949.8,0.47568,12697.2
2304,256,5376,0.209536,30265.9,0.571264,11101.3
2304,256,5632,0.221024,30059.1,0.559296,11878.8
2304,256,5888,0.228704,30370.1,0.480288,14461.7
2304,256,6144,0.236736,30615.4,0.488768,14828.6
2304,512,256,0.02288,26397.7,0.416224,1451.09
2304,512,512,0.03296,36649.3,0.398304,3032.76
2304,512,768,0.044736,40502.9,0.39664,4568.22
2304,512,1024,0.055904,43215.5,0.40384,5982.37
2304,512,1280,0.066112,45678.5,0.435872,6928.41
2304,512,1536,0.071872,50421.3,0.449344,8064.82
2304,512,1792,0.083104,50874.3,0.422048,10017.5
2304,512,2048,0.090272,53525.3,0.478208,10104.1
2304,512,2304,0.102656,52951.8,0.516352,10527.3
2304,512,2560,0.109824,54995.2,0.523072,11546.8
2304,512,2816,0.118848,55901.5,0.515616,12885.1
2304,512,3072,0.130272,55635.6,0.552192,13125.4
2304,512,3328,0.141856,55350.1,0.567904,13825.8
2304,512,3584,0.148128,57083.9,0.600256,14086.9
2304,512,3840,0.157216,57625.8,0.577088,15699
2304,512,4096,0.163808,58993.9,0.61504,15712.3
2304,512,4352,0.17776,57761.3,0.611872,16780.7
2304,512,4608,0.188384,57710,0.619104,17560.3
2304,512,4864,0.19872,57747.7,0.668096,17176.6
2304,512,5120,0.207552,58200.3,0.604,19999.3
2304,512,5376,0.215808,58772.5,0.603232,21026
2304,512,5632,0.225824,58840.3,0.64864,20485.3
2304,512,5888,0.235712,58934.4,0.564608,24603.9
2304,512,6144,0.242592,59752.6,0.650144,22295.9
2304,768,256,0.034272,26434.7,0.381472,2374.93
2304,768,512,0.048384,37449.1,0.461056,3929.98
2304,768,768,0.062592,43422.6,0.389376,6980.17
2304,768,1024,0.076704,47245,0.462368,7837.65
2304,768,1280,0.090944,49809.2,0.406432,11145.4
2304,768,1536,0.105856,51351.1,0.5144,10567.3
2304,768,1792,0.119072,53260.1,0.485568,13060.6
2304,768,2048,0.135648,53430.6,0.47504,15257.2
2304,768,2304,0.149472,54550.2,0.522432,15607.2
2304,768,2560,0.165824,54634.4,0.521856,17360.5
2304,768,2816,0.178848,55721.4,0.631456,15782
2304,768,3072,0.192544,56463.1,0.604416,17987
2304,768,3328,0.207264,56824.2,0.573888,20522.5
2304,768,3584,0.220736,57460.4,0.66112,19185
2304,768,3840,0.237568,57202.8,0.631744,21511.2
2304,768,4096,0.252224,57470.8,0.688352,21058.3
2304,768,4352,0.265888,57924.7,0.626976,24564.7
2304,768,4608,0.279616,58320.9,0.714272,22830.9
2304,768,4864,0.291264,59099,0.670208,25683.7
2304,768,5120,0.311584,58152.5,0.722208,25088.9
2304,768,5376,0.322464,59000,0.65776,28924.5
2304,768,5632,0.334976,59500.8,0.766848,25991.2
2304,768,5888,0.35344,58955.7,0.732992,28427.7
2304,768,6144,0.367328,59193.1,0.737216,29493.8
2304,1024,256,0.03488,34631.9,0.363904,3319.45
2304,1024,512,0.048064,50264.6,0.352576,6852.19
2304,1024,768,0.062336,58134.6,0.4,9059.7
2304,1024,1024,0.076768,62940.8,0.410272,11777.2
2304,1024,1280,0.090752,66552.8,0.446816,13517.4
2304,1024,1536,0.10624,68220.6,0.525152,13801.3
2304,1024,1792,0.122432,69064.6,0.496288,17037.9
2304,1024,2048,0.13312,72593.7,0.471488,20496.1
2304,1024,2304,0.148128,73393.5,0.499072,21783.7
2304,1024,2560,0.162752,74220.9,0.682176,17707.4
2304,1024,2816,0.176736,75183.1,0.640768,20736.9
2304,1024,3072,0.191008,75889.6,0.566368,25593.8
2304,1024,3328,0.206304,76118.1,0.669696,23448.7
2304,1024,3584,0.219616,77004.6,0.589536,28686
2304,1024,3840,0.233856,77481,0.62912,28801.2
2304,1024,4096,0.24848,77782.3,0.716928,26958.6
2304,1024,4352,0.263456,77945.9,0.674784,30432.4
2304,1024,4608,0.276224,78716.1,0.696608,31213.1
2304,1024,4864,0.291136,78833.4,0.60128,38170.6
2304,1024,5120,0.305952,78964,0.7192,33591.8
2304,1024,5376,0.31888,79550.8,0.692192,36647.6
2304,1024,5632,0.334752,79387.5,0.74688,35581.5
2304,1024,5888,0.346336,80220,0.661056,42028.3
2304,1024,6144,0.363456,79764.9,0.752704,38515.8
2304,1280,256,0.051456,29344.5,0.457184,3302.72
2304,1280,512,0.075008,40261,0.424864,7107.92
2304,1280,768,0.097408,46503.9,0.420768,10765.7
2304,1280,1024,0.121024,49905.8,0.449376,13440.4
2304,1280,1280,0.148672,50781.2,0.491712,15354
2304,1280,1536,0.170304,53197.2,0.510592,17743.5
2304,1280,1792,0.194176,54433.3,0.52832,20006.1
2304,1280,2048,0.21456,56299.4,0.569888,21196.4
2304,1280,2304,0.24192,56173.7,0.614752,22105.7
2304,1280,2560,0.268704,56193.8,0.654112,23084
2304,1280,2816,0.288096,57652.5,0.639424,25975.6
2304,1280,3072,0.315712,57392.2,0.670048,27041.9
2304,1280,3328,0.338048,58066.7,0.7192,27293.3
2304,1280,3584,0.36192,58408.7,0.74032,28554.3
2304,1280,3840,0.383232,59100.6,0.734272,30845.8
2304,1280,4096,0.403008,59947.2,0.805056,30009.3
2304,1280,4352,0.437344,58693.2,0.801792,32014.7
2304,1280,4608,0.462848,58721.4,0.859136,31635.4
2304,1280,4864,0.478304,59980.8,0.810144,35412.3
2304,1280,5120,0.50608,59672.4,0.904896,33372.9
2304,1280,5376,0.525888,60296,1.00173,31654.2
2304,1280,5632,0.549056,60501.8,0.923488,35971.1
2304,1280,5888,0.572224,60691,0.97472,35629.6
2304,1280,6144,0.592128,61200.9,0.965664,37527.3
2304,1536,256,0.05056,35837.4,0.395456,4581.9
2304,1536,512,0.075488,48006,0.410112,8836.31
2304,1536,768,0.099936,54393,0.400832,13561.3
2304,1536,1024,0.124064,58419.5,0.46912,15449.7
2304,1536,1280,0.149056,60780.5,0.472384,19178.7
2304,1536,1536,0.17552,61939.6,0.564256,19267.2
2304,1536,1792,0.19824,63980.9,0.58288,21760.2
2304,1536,2048,0.258144,56152.8,0.61712,23489
2304,1536,2304,0.244672,66650.3,0.64464,25297
2304,1536,2560,0.271872,66646.8,0.638784,28365.4
2304,1536,2816,0.291872,68287.9,0.689024,28926.9
2304,1536,3072,0.372864,58314.2,0.688096,31599.2
2304,1536,3328,0.34048,69182.4,0.704096,33454.5
2304,1536,3584,0.363232,69837.3,0.720896,35188.4
2304,1536,3840,0.387872,70072.3,0.755616,35969.4
2304,1536,4096,0.405696,71460,0.733184,39541.3
2304,1536,4352,0.436096,70633.5,0.950432,32409.4
2304,1536,4608,0.458592,71119.7,0.903808,36086.1
2304,1536,4864,0.57456,59918.6,1.06016,32473.3
2304,1536,5120,0.511136,70898.5,0.998656,36287.6
2304,1536,5376,0.630592,60341.3,1.02973,36952.2
2304,1536,5632,0.553376,72035.4,1.0439,38186.1
2304,1536,5888,0.575872,72367.8,0.987872,42186.2
2304,1536,6144,0.725152,59968.9,1.08701,40005.7
2304,1792,256,0.060864,34732,0.426464,4956.88
2304,1792,512,0.089376,47304.2,0.413024,10236.4
2304,1792,768,0.120256,52735.7,0.484736,13083
2304,1792,1024,0.147232,57431.2,0.55984,15103.8
2304,1792,1280,0.176992,59718.2,0.529568,19959
2304,1792,1536,0.206528,61413.3,0.559456,22671.3
2304,1792,1792,0.233504,63371.5,0.57408,25776
2304,1792,2048,0.259456,65180.4,0.61584,27460.8
2304,1792,2304,0.291584,65248.3,0.708448,26855
2304,1792,2560,0.32336,65373.9,0.699872,30204.5
2304,1792,2816,0.348992,66629.7,0.712096,32654.6
2304,1792,3072,0.378272,67060.6,0.78848,32172.2
2304,1792,3328,0.406016,67684.7,0.791008,34741.8
2304,1792,3584,0.434432,68123.5,0.871584,33955.4
2304,1792,3840,0.469856,67486.5,0.93568,33888.7
2304,1792,4096,0.498208,67889.1,0.95328,35480.5
2304,1792,4352,0.5312,67652.1,0.830944,43248.2
2304,1792,4608,0.552992,68808.8,0.881088,43186.1
2304,1792,4864,0.582976,68895.9,0.940736,42694.9
2304,1792,5120,0.614976,68748.3,0.9352,45208.1
2304,1792,5376,0.639424,69425.8,1.02611,43262.8
2304,1792,5632,0.666048,69824.5,0.979328,47488.1
2304,1792,5888,0.697536,69703,1.01837,47743.4
2304,1792,6144,0.73248,69263.7,1.03872,48843.1
2304,2048,256,0.062528,38637.4,0.391424,6172.13
2304,2048,512,0.091936,52556.5,0.442784,10912.4
2304,2048,768,0.121536,59634.7,0.451776,16042.8
2304,2048,1024,0.147744,65408.2,0.484256,19955.7
2304,2048,1280,0.177408,68089.4,0.521152,23178.6
2304,2048,1536,0.20672,70121.5,0.555328,26102.6
2304,2048,1792,0.233984,72276,0.608896,27773.9
2304,2048,2048,0.259648,74436.7,0.579616,33345.1
2304,2048,2304,0.291328,74635,0.596704,36439
2304,2048,2560,0.322784,74846.3,0.67008,36054.2
2304,2048,2816,0.347168,76548.3,0.72064,36877.1
2304,2048,3072,0.376512,76999,0.727552,39847.4
2304,2048,3328,0.40496,77555.7,0.744032,42211.8
2304,2048,3584,0.433984,77935.7,0.777568,43498.3
2304,2048,3840,0.46352,78181.7,0.811936,44632.6
2304,2048,4096,0.491072,78714.9,0.903456,42785.4
2304,2048,4352,0.521312,78783.2,0.93104,44112.6
2304,2048,4608,0.548288,79313.3,0.927392,46891.2
2304,2048,4864,0.57648,79625.4,0.9424,48708
2304,2048,5120,0.608128,79454.3,0.971648,49728.3
2304,2048,5376,0.635296,79859.3,1.0536,48153.3
2304,2048,5632,0.661216,80382.5,1.02006,52104.8
2304,2048,5888,0.691968,80301.6,1.02579,54169
2304,2048,6144,0.720928,80427,1.06893,54243.2
2304,2304,256,0.076768,35404.2,0.433344,6271.94
2304,2304,512,0.118304,45947.9,0.490336,11085.9
2304,2304,768,0.153632,53073.1,0.469408,17370.2
2304,2304,1024,0.19248,56481.9,0.518976,20948.2
2304,2304,1280,0.232384,58478.8,0.595744,22811
2304,2304,1536,0.265632,61391.1,0.582336,28003.5
2304,2304,1792,0.30384,62616.4,0.662304,28726
2304,2304,2048,0.33792,64344.4,0.664288,32731.7
2304,2304,2304,0.379968,64377,0.846112,28910.1
2304,2304,2560,0.422176,64378.6,0.840064,32353.6
2304,2304,2816,0.455712,65605,0.884672,33794.4
2304,2304,3072,0.498016,65489.7,0.926112,35217
2304,2304,3328,0.535456,65986.4,0.890496,39677.7
2304,2304,3584,0.569472,66817.6,0.895712,42481
2304,2304,3840,0.61168,66650.3,0.962272,42367.1
2304,2304,4096,0.641248,67815.5,0.986176,44096.1
2304,2304,4352,0.688,67157.6,1.02669,45003.4
2304,2304,4608,0.72272,67692,1.13616,43059.4
2304,2304,4864,0.76272,67705.4,1.23469,41824.5
2304,2304,5120,0.806272,67419.2,1.22086,44524.4
2304,2304,5376,0.838592,68061.8,1.25315,45546
2304,2304,5632,0.877056,68175.8,1.27997,46715.2
2304,2304,5888,0.91072,68640.1,1.32502,47177.9
2304,2304,6144,0.951392,68562.5,1.4024,46513
2304,2560,256,0.080448,37538.5,0.429632,7029.04
2304,2560,512,0.120736,50024.8,0.436128,13848.7
2304,2560,768,0.15664,57837.7,0.53008,17091.2
2304,2560,1024,0.198336,60904.7,0.578848,20868.3
2304,2560,1280,0.241408,62547.6,0.611232,24703.4
2304,2560,1536,0.27696,65422.4,0.672064,26960.8
2304,2560,1792,0.318688,66332.2,0.685408,30841.9
2304,2560,2048,0.346208,69782.3,0.742592,32533.6
2304,2560,2304,0.393056,69148.1,0.859072,31637.7
2304,2560,2560,0.434912,69437,0.86144,35056.4
2304,2560,2816,0.468352,70927.2,0.875232,37954.4
2304,2560,3072,0.51552,70295.6,0.985984,36753.9
2304,2560,3328,0.545248,72001.5,0.951872,41243.7
2304,2560,3584,0.588224,71875,0.960896,43999.1
2304,2560,3840,0.629408,71970,1.04883,43189.5
2304,2560,4096,0.728704,66307.3,1.05683,45720
2304,2560,4352,0.775712,66182.1,1.20346,42659
2304,2560,4608,0.7352,73936.6,1.21382,44782.6
2304,2560,4864,0.780768,73489.3,1.21789,47112.8
2304,2560,5120,0.817568,73875.2,1.22026,49496.2
2304,2560,5376,0.857088,73992.3,1.25667,50464.9
2304,2560,5632,0.89072,74588.8,1.29984,51112.3
2304,2560,5888,0.924736,75110.8,1.30022,53419.8
2304,2560,6144,0.964768,75124.4,1.38208,52440.9
2304,2816,256,0.088128,37693.9,0.40832,8135.5
2304,2816,512,0.131968,50343.9,0.499968,13288.4
2304,2816,768,0.17424,57195.1,0.476096,20932.1
2304,2816,1024,0.221152,60083.4,0.562176,23635.9
2304,2816,1280,0.266336,62362.7,0.66224,25080.7
2304,2816,1536,0.30672,64982.2,0.649184,30702.1
2304,2816,1792,0.348224,66776.6,0.703296,33063.2
2304,2816,2048,0.390816,67999,0.82864,32070.8
2304,2816,2304,0.435328,68676.9,0.811552,36839.3
2304,2816,2560,0.484064,68625,0.834688,39798
2304,2816,2816,0.523328,69823.9,0.883776,41346.2
2304,2816,3072,0.570336,69893.3,0.950624,41933.2
2304,2816,3328,0.610784,70703.5,0.889856,48529.8
2304,2816,3584,0.652352,71290.4,1.05021,44283.1
2304,2816,3840,0.703232,70856.2,1.09334,45574.2
2304,2816,4096,0.73472,72340.8,1.03098,51553.3
2304,2816,4352,0.790208,71464.9,1.29578,43581.7
2304,2816,4608,0.826496,72346.4,1.3033,45879.1
2304,2816,4864,0.86736,72767.8,1.28765,49016.4
2304,2816,5120,0.925664,71773.1,1.29171,51433.9
2304,2816,5376,0.95968,72690.5,1.34237,51967.6
2304,2816,5632,1.00038,73053.5,1.40186,52132
2304,2816,5888,1.0449,73120.6,1.4559,52478.4
2304,2816,6144,1.09478,72822.9,1.5336,51985.7
2304,3072,256,0.090208,40172.5,0.461792,7847.43
2304,3072,512,0.135712,53405.4,0.4792,15124.7
2304,3072,768,0.180576,60205.3,0.53504,20319.3
2304,3072,1024,0.222624,65112.1,0.579616,25008.8
2304,3072,1280,0.26928,67288.3,0.657824,27544.4
2304,3072,1536,0.30992,70157.7,0.743648,29238.7
2304,3072,1792,0.349984,72480.9,0.697824,36351.8
2304,3072,2048,0.3944,73506.7,0.741792,39082.4
2304,3072,2304,0.439872,74146.4,1.0088,32330.4
2304,3072,2560,0.486592,74474.7,1.01066,35856.7
2304,3072,2816,0.52432,76027.4,1.10394,36109.6
2304,3072,3072,0.573632,75809.1,1.16918,37193.9
2304,3072,3328,0.612352,76933.6,1.16538,40425.1
2304,3072,3584,0.653216,77668.5,1.17158,43304
2304,3072,3840,0.708192,76756.3,1.20544,45094.1
2304,3072,4096,0.739488,78408.4,1.25194,46313.9
2304,3072,4352,0.790144,77968,1.10531,55736.2
2304,3072,4608,0.837248,77909.8,1.17773,55386.1
2304,3072,4864,0.872928,78876.7,1.20333,57219.4
2304,3072,5120,0.924256,78417.2,1.29654,55900.6
2304,3072,5376,0.961216,79172.1,1.26656,60085.2
2304,3072,5632,1.00038,79694.7,1.4145,56363.1
2304,3072,5888,1.05136,79277.5,1.35965,61302.1
2304,3072,6144,1.10038,79038.9,1.43571,60578.4
2304,3328,256,0.09104,43122.5,0.451392,8697.25
2304,3328,512,0.138592,56653.6,0.481024,16323
2304,3328,768,0.18016,65373,0.540896,21774.3
2304,3328,1024,0.225312,69696.6,0.554528,28318.6
2304,3328,1280,0.271808,72217.7,0.682336,28767.9
2304,3328,1536,0.313088,75235.1,0.667008,35314.7
2304,3328,1792,0.353984,77633.7,0.693984,39599
2304,3328,2048,0.394272,79658.1,0.770368,40768.8
2304,3328,2304,0.441536,80022.5,0.922976,38281.4
2304,3328,2560,0.486976,80617.3,0.937696,41867.2
2304,3328,2816,0.524928,82267.6,1.01152,42692.7
2304,3328,3072,0.578144,81485.6,1.07472,43835.1
2304,3328,3328,0.61472,83023.6,1.09434,46636.8
2304,3328,3584,0.655232,83882,1.11398,49338.4
2304,3328,3840,0.70528,83496,1.17984,49911.9
2304,3328,4096,0.740672,84806.6,1.39037,45177.9
2304,3328,4352,0.790688,84407.2,1.15894,57586.7
2304,3328,4608,0.832576,84875.9,1.14464,61736.1
2304,3328,4864,0.870848,85653.9,1.15456,64606
2304,3328,5120,0.925056,84878.5,1.28995,60868.4
2304,3328,5376,0.961792,85718.4,1.26269,65291.9
2304,3328,5632,1.00074,86305.6,1.30611,66126.9
2304,3328,5888,1.04483,86420.6,1.33478,67647.6
2304,3328,6144,1.09472,86068.4,1.38326,68114.9
2304,3584,256,0.110368,38306.9,0.475328,8894.61
2304,3584,512,0.16144,52376.8,0.517536,16338.4
2304,3584,768,0.22064,57485.4,0.549984,23061.7
2304,3584,1024,0.27328,61883.2,0.566752,29839.2
2304,3584,1280,0.33632,62854.7,0.741216,28519.7
2304,3584,1536,0.386912,65563.1,0.73824,34361.7
2304,3584,1792,0.436128,67858.5,0.812416,36428.4
2304,3584,2048,0.478944,70619.7,0.916416,36907.8
2304,3584,2304,0.545056,69810.7,1.01862,37355
2304,3584,2560,0.600576,70396.7,1.06323,39764.2
2304,3584,2816,0.643136,72312,1.05997,43875.3
2304,3584,3072,0.717408,70718.9,1.15706,43847.8
2304,3584,3328,0.755392,72759.8,1.15952,47400.8
2304,3584,3584,0.806272,73412,1.2175,48615.9
2304,3584,3840,0.93296,67974.9,1.2392,51176.5
2304,3584,4096,0.895968,75500.2,1.32013,51241.8
2304,3584,4352,0.974208,73776.4,1.45626,49355.1
2304,3584,4608,1.01901,74681.9,1.41805,53666.3
2304,3584,4864,1.07424,74777.8,1.48266,54179.3
2304,3584,5120,1.14077,74123,1.51766,55715.3
2304,3584,5376,1.18598,74861.9,1.57594,56338
2304,3584,5632,1.22896,75684.2,1.6239,57277.3
2304,3584,5888,1.28304,75789.3,1.80355,53916.2
2304,3584,6144,1.3424,75587.5,1.84614,54962.5
2304,3840,256,0.11472,39486.1,0.449024,10088.2
2304,3840,512,0.176416,51354.2,0.519808,17428.9
2304,3840,768,0.23776,57156.6,0.548064,24795.5
2304,3840,1024,0.292832,61876.4,0.662816,27337
2304,3840,1280,0.352512,64251,0.660032,34315.4
2304,3840,1536,0.413376,65749.1,0.752288,36128.6
2304,3840,1792,0.46544,68126.8,0.918624,34517.9
2304,3840,2048,0.52272,69327.3,0.913152,39685.4
2304,3840,2304,0.58128,70136,0.928704,43898.4
2304,3840,2560,0.648384,69863.7,1.02266,44294.9
2304,3840,2816,0.646112,77120.3,1.06643,46724.3
2304,3840,3072,0.763904,71158.4,1.09171,49791.7
2304,3840,3328,0.814528,72297.1,1.1095,53076
2304,3840,3584,0.868992,72978.7,1.15091,55102.3
2304,3840,3840,0.944512,71939.5,1.26054,53903.5
2304,3840,4096,0.978208,74092.2,1.31229,55229.9
2304,3840,4352,1.05158,73229.9,1.29795,59329.9
2304,3840,4608,1.10435,73832.7,1.42403,57258
2304,3840,4864,1.1585,74292.1,1.46566,58722.3
2304,3840,5120,1.2352,73346,1.58266,57243.6
2304,3840,5376,1.28016,74308.5,1.61779,58800.4
2304,3840,5632,1.33517,74639.8,1.86563,53417.1
2304,3840,5888,1.39315,74784.7,1.86397,55895
2304,3840,6144,1.45347,74797.7,1.90653,57023.2
2304,4096,256,0.119104,40568.2,0.46128,10474.8
2304,4096,512,0.17872,54071.6,0.541344,17851.3
2304,4096,768,0.240352,60309.5,0.621216,23334.1
2304,4096,1024,0.297888,64881.3,0.644032,30009.9
2304,4096,1280,0.358976,67300.3,0.758144,31866.2
2304,4096,1536,0.417984,69359.2,0.821408,35294.3
2304,4096,1792,0.474912,71219.2,0.893024,37874.5
2304,4096,2048,0.52512,73611.2,0.875776,44137.7
2304,4096,2304,0.587808,73980.9,0.990528,43902.4
2304,4096,2560,0.653696,73915.7,1.08435,44559.7
2304,4096,2816,0.699744,75956.7,1.11869,47511.2
2304,4096,3072,0.77568,74750,1.18026,49126.7
2304,4096,3328,0.82224,76393.6,1.14246,54981.1
2304,4096,3584,0.875296,77283.3,1.19939,56400
2304,4096,3840,0.950496,76252.4,1.33475,54300.4
2304,4096,4096,0.988224,78230.7,1.26947,60898.9
2304,4096,4352,1.06221,77330.7,1.45568,56428.1
2304,4096,4608,1.1097,78375.6,1.42115,61199
2304,4096,4864,1.16758,78628.1,1.54883,59273.6
2304,4096,5120,1.24534,77598.4,1.60128,60349.7
2304,4096,5376,1.29165,78557.5,1.65971,61136.3
2304,4096,5632,1.34906,78796.2,1.65571,64202.3
2304,4096,5888,1.39952,79407.4,1.70381,65225.8
2304,4096,6144,1.47549,78593.7,1.81184,64003.5
2304,4352,256,0.123008,41735.7,0.421312,12185.3
2304,4352,512,0.18096,56739.9,0.494336,20770.6
2304,4352,768,0.242048,63629.9,0.600352,25654.1
2304,4352,1024,0.298176,68869.8,0.644416,31866.5
2304,4352,1280,0.36128,71050.5,0.735552,34897.8
2304,4352,1536,0.420384,73273.4,0.82496,37338.7
2304,4352,1792,0.473312,75926.2,0.838912,42837.4
2304,4352,2048,0.525312,78183.3,0.911104,45077.9
2304,4352,2304,0.591488,78115.6,0.934912,49421.2
2304,4352,2560,0.658688,77940.2,0.962016,53365.3
2304,4352,2816,0.701728,80475.8,1.08541,52028.5
2304,4352,3072,0.778112,79173.6,1.11299,55351.6
2304,4352,3328,0.826976,80703.4,1.15677,57695
2304,4352,3584,0.881984,81490.8,1.18429,60689.3
2304,4352,3840,0.94928,81121.9,1.26474,60888.1
2304,4352,4096,0.989184,83039.4,1.31914,62269
2304,4352,4352,1.06346,82067.4,1.39398,62608.4
2304,4352,4608,1.11571,82825,1.44214,64077.4
2304,4352,4864,1.17136,83273.1,1.4791,65947.2
2304,4352,5120,1.24451,82503.5,1.54518,66449.4
2304,4352,5376,1.2953,83232.2,1.58845,67871.5
2304,4352,5632,1.3471,83842.2,1.64678,68584.7
2304,4352,5888,1.39875,84416.7,1.76726,66814
2304,4352,6144,1.46336,84197.9,1.73213,71133.2
2304,4608,256,0.137568,39513.7,0.48608,11183
2304,4608,512,0.204768,53092.5,0.531968,20436.6
2304,4608,768,0.27808,58643,0.557504,29250.8
2304,4608,1024,0.34112,63740.8,0.662176,32836.1
2304,4608,1280,0.417696,65069.1,0.794144,34224.4
2304,4608,1536,0.48176,67699.5,0.843584,38662.3
2304,4608,1792,0.549216,69281.9,0.928736,40970.4
2304,4608,2048,0.606496,71701.3,0.999392,43513
2304,4608,2304,0.684192,71503.8,1.08227,45203.4
2304,4608,2560,0.757792,71732.3,1.1472,47383.4
2304,4608,2816,0.81392,73464.2,1.25411,47678.4
2304,4608,3072,0.895808,72816.7,1.30179,50107.7
2304,4608,3328,0.953408,74119,1.27021,55633.1
2304,4608,3584,1.01866,74707.7,1.38579,54915.5
2304,4608,3840,1.0983,74239.3,1.4353,56808.7
2304,4608,4096,1.1399,76298.6,1.53251,56752
2304,4608,4352,1.22627,75357.6,1.59338,57995.7
2304,4608,4608,1.28762,75989.1,1.77584,55097.7
2304,4608,4864,1.3513,76430.7,1.83056,56420.2
2304,4608,5120,1.43942,75527.7,1.80851,60113.7
2304,4608,5376,1.49328,76443.9,1.97549,57784.3
2304,4608,5632,1.55603,76854.5,1.97677,60496.7
2304,4608,5888,1.61955,77196.5,2.04474,61144.2
2304,4608,6144,1.69357,77032.4,2.05219,63570.9
2304,4864,256,0.143808,39899.1,0.4752,12074.5
2304,4864,512,0.210752,54450.8,0.534432,21472.5
2304,4864,768,0.288416,59682.6,0.62048,27742.1
2304,4864,1024,0.356512,64377.2,0.698336,32865.6
2304,4864,1280,0.437888,65516.8,0.765632,37471.1
2304,4864,1536,0.50208,68568.4,0.847552,40619.2
2304,4864,1792,0.583904,68786.4,0.953792,42110.5
2304,4864,2048,0.617472,74339.3,1.03667,44278.7
2304,4864,2304,0.70512,73236.1,1.13168,45631.5
2304,4864,2560,0.821728,69826.1,1.19085,48182.5
2304,4864,2816,0.877696,71910.9,1.19494,52819.1
2304,4864,3072,0.96736,71176.9,1.27197,54131.6
2304,4864,3328,0.98464,75755.1,1.29354,57664.8
2304,4864,3584,1.04381,76957.9,1.34304,59811.6
2304,4864,3840,1.19146,72236.9,1.45789,59035.5
2304,4864,4096,1.14864,79924.9,1.51683,60524.1
2304,4864,4352,1.32704,73504,1.59901,61002
2304,4864,4608,1.39648,73957.8,1.74957,59032
2304,4864,4864,1.38653,78626.9,1.73299,62907.6
2304,4864,5120,1.5623,73453.2,1.87184,61306.6
2304,4864,5376,1.61933,74409.9,1.91597,62889.3
2304,4864,5632,1.59286,79248.3,2.01059,62783.4
2304,4864,5888,1.75536,75180.9,2.06774,63823
2304,4864,6144,1.73389,79421.2,2.13245,64577.1
2304,5120,256,0.150304,40183.9,0.463008,13044.7
2304,5120,512,0.223424,54065.8,0.555296,21753.4
2304,5120,768,0.301632,60071.2,0.701536,25828.2
2304,5120,1024,0.374976,64428.6,0.763616,31637.9
2304,5120,1280,0.453728,66557.5,0.734112,41136.8
2304,5120,1536,0.526144,68876.2,0.797952,45414.7
2304,5120,1792,0.592864,71312.5,0.906816,46623.1
2304,5120,2048,0.658848,73337.7,0.997632,48433.1
2304,5120,2304,0.737568,73699.2,1.05306,51619.5
2304,5120,2560,0.8304,72733.6,1.24528,48501.5
2304,5120,2816,0.878464,75629.5,1.27763,52000.7
2304,5120,3072,0.971616,74594.9,1.36893,52944.8
2304,5120,3328,1.03645,75756.2,1.36717,57430.7
2304,5120,3584,1.09978,76885.8,1.4599,57919.7
2304,5120,3840,1.19162,76028.7,1.52806,59288.7
2304,5120,4096,1.23066,78524.6,1.57008,61548.9
2304,5120,4352,1.33648,76826.1,1.58355,64839.4
2304,5120,4608,1.40074,77613.7,1.67126,65050.4
2304,5120,4864,1.46672,78240,1.70102,67463
2304,5120,5120,1.56253,77308,1.79648,67240.4
2304,5120,5376,1.62288,78154.7,1.93069,65694.6
2304,5120,5632,1.68637,78793.9,2.00678,66213.2
2304,5120,5888,1.75651,79085.9,2.05587,67570
2304,5120,6144,1.84016,78773.1,2.07955,69705
2304,5376,256,0.155552,40769.6,0.490912,12918.4
2304,5376,512,0.226944,55888.6,0.533632,23768.4
2304,5376,768,0.307232,61925.1,0.626304,30377.2
2304,5376,1024,0.376704,67339.7,0.737184,34410.9
2304,5376,1280,0.4592,69052.6,0.785792,40352.8
2304,5376,1536,0.532544,71450.9,0.909728,41826.5
2304,5376,1792,0.597056,74352.3,0.878016,50560
2304,5376,2048,0.661728,76669.4,1.06426,47671.1
2304,5376,2304,0.746112,76498,1.13997,50068.1
2304,5376,2560,0.833632,76074.2,1.12627,56307.8
2304,5376,2816,0.881856,79105.5,1.17664,59287.2
2304,5376,3072,0.977504,77852.8,1.28269,59329.7
2304,5376,3328,1.0457,78840.5,1.47581,55863.1
2304,5376,3584,1.1057,80297.9,1.69965,52237.3
2304,5376,3840,1.2128,78435.7,1.70752,55710.5
2304,5376,4096,1.24083,81774.7,1.67571,60552.5
2304,5376,4352,1.3559,79511.8,1.70086,63385.7
2304,5376,4608,1.40739,81109,1.69126,67495.2
2304,5376,4864,1.47978,81427.2,1.80074,66913.7
2304,5376,5120,1.57302,80631.8,1.81357,69937.1
2304,5376,5376,1.63235,81586.3,1.89507,70275.7
2304,5376,5632,1.69658,82235.8,1.98861,70159.3
2304,5376,5888,1.77926,81978.3,2.03872,71545.4
2304,5376,6144,1.85379,82103.6,2.16835,70192.9
2304,5632,256,0.156256,42518.5,0.502048,13233.4
2304,5632,512,0.228192,58229.7,0.557856,23819
2304,5632,768,0.30816,64678.5,0.632704,31501.8
2304,5632,1024,0.380128,69911,0.69504,38235.4
2304,5632,1280,0.465312,71390.6,0.799872,41530.3
2304,5632,1536,0.531264,75033.6,0.888352,44872.6
2304,5632,1792,0.59856,77697.2,0.915104,50820.9
2304,5632,2048,0.66288,80180.8,0.948512,56035.4
2304,5632,2304,0.747616,79979.6,1.04886,57008.3
2304,5632,2560,0.830624,79985.4,1.1351,58530.1
2304,5632,2816,0.881984,82860.4,1.19469,61172.1
2304,5632,3072,0.977248,81581.5,1.2665,62949.5
2304,5632,3328,1.0457,82594.9,1.50093,57543.8
2304,5632,3584,1.10883,83883.7,1.57261,59145.6
2304,5632,3840,1.20477,82718.6,1.7089,58316.4
2304,5632,4096,1.24205,85584.8,1.65683,64158.9
2304,5632,4352,1.34134,84202.3,1.61382,69985.5
2304,5632,4608,1.40461,85139.8,1.65325,72335.2
2304,5632,4864,1.47638,85500.6,1.79498,70325
2304,5632,5120,1.56522,84892.8,1.85133,71773.1
2304,5632,5376,1.62861,85667.8,1.91594,72820.5
2304,5632,5632,1.69226,86371.7,2.03462,71837.9
2304,5632,5888,1.76531,86560.8,2.11162,72364.9
2304,5632,6144,1.84848,86260.4,2.10266,75833
2304,5888,256,0.172352,40299.9,0.511904,13568.5
2304,5888,512,0.25648,54162.3,0.589504,23564.8
2304,5888,768,0.347456,59971.1,0.651328,31992
2304,5888,1024,0.43456,63933.8,0.886656,31334.7
2304,5888,1280,0.52736,65854.1,0.898944,38632.9
2304,5888,1536,0.610112,68306.5,0.946784,44017
2304,5888,1792,0.689984,70465.9,0.958912,50703.7
2304,5888,2048,0.74768,74318.1,1.16906,47530.8
2304,5888,2304,0.855872,73038.9,1.29501,48271.4
2304,5888,2560,0.946848,73356.7,1.38685,50083.1
2304,5888,2816,1.0064,75917.6,1.47347,51852.7
2304,5888,3072,1.10995,75092.6,1.56691,53193.3
2304,5888,3328,1.1919,75756.9,1.62864,55441.9
2304,5888,3584,1.26291,76997.2,1.64963,58946.9
2304,5888,3840,1.36579,76282.9,1.79523,58035.1
2304,5888,4096,1.3985,79465.6,1.8896,58812.6
2304,5888,4352,1.59984,73806.2,1.87133,63098.5
2304,5888,4608,1.60093,78094.6,1.93184,64717.5
2304,5888,4864,1.67501,78787.4,1.96835,67045.7
2304,5888,5120,1.86906,74323.8,2.04259,68009.3
2304,5888,5376,1.84906,78884.1,2.26589,64372.6
2304,5888,5632,1.9273,79285.6,2.27523,67161
2304,5888,5888,2.01386,79326.8,2.36326,67598.3
2304,5888,6144,2.20349,75652.1,2.47629,67317.9
2304,6144,256,0.180064,40251,0.496864,14587
2304,6144,512,0.270528,53582.3,0.58656,24712.8
2304,6144,768,0.372768,58329.2,0.730112,29780.7
2304,6144,1024,0.45024,64390.2,0.812864,35665.3
2304,6144,1280,0.561984,64483.7,0.837696,43260.1
2304,6144,1536,0.642592,67673.6,0.949472,45800.8
2304,6144,1792,0.728704,69622.6,1.00918,50272.6
2304,6144,2048,0.792832,73132.8,1.12058,51743.1
2304,6144,2304,0.905216,72059.9,1.2848,50770.4
2304,6144,2560,1.00941,71802.1,1.37814,52590.7
2304,6144,2816,1.06166,75094.7,1.49126,53461.6
2304,6144,3072,1.18,73706,1.57786,55121.1
2304,6144,3328,1.26246,74632.5,1.58739,59355.8
2304,6144,3584,1.34086,75674,1.66192,61055
2304,6144,3840,1.4473,75116.9,1.80886,60102
2304,6144,4096,1.48499,78090.7,1.87114,61975.2
2304,6144,4352,1.62525,75811.1,1.84154,66907.1
2304,6144,4608,1.6993,76772.8,2.00675,65010.3
2304,6144,4864,1.77568,77551.9,2.00467,68693.2
2304,6144,5120,1.8953,76481.5,2.09888,69063.1
2304,6144,5376,1.96707,77375.4,2.21318,68771
2304,6144,5632,2.04682,77901.8,2.25094,70837.2
2304,6144,5888,2.12874,78308.6,2.3,72477.6
2304,6144,6144,2.23072,77977.6,2.51622,69129.8
2560,256,256,0.022336,15022.6,0.357088,939.668
2560,256,512,0.029952,22405.5,0.391552,1713.92
2560,256,768,0.041056,24518.5,0.375808,2678.58
2560,256,1024,0.051456,26084,0.401184,3345.54
2560,256,1280,0.062912,26667.8,0.487456,3441.79
2560,256,1536,0.070592,28519.7,0.429024,4692.66
2560,256,1792,0.079136,29680.7,0.378912,6198.83
2560,256,2048,0.08432,31835.3,0.417728,6426.08
2560,256,2304,0.098432,30680.1,0.433184,6971.4
2560,256,2560,0.106528,31498.2,0.390816,8585.74
2560,256,2816,0.116544,31670.3,0.445792,8279.62
2560,256,3072,0.126848,31743,0.450816,8931.65
2560,256,3328,0.13584,32111.9,0.454272,9602.34
2560,256,3584,0.145792,32221.4,0.53088,8848.74
2560,256,3840,0.151584,33203.8,0.475552,10583.8
2560,256,4096,0.160544,33440.7,0.540864,9926.17
2560,256,4352,0.172,33164.3,0.48048,11872
2560,256,4608,0.183264,32956.8,0.500096,12077.3
2560,256,4864,0.191712,33254.8,0.490752,12991
2560,256,5120,0.205856,32599.9,0.476384,14087.1
2560,256,5376,0.210912,33409.3,0.54544,12918.8
2560,256,5632,0.220096,33539.8,0.481376,15335.2
2560,256,5888,0.230176,33528.8,0.578944,13330.3
2560,256,6144,0.237984,33838.7,0.519328,15506.7
2560,512,256,0.024736,27130,0.380992,1761.42
2560,512,512,0.03488,38479.9,0.37888,3542.49
2560,512,768,0.044608,45132.4,0.376352,5349.42
2560,512,1024,0.055168,48657.8,0.377728,7106.58
2560,512,1280,0.065536,51200,0.40784,8227.35
2560,512,1536,0.075744,53159.7,0.448896,8969.85
2560,512,1792,0.083648,56159.4,0.47376,9915.61
2560,512,2048,0.090688,59199.8,0.463168,11591.3
2560,512,2304,0.10512,57456.2,0.496608,12162.1
2560,512,2560,0.114816,58449.1,0.469856,14282.9
2560,512,2816,0.122336,60341.8,0.514624,14344.4
2560,512,3072,0.134784,59747.9,0.518112,15543.1
2560,512,3328,0.141184,61792.8,0.521856,16717.5
2560,512,3584,0.151584,61980.4,0.578976,16227.3
2560,512,3840,0.159392,63154.5,0.566528,17768.5
2560,512,4096,0.164768,65166.9,0.587104,18288.8
2560,512,4352,0.179872,63425.7,0.610816,18677.5
2560,512,4608,0.19328,62497.9,0.605312,19956
2560,512,4864,0.208544,61141.5,0.548032,23266.3
2560,512,5120,0.212128,63272,0.551648,24330.3
2560,512,5376,0.22192,63504.2,0.570528,24701.4
2560,512,5632,0.234784,62883.1,0.60432,24430.7
2560,512,5888,0.240064,64295.5,0.591456,26096.7
2560,512,6144,0.247712,65019.6,0.596288,27010.7
2560,768,256,0.032608,30870.7,0.377664,2665.42
2560,768,512,0.04768,42224.5,0.340128,5919.14
2560,768,768,0.062784,48099.8,0.434272,6953.93
2560,768,1024,0.077024,52276.3,0.408672,9852.72
2560,768,1280,0.092896,54180.6,0.431392,11667.3
2560,768,1536,0.10736,56257.4,0.4568,13222
2560,768,1792,0.119488,58971.9,0.479424,14697.7
2560,768,2048,0.134464,59890.1,0.547232,14716
2560,768,2304,0.150336,60263,0.57584,15733
2560,768,2560,0.16592,60669.8,0.62256,16169.3
2560,768,2816,0.179008,61857.4,0.559936,19775.4
2560,768,3072,0.193472,62435.9,0.533856,22627.1
2560,768,3328,0.205344,63728.3,0.65664,19929.1
2560,768,3584,0.221408,63651.1,0.633888,22232.4
2560,768,3840,0.237888,63473.1,0.594016,25419.3
2560,768,4096,0.251616,64010.7,0.669248,24066
2560,768,4352,0.266432,64229.4,0.632864,27040.2
2560,768,4608,0.280352,64630.9,0.7112,25477.2
2560,768,4864,0.293728,65114.8,0.624,30650.7
2560,768,5120,0.310688,64800.2,0.674336,29855.5
2560,768,5376,0.32432,65180.4,0.731936,28881.3
2560,768,5632,0.33648,65816.5,0.671968,32956.8
2560,768,5888,0.350976,65966.2,0.73696,31416.3
2560,768,6144,0.366048,66000.1,0.733504,32936.7
2560,1024,256,0.03648,36792.1,0.381824,3515.17
2560,1024,512,0.05152,52103.2,0.389024,6900.23
2560,1024,768,0.064672,62260.8,0.359968,11185.8
2560,1024,1024,0.0792,67786.7,0.435168,12337.1
2560,1024,1280,0.092704,72390.5,0.427456,15699.6
2560,1024,1536,0.106976,75279.2,0.516352,15596.1
2560,1024,1792,0.123424,76121.7,0.544128,17266.6
2560,1024,2048,0.135424,79287.4,0.560768,19147.7
2560,1024,2304,0.150304,80367.8,0.605056,19964.4
2560,1024,2560,0.176,76260.1,0.632512,21219.8
2560,1024,2816,0.177664,83100.4,0.566944,26041.3
2560,1024,3072,0.192864,83510.3,0.673184,23925.3
2560,1024,3328,0.207168,84223,0.60368,28903.2
2560,1024,3584,0.221536,84819.1,0.606592,30977.1
2560,1024,3840,0.235488,85493.4,0.635616,31674.2
2560,1024,4096,0.248992,86247.1,0.656064,32732.8
2560,1024,4352,0.264736,86187.8,0.62944,36249.7
2560,1024,4608,0.278784,86659.2,0.626816,38542.7
2560,1024,4864,0.293472,86895.4,0.657056,38811.6
2560,1024,5120,0.306464,87591.2,0.672096,39940
2560,1024,5376,0.320352,87983.6,0.703328,40074.8
2560,1024,5632,0.334848,88183,0.712992,41414.1
2560,1024,5888,0.350048,88188.1,0.707392,43639.3
2560,1024,6144,0.362208,88933,0.70016,46007
2560,1280,256,0.050976,32912,0.468768,3579
2560,1280,512,0.075296,44563.4,0.417056,8045.55
2560,1280,768,0.098144,51283.5,0.43792,11493.3
2560,1280,1024,0.124704,53814.5,0.478496,14025
2560,1280,1280,0.14752,56864.2,0.452192,18551
2560,1280,1536,0.170528,59030.4,0.469728,21430.1
2560,1280,1792,0.197792,59375.8,0.54272,21639.2
2560,1280,2048,0.215168,62378.1,0.558144,24047.2
2560,1280,2304,0.245952,61392,0.626912,24085.5
2560,1280,2560,0.269888,62163.6,0.694912,24142.9
2560,1280,2816,0.291072,63403.3,0.652224,28295.4
2560,1280,3072,0.317216,63466.7,0.757632,26573.1
2560,1280,3328,0.33936,64269.2,0.779392,27983.8
2560,1280,3584,0.360096,65227.3,0.75344,31174.5
2560,1280,3840,0.38512,65345.4,0.76448,32918.9
2560,1280,4096,0.404384,66381.3,0.760384,35302.6
2560,1280,4352,0.43264,65923.8,0.791104,36052.5
2560,1280,4608,0.455968,66230.5,0.864704,34924.1
2560,1280,4864,0.480448,66347.9,0.874752,36440.9
2560,1280,5120,0.60304,55642.1,0.926688,36209
2560,1280,5376,0.527232,66824.8,0.853664,41271.7
2560,1280,5632,0.552704,66780.5,0.888384,41547.2
2560,1280,5888,0.57488,67122.9,0.906208,42581.4
2560,1280,6144,0.59696,67450.6,0.911264,44186.2
2560,1536,256,0.058784,34248.5,0.47424,4245.25
2560,1536,512,0.09008,44699.5,0.432928,9300.7
2560,1536,768,0.118688,50888,0.446112,13538.7
2560,1536,1024,0.145984,55164,0.440352,18287.8
2560,1536,1280,0.176224,57122.4,0.510592,19715
2560,1536,1536,0.2048,58982.4,0.540544,22347.1
2560,1536,1792,0.233312,60403.5,0.577792,24390.9
2560,1536,2048,0.261408,61613,0.600096,26839.3
2560,1536,2304,0.291104,62243.7,0.608384,29782.8
2560,1536,2560,0.322688,62390.5,0.655744,30702
2560,1536,2816,0.348928,63468.5,0.668832,33111.3
2560,1536,3072,0.381504,63326.2,0.718656,33617.2
2560,1536,3328,0.404736,64665.5,0.716544,36526
2560,1536,3584,0.432832,65119.3,0.718016,39255
2560,1536,3840,0.470656,64163.6,0.778336,38799.4
2560,1536,4096,0.493184,65314.9,0.76912,41882
2560,1536,4352,0.523648,65359.8,0.921536,37139.6
2560,1536,4608,0.554304,65377.1,0.914656,39620.1
2560,1536,4864,0.58016,65933.6,0.988032,38715.4
2560,1536,5120,0.617504,65206.6,0.9392,42871.9
2560,1536,5376,0.639488,66113.2,0.961472,43972.8
2560,1536,5632,0.66928,66178.4,0.987712,44842.9
2560,1536,5888,0.695392,66588.5,1.00003,46303.6
2560,1536,6144,0.729088,66272.4,1.02989,46916.2
2560,1792,256,0.063136,37202.4,0.402368,5837.47
2560,1792,512,0.090848,51708.6,0.43728,10742.8
2560,1792,768,0.119424,59003.5,0.537248,13115.8
2560,1792,1024,0.147808,63563.8,0.474112,19816.5
2560,1792,1280,0.17872,65712,0.538272,21818.1
2560,1792,1536,0.206304,68311.1,0.573728,24563.7
2560,1792,1792,0.233088,70538.5,0.570304,28829.7
2560,1792,2048,0.26256,71566.4,0.595136,31573.4
2560,1792,2304,0.292224,72339.3,0.774752,27285.2
2560,1792,2560,0.322944,72731.2,0.779552,30130.3
2560,1792,2816,0.347808,74285,0.80736,32001.7
2560,1792,3072,0.380512,74073.2,0.845632,33331
2560,1792,3328,0.407712,74892.4,0.872928,34979.4
2560,1792,3584,0.435712,75470.4,0.892864,36829.1
2560,1792,3840,0.468448,75210.4,0.931584,37819.6
2560,1792,4096,0.493408,76166.1,0.91664,40998.6
2560,1792,4352,0.52352,76271.7,0.863872,46221.9
2560,1792,4608,0.552608,76507.4,0.896064,47182.6
2560,1792,4864,0.578816,77101.2,0.922528,48375.1
2560,1792,5120,0.612416,76706.4,0.995104,47207.3
2560,1792,5376,0.63744,77379.9,0.968544,50927
2560,1792,5632,0.664896,77717.2,1.1183,46207.3
2560,1792,5888,0.696448,77568.8,1.19485,45213
2560,1792,6144,0.72192,78085.4,1.14634,49175.3
2560,2048,256,0.064416,41672.2,0.401472,6686.28
2560,2048,512,0.09552,56205.1,0.44224,12139.8
2560,2048,768,0.12384,65028,0.452416,17800.1
2560,2048,1024,0.15248,70418.5,0.515392,20833.5
2560,2048,1280,0.18128,74038.9,0.551424,24340.2
2560,2048,1536,0.207424,77648.3,0.591968,27207.8
2560,2048,1792,0.237632,79073.9,0.542496,34637.1
2560,2048,2048,0.262944,81670.8,0.596896,35977.5
2560,2048,2304,0.293888,82205.4,0.609728,39622.9
2560,2048,2560,0.325408,82492,0.70224,38225.6
2560,2048,2816,0.351712,83954.8,0.701568,42088.4
2560,2048,3072,0.3832,84061.2,0.763136,42210.4
2560,2048,3328,0.409376,85243.4,0.766592,45521.7
2560,2048,3584,0.436544,86087.5,0.765952,49064.4
2560,2048,3840,0.467776,86078.2,0.821152,49035.2
2560,2048,4096,0.493024,87114.8,0.827744,51887.6
2560,2048,4352,0.525152,86896.8,0.860896,53007.6
2560,2048,4608,0.551104,87675.6,0.8776,55057.4
2560,2048,4864,0.581472,87713.1,0.985664,51744.5
2560,2048,5120,0.61136,87815.8,0.950336,56492.7
2560,2048,5376,0.639808,88106.8,1.00442,56123.6
2560,2048,5632,0.663872,88956.6,1.05181,56146.9
2560,2048,5888,0.692416,89166.3,1.03731,59519.4
2560,2048,6144,0.723296,89070.7,1.07891,59712.5
2560,2304,256,0.08096,37301.1,0.39328,7678.75
2560,2304,512,0.120736,50024.8,0.485152,12449.3
2560,2304,768,0.158048,57322.4,0.458048,19778.9
2560,2304,1024,0.201216,60033,0.516384,23392.7
2560,2304,1280,0.240768,62713.9,0.569504,26513.4
2560,2304,1536,0.278752,65001.8,0.605312,29934
2560,2304,1792,0.318784,66312.3,0.684032,30904
2560,2304,2048,0.351648,68702.8,0.739808,32656
2560,2304,2304,0.431904,62928.5,0.816544,33285.5
2560,2304,2560,0.434976,69426.8,0.86752,34810.7
2560,2304,2816,0.469472,70758,0.948768,35012.7
2560,2304,3072,0.56352,64307.9,0.927744,39061.2
2560,2304,3328,0.551808,71145.6,0.878304,44698.3
2560,2304,3584,0.584032,72390.9,0.991392,42645.7
2560,2304,3840,0.625248,72448.8,0.94192,48091.6
2560,2304,4096,0.654112,73868.7,0.968032,49914
2560,2304,4352,0.780032,65815.6,1.12128,45785.4
2560,2304,4608,0.740288,73428.4,1.17306,46338.9
2560,2304,4864,0.775424,73995.7,1.2519,45832.7
2560,2304,5120,0.818656,73777,1.30896,46142
2560,2304,5376,0.852896,74355.9,1.26413,50167.3
2560,2304,5632,0.890688,74591.5,1.34394,49435.2
2560,2304,5888,1.03418,67162.3,1.35715,51179
2560,2304,6144,1.08214,66975.9,1.3361,54245.8
2560,2560,256,0.08768,38269.2,0.412384,8136.7
2560,2560,512,0.134176,50015.5,0.503584,13326.2
2560,2560,768,0.176608,56998.2,0.5248,19181.3
2560,2560,1024,0.222688,60271.6,0.565568,23731.5
2560,2560,1280,0.2648,63358.1,0.60336,27806.3
2560,2560,1536,0.30624,65741.4,0.638112,31550.4
2560,2560,1792,0.348064,67482.1,0.72,32622.4
2560,2560,2048,0.394048,68122.5,0.733536,36594.7
2560,2560,2304,0.435616,69324.8,0.81088,37242.2
2560,2560,2560,0.48384,69350.3,0.911328,36819.3
2560,2560,2816,0.521408,70788.9,0.874592,42202.4
2560,2560,3072,0.567168,70993.6,0.891424,45169.7
2560,2560,3328,0.608256,71714.5,0.954016,45723.3
2560,2560,3584,0.651232,72134.4,0.96272,48795.3
2560,2560,3840,0.701152,71784.2,0.99456,50606.9
2560,2560,4096,0.736064,72938.1,1.04253,51497
2560,2560,4352,0.785792,72592.4,1.28646,44340.6
2560,2560,4608,0.824928,73216.1,1.26714,47665
2560,2560,4864,0.867744,73470.3,1.32464,48128.9
2560,2560,5120,0.91952,72982.5,1.39811,47999.6
2560,2560,5376,0.955232,73766.7,1.37894,51100.2
2560,2560,5632,1.00077,73763.1,1.42221,51905
2560,2560,5888,1.04086,74145.3,1.39958,55141.5
2560,2560,6144,1.09027,73862.9,1.56611,51420.7
2560,2816,256,0.091552,40315.8,0.438976,8408.18
2560,2816,512,0.136672,54012.3,0.511264,14438.7
2560,2816,768,0.180512,61342,0.50768,21810.9
2560,2816,1024,0.222656,66308.3,0.545408,27069.6
2560,2816,1280,0.268704,68681.3,0.737216,25033.3
2560,2816,1536,0.308928,71686.4,0.709152,31228.7
2560,2816,1792,0.350048,73809.6,0.815264,31691.5
2560,2816,2048,0.393888,74965.2,0.810592,36427.6
2560,2816,2304,0.438432,75767.5,0.937408,35437
2560,2816,2560,0.488992,75481.6,0.90592,40743
2560,2816,2816,0.522272,77738.9,1.03357,39282.2
2560,2816,3072,0.573952,77170,1.06986,41399.8
2560,2816,3328,0.611744,78436.1,1.05363,45540.4
2560,2816,3584,0.654944,78898.1,1.08022,47836.2
2560,2816,3840,0.708992,78089.5,1.11693,49568.8
2560,2816,4096,0.738784,79936.5,1.14496,51578.9
2560,2816,4352,0.787232,79705.6,1.25062,50172.4
2560,2816,4608,0.83232,79822.4,1.19462,55614
2560,2816,4864,0.874464,80196.3,1.21699,57624.7
2560,2816,5120,0.926144,79706.6,1.28752,57334.8
2560,2816,5376,0.961504,80614.1,1.352,57330.4
2560,2816,5632,1.0009,81129,1.31456,61771
2560,2816,5888,1.05133,80748.1,1.44038,58937.6
2560,2816,6144,1.09453,80933.2,1.40739,62941.7
2560,3072,256,0.093696,42974.4,0.380832,10573
2560,3072,512,0.14144,56936.3,0.505632,15926.7
2560,3072,768,0.184544,65456.5,0.521728,23153.1
2560,3072,1024,0.225312,71483.7,0.58432,27563.9
2560,3072,1280,0.27216,73973.6,0.648256,31056.6
2560,3072,1536,0.314592,76795.3,0.720928,33511.2
2560,3072,1792,0.354592,79487.8,0.67344,41853.4
2560,3072,2048,0.396736,81193.2,0.878528,36666.2
2560,3072,2304,0.443264,81754.4,1.03494,35015.2
2560,3072,2560,0.486752,82722.5,1.0041,40101.1
2560,3072,2816,0.526048,84197.4,1.13242,39112.7
2560,3072,3072,0.579872,83325.9,1.09987,43930.9
2560,3072,3328,0.618656,84610.7,1.08541,48226
2560,3072,3584,0.657696,85710.5,1.11782,50429.6
2560,3072,3840,0.70592,85559.2,1.25146,48262.2
2560,3072,4096,0.73808,87286.6,1.22938,52404.2
2560,3072,4352,0.791776,86452.5,1.16128,58944.5
2560,3072,4608,0.82944,87381.3,1.14963,63044.2
2560,3072,4864,0.872864,87647.2,1.2745,60026.9
2560,3072,5120,0.922528,87293.4,1.21299,66390.1
2560,3072,5376,0.962016,87895.8,1.28115,66000.9
2560,3072,5632,1.00154,88447.8,1.28515,68928.6
2560,3072,5888,1.04618,88522.6,1.38374,66927.3
2560,3072,6144,1.09334,88386.4,1.39786,69132.1
2560,3328,256,0.110144,39603.4,0.454016,9607.76
2560,3328,512,0.167936,51949.3,0.51088,17076.7
2560,3328,768,0.222816,58731.1,0.59008,22177
2560,3328,1024,0.276896,63013.9,0.592192,29463.9
2560,3328,1280,0.336256,64862.4,0.6768,32225.7
2560,3328,1536,0.388,67454.8,0.831104,31491.2
2560,3328,1792,0.440416,69331.1,0.809216,37733.5
2560,3328,2048,0.481792,72430.9,0.877952,39747.7
2560,3328,2304,0.548864,71527.2,0.966912,40602.1
2560,3328,2560,0.60496,72105.2,1.04195,41864.5
2560,3328,2816,0.649152,73916.2,1.03702,46269.7
2560,3328,3072,0.722816,72418,1.06013,49376
2560,3328,3328,0.761344,74482.7,1.1225,50518.7
2560,3328,3584,0.808992,75487.8,1.24682,48980
2560,3328,3840,0.932032,70202.7,1.33434,49036.5
2560,3328,4096,0.901536,77415.9,1.40509,49671.8
2560,3328,4352,1.05219,70477,1.53843,48201.9
2560,3328,4608,1.02275,76770.7,1.49379,52562.5
2560,3328,4864,1.15309,71876.1,1.55651,53246.9
2560,3328,5120,1.22282,71344.8,1.66218,52486.3
2560,3328,5376,1.27766,71696.2,1.66173,55125.5
2560,3328,5632,1.23744,77551.8,1.74653,54946.5
2560,3328,5888,1.3936,71991.8,1.7352,57819.1
2560,3328,6144,1.45254,72073.4,1.76218,59409.4
2560,3584,256,0.119328,39367.3,0.457248,10273.7
2560,3584,512,0.180096,52168,0.517504,18154.9
2560,3584,768,0.241376,58385.5,0.569248,24757
2560,3584,1024,0.295008,63694.8,0.632192,29722.7
2560,3584,1280,0.355936,65989.7,0.824512,28487.3
2560,3584,1536,0.415072,67905.6,0.809952,34799.3
2560,3584,1792,0.467648,70316.4,0.929824,35365.1
2560,3584,2048,0.522592,71912.6,0.905984,41480.8
2560,3584,2304,0.585344,72228.6,0.973984,43407.9
2560,3584,2560,0.650176,72251.5,1.03347,45454.7
2560,3584,2816,0.699168,73907.6,1.07549,48046.9
2560,3584,3072,0.772672,72956.5,1.16486,48393.2
2560,3584,3328,0.824864,74035.3,1.18858,51380
2560,3584,3584,0.87376,75268.6,1.26627,51937.3
2560,3584,3840,0.942432,74768.6,1.29898,54246
2560,3584,4096,0.9832,76446.2,1.31642,57095.9
2560,3584,4352,1.05539,75668.1,1.33894,59643.7
2560,3584,4608,1.1104,76150.2,1.39923,60431.1
2560,3584,4864,1.16742,76454.5,1.45043,61536.7
2560,3584,5120,1.23834,75869.9,1.50803,62301.3
2560,3584,5376,1.28554,76738.4,1.56806,62912
2560,3584,5632,1.33763,77261.6,1.64269,62913.7
2560,3584,5888,1.39754,77311.3,1.93347,55881.5
2560,3584,6144,1.46387,77016.9,1.88461,59823
2560,3840,256,0.121472,41434.8,0.499936,10067.6
2560,3840,512,0.181216,55548.8,0.527168,19095.1
2560,3840,768,0.242016,62390.5,0.560224,26952.6
2560,3840,1024,0.29728,67722.9,0.642752,31322.6
2560,3840,1280,0.362592,69405.3,0.71472,35210.7
2560,3840,1536,0.416864,72443.3,0.818592,36891.4
2560,3840,1792,0.472896,74503,0.823968,42759.1
2560,3840,2048,0.526368,76496.5,0.86736,46422.8
2560,3840,2304,0.591168,76625.4,0.93456,48470.4
2560,3840,2560,0.656064,76717.6,0.983968,51151.7
2560,3840,2816,0.702752,78782.9,1.10957,49897.6
2560,3840,3072,0.77312,78122.4,1.14669,52671.7
2560,3840,3328,0.82592,79222.1,1.27248,51420.2
2560,3840,3584,0.879168,80148.9,1.33542,52765.5
2560,3840,3840,0.95072,79410.8,1.34224,56247.4
2560,3840,4096,0.988768,81445.4,1.42557,56490.2
2560,3840,4352,1.06205,80564.9,1.3352,64083.1
2560,3840,4608,1.11174,81490.8,1.42086,63761.9
2560,3840,4864,1.17574,81335.8,1.44691,66092.6
2560,3840,5120,1.2447,80873.3,1.6311,61714.8
2560,3840,5376,1.2943,81662.8,1.5848,66693.9
2560,3840,5632,1.34432,82368.5,1.72746,64099.8
2560,3840,5888,1.40102,82627.3,1.69869,68148.4
2560,3840,6144,1.47062,82139.3,1.77846,67921.5
2560,4096,256,0.12736,42153.8,0.441664,12155.6
2560,4096,512,0.183936,58375.8,0.528672,20310.2
2560,4096,768,0.245472,65612.9,0.561056,28706.8
2560,4096,1024,0.30176,71165.3,0.642528,33422.4
2560,4096,1280,0.365856,73371.9,0.696,38568.3
2560,4096,1536,0.419776,76736.8,0.820672,39251.1
2560,4096,1792,0.473856,79308.8,0.885984,42417.2
2560,4096,2048,0.527968,81349,0.871392,49288.6
2560,4096,2304,0.592256,81583.6,0.985792,49014.8
2560,4096,2560,0.656992,81716.5,1.00214,53572.2
2560,4096,2816,0.707296,83495.2,1.06118,55650.9
2560,4096,3072,0.773024,83340.9,1.16112,55484.8
2560,4096,3328,0.825728,84523.3,1.14522,60943.3
2560,4096,3584,0.877568,85648,1.18995,63163.8
2560,4096,3840,0.949376,84824.8,1.26259,63782
2560,4096,4096,0.988416,86906.1,1.2985,66153
2560,4096,4352,1.06058,86055.2,1.36771,66730.5
2560,4096,4608,1.11613,86582.2,1.42858,67645.5
2560,4096,4864,1.16899,87259.3,1.54736,65922.3
2560,4096,5120,1.23834,86708.4,1.61558,66461.5
2560,4096,5376,1.29114,87320.7,1.61728,69711.4
2560,4096,5632,1.34365,87903.7,1.6399,72023.5
2560,4096,5888,1.40102,88135.8,1.69581,72815
2560,4096,6144,1.46538,87929,1.80298,71464.6
2560,4352,256,0.147264,38734.9,0.502848,11343.9
2560,4352,512,0.212192,53765,0.52432,21758.7
2560,4352,768,0.285312,59979.1,0.61008,28050
2560,4352,1024,0.354592,64347.2,0.700832,32557
2560,4352,1280,0.433472,65797.3,0.785344,36316.9
2560,4352,1536,0.500256,68416,0.896576,38173.6
2560,4352,1792,0.56432,70757.3,0.935456,42684.8
2560,4352,2048,0.616192,74058.1,1.01027,45170
2560,4352,2304,0.701024,73233.3,1.07494,47759
2560,4352,2560,0.776736,73438.8,1.15728,49290.2
2560,4352,2816,0.829216,75670,1.26531,49590
2560,4352,3072,0.968256,70695.2,1.32314,51733.9
2560,4352,3328,0.981056,75587.2,1.42909,51889.9
2560,4352,3584,1.03875,76880.3,1.49005,53595.3
2560,4352,3840,1.18435,72245.2,1.5961,53608.2
2560,4352,4096,1.14966,79386.7,1.64298,55550.4
2560,4352,4352,1.25405,77327.4,1.61098,60194.8
2560,4352,4608,1.38976,73880.8,1.68541,60920.9
2560,4352,4864,1.4577,74350.8,1.75459,61769.8
2560,4352,5120,1.55101,73555.4,1.87165,60954.3
2560,4352,5376,1.52128,78742.5,1.87139,64010.8
2560,4352,5632,1.58365,79243.4,1.96371,63906.3
2560,4352,5888,1.74723,75089,2.12957,61607.7
2560,4352,6144,1.8335,74666.9,2.09146,65457.8
2560,4608,256,0.149152,40494.2,0.472064,12794.4
2560,4608,512,0.223136,54135.6,0.564608,21394.7
2560,4608,768,0.303232,59754.2,0.628416,28833.4
2560,4608,1024,0.37248,64860.4,0.706528,34194.2
2560,4608,1280,0.453824,66543.4,0.797568,37863.8
2560,4608,1536,0.528448,68575.9,0.863904,41947.7
2560,4608,1792,0.592576,71347.1,0.955936,44227.4
2560,4608,2048,0.660896,73110.4,1.0863,44479.6
2560,4608,2304,0.740992,73358.7,1.07606,50515.8
2560,4608,2560,0.826816,73048.9,1.18899,50797.6
2560,4608,2816,0.879328,75555.2,1.23651,53730
2560,4608,3072,0.96416,75171.7,1.33549,54270.5
2560,4608,3328,1.04026,75478.9,1.32442,59284.5
2560,4608,3584,1.09696,77083.2,1.40259,60286.4
2560,4608,3840,1.18698,76325.9,1.47219,61538.8
2560,4608,4096,1.23158,78465.4,1.51638,63728.4
2560,4608,4352,1.33482,76921.9,1.59104,64534.2
2560,4608,4608,1.39834,77746.9,1.65552,65669
2560,4608,4864,1.46547,78306.6,1.70848,67168.6
2560,4608,5120,1.55853,77506.4,1.79283,67377.2
2560,4608,5376,1.61638,78468.8,1.85872,68238.2
2560,4608,5632,1.6833,78937.7,1.98912,66801.2
2560,4608,5888,1.75744,79044.1,2.01971,68779.8
2560,4608,6144,1.84202,78693.8,2.0593,70390.6
2560,4864,256,0.154176,41351.1,0.498656,12785.1
2560,4864,512,0.225344,56583.2,0.55136,23125.9
2560,4864,768,0.305248,62657.3,0.697472,27421.9
2560,4864,1024,0.37552,67909.5,0.770432,33100.1
2560,4864,1280,0.456864,69772.9,0.791968,40250
2560,4864,1536,0.528064,72438.3,0.887392,43106.2
2560,4864,1792,0.594912,75015.1,0.91072,49002.3
2560,4864,2048,0.661888,77056.4,1.0296,49536.5
2560,4864,2304,0.741888,77340.6,1.10899,51738.9
2560,4864,2560,0.828576,76943.4,1.16662,54647.8
2560,4864,2816,0.88,79691.8,1.22774,57120
2560,4864,3072,0.97136,78759.8,1.3073,58520.9
2560,4864,3328,1.03722,79905.7,1.36666,60644
2560,4864,3584,1.10806,80550.2,1.40048,63731.6
2560,4864,3840,1.19581,79971.1,1.452,65861
2560,4864,4096,1.24208,82124.7,1.51405,67372.7
2560,4864,4352,1.33786,81010.8,1.58758,68267.8
2560,4864,4608,1.40122,81897.5,1.68502,68103.6
2560,4864,4864,1.48253,81706,1.81085,66892.1
2560,4864,5120,1.57078,81174,1.81718,70167.3
2560,4864,5376,1.63376,81947.3,1.88931,70862.9
2560,4864,5632,1.69805,82599.3,1.98557,70638.5
2560,4864,5888,1.76442,83105.6,2.10026,69816.7
2560,4864,6144,1.8591,82302.1,2.22045,68908.7
2560,5120,256,0.157088,42720.6,0.481728,13930.9
2560,5120,512,0.228864,58645.2,0.540704,24822.8
2560,5120,768,0.304928,66024.3,0.65616,30682.5
2560,5120,1024,0.378112,70993.6,0.719424,37312.6
2560,5120,1280,0.458496,73183.7,0.860832,38979.1
2560,5120,1536,0.530144,75951.7,0.858368,46909.2
2560,5120,1792,0.598368,78507.2,0.940736,49935.6
2560,5120,2048,0.662176,81076.8,0.962272,55792
2560,5120,2304,0.744384,81138.2,1.04563,57762.2
2560,5120,2560,0.823072,81534.6,1.18093,56827.2
2560,5120,2816,0.881984,83697.4,1.24022,59521.3
2560,5120,3072,0.963904,83546.3,1.33862,60159.3
2560,5120,3328,1.03696,84132,1.3377,65217.8
2560,5120,3584,1.10438,85072.2,1.4376,65353.7
2560,5120,3840,1.18886,84671.8,1.52419,66043.7
2560,5120,4096,1.23504,86939.8,1.7401,61705.9
2560,5120,4352,1.32925,85826.8,1.75702,64930.9
2560,5120,4608,1.39667,86488.4,1.68512,71683.9
2560,5120,4864,1.4671,86910.6,1.83315,69556.1
2560,5120,5120,1.55258,86448.4,1.80442,74382.9
2560,5120,5376,1.61776,87113.4,1.89814,74245.5
2560,5120,5632,1.68704,87513.9,1.96995,74945.7
2560,5120,5888,1.7576,87818.8,2.03763,75749.9
2560,5120,6144,1.8345,87795.9,2.12058,75951.7
2560,5376,256,0.180224,39098.2,0.501728,14044.3
2560,5376,512,0.267168,52749.1,0.618304,22792.8
2560,5376,768,0.353824,59745.2,0.695072,30413.1
2560,5376,1024,0.431808,65273.7,0.789472,35702
2560,5376,1280,0.547328,64371.2,0.861952,40874.8
2560,5376,1536,0.612,69082.7,0.962592,43921.6
2560,5376,1792,0.714912,68994.5,1.0119,48744.8
2560,5376,2048,0.75024,75137.9,1.08518,51946.4
2560,5376,2304,0.891296,71152.4,1.19907,52889.1
2560,5376,2560,0.95392,73868.2,1.27347,55332.4
2560,5376,2816,1.00784,76907.8,1.38134,56112.6
2560,5376,3072,1.15821,73006.9,1.44461,58533
2560,5376,3328,1.20858,75794.7,1.57933,58001.6
2560,5376,3584,1.32518,74442.5,1.70374,57901.9
2560,5376,3840,1.37046,77124.6,1.70224,62092.6
2560,5376,4096,1.40067,80492,1.83677,61381.1
2560,5376,4352,1.5999,74872.8,1.89648,63164
2560,5376,4608,1.61142,78710.4,1.91622,66190.5
2560,5376,4864,1.69114,79167,2.0297,65961.7
2560,5376,5120,1.87814,75036.1,2.08701,67526.6
2560,5376,5376,1.86778,79225.3,2.13667,69254.9
2560,5376,5632,2.02598,76516.6,2.21795,69894
2560,5376,5888,2.02576,80003.5,2.33354,69451.6
2560,5376,6144,2.11075,80120.4,2.39667,70562.2
2560,5632,256,0.182272,40499.8,0.506336,14579.2
2560,5632,512,0.272704,54139.1,0.549952,26845.9
2560,5632,768,0.369376,59955,0.778016,28464.6
2560,5632,1024,0.455552,64817.8,0.771456,38275.5
2560,5632,1280,0.5592,66004.8,0.852064,43318.2
2560,5632,1536,0.640544,69147.2,0.900512,49185.2
2560,5632,1792,0.723648,71407.4,1.03459,49946.1
2560,5632,2048,0.797088,74089.4,1.09187,54086.7
2560,5632,2304,0.896448,74112.2,1.1984,55438.7
2560,5632,2560,0.99472,74211.6,1.30675,56491
2560,5632,2816,1.06125,76515.3,1.38115,58792.7
2560,5632,3072,1.16982,75724,1.49235,59358.4
2560,5632,3328,1.25347,76559.9,1.66621,57595.3
2560,5632,3584,1.33917,77173,1.73888,59433.5
2560,5632,3840,1.44358,76704.7,1.74944,63294.3
2560,5632,4096,1.49133,79198.9,1.8976,62242.6
2560,5632,4352,1.6167,77623.1,1.80806,69407.7
2560,5632,4608,1.6911,78573.3,2.03882,65172.9
2560,5632,4864,1.78269,78677.5,2.06374,67962.7
2560,5632,5120,1.8888,78165.8,2.12752,69395.1
2560,5632,5376,1.95904,79131.3,2.26534,68431.8
2560,5632,5632,2.0521,79140.3,2.29574,70741.1
2560,5632,5888,2.13114,79669,2.41062,70432.1
2560,5632,6144,2.23619,79227.3,2.42701,72998.3
2560,5888,256,0.188128,41022.7,0.503136,15338.8
2560,5888,512,0.27472,56184.6,0.605664,25484.5
2560,5888,768,0.372352,62179.2,0.709088,32651.2
2560,5888,1024,0.455392,67787.9,0.78112,39520.3
2560,5888,1280,0.557536,69211,0.883008,43700.2
2560,5888,1536,0.6424,72081.4,0.950432,48720.1
2560,5888,1792,0.725248,74488.5,1.03693,52098.7
2560,5888,2048,0.796832,77482,1.09418,56426.2
2560,5888,2304,0.905728,76687.1,1.42707,48671.5
2560,5888,2560,1.00282,76958.5,1.50003,51449
2560,5888,2816,1.06502,79709.7,1.58307,53625.3
2560,5888,3072,1.18477,78167.4,1.67066,55433.5
2560,5888,3328,1.27075,78951.5,1.70061,58995.2
2560,5888,3584,1.34125,80555.8,1.8504,58390.2
2560,5888,3840,1.45152,79752.8,1.95165,59315.4
2560,5888,4096,1.49744,82460.9,2.02176,61075.7
2560,5888,4352,1.63184,80398.7,1.88419,69630.8
2560,5888,4608,1.69837,81793.4,1.90944,72751.9
2560,5888,4864,1.78602,82100.5,2.05571,71329.5
2560,5888,5120,1.90186,81157.8,2.13194,72399.2
2560,5888,5376,1.9807,81823.4,2.24941,72049.1
2560,5888,5632,2.05642,82563.8,2.28346,74354.6
2560,5888,5888,2.15459,82383.6,2.43238,72974.9
2560,5888,6144,2.25123,82275.2,2.5056,73922.6
2560,6144,256,0.18864,42690.1,0.598176,13462.7
2560,6144,512,0.275296,58504.8,0.586688,27452.6
2560,6144,768,0.375296,64373.7,0.69472,34775.4
2560,6144,1024,0.46128,69832.3,0.782496,41166
2560,6144,1280,0.561152,71754.7,0.87808,45856.1
2560,6144,1536,0.64608,74787,0.971264,49747.9
2560,6144,1792,0.72928,77297.4,1.0999,51251.2
2560,6144,2048,0.800448,80485.6,1.13914,56555.6
2560,6144,2304,0.906176,79981.8,1.37827,52585.8
2560,6144,2560,1.00525,80110.2,1.47379,54641.8
2560,6144,2816,1.06874,82886.4,1.60118,55323.9
2560,6144,3072,1.17446,82281.6,1.68029,57512
2560,6144,3328,1.27373,82191.7,1.78989,58489.6
2560,6144,3584,1.34362,83910.1,1.8297,61618.4
2560,6144,3840,1.44694,83483.5,1.93594,62396.7
2560,6144,4096,1.49539,86164,2.05014,62848.8
2560,6144,4352,1.61558,84738.4,1.9449,70390.4
2560,6144,4608,1.69917,85309.5,1.93178,75037.2
2560,6144,4864,1.7849,85723.9,2.18573,70003.3
2560,6144,5120,1.88762,85325.2,2.14579,75059.1
2560,6144,5376,1.96474,86074.8,2.27981,74179.2
2560,6144,5632,2.04835,86492.7,2.31341,76582.9
2560,6144,5888,2.1345,86774.8,2.3688,78191.7
2560,6144,6144,2.22749,86767.5,2.46538,78395.2
2816,256,256,0.023456,15735.8,0.423456,871.634
2816,256,512,0.031424,23491.5,0.364512,2025.17
2816,256,768,0.044064,25129.3,0.398624,2777.8
2816,256,1024,0.055168,26761.8,0.39872,3702.84
2816,256,1280,0.063296,29156.6,0.454272,4062.53
2816,256,1536,0.0728,30420.2,0.402848,5497.34
2816,256,1792,0.082624,31270.5,0.501632,5150.57
2816,256,2048,0.08912,33132.7,0.510048,5789.24
2816,256,2304,0.101024,32882.2,0.485728,6838.99
2816,256,2560,0.110432,33423.2,0.604992,6100.89
2816,256,2816,0.118336,34309.8,0.449056,9041.38
2816,256,3072,0.127168,34829.4,0.43872,10095.7
2816,256,3328,0.138624,34613.7,0.471104,10185.2
2816,256,3584,0.144864,35670.6,0.476736,10839.1
2816,256,3840,0.155136,35687.9,0.575424,9621.57
2816,256,4096,0.158624,37230.1,0.46832,12610.1
2816,256,4352,0.173024,36264.8,0.566752,11071.3
2816,256,4608,0.184608,35988.6,0.447648,14841.5
2816,256,4864,0.193568,36229.5,0.549056,12772.6
2816,256,5120,0.2032,36328.6,0.45856,16098.2
2816,256,5376,0.215296,36001.9,0.527744,14687.2
2816,256,5632,0.222368,36516.8,0.580736,13982.6
2816,256,5888,0.235168,36098.8,0.582432,14575.6
2816,256,6144,0.239104,37048.2,0.502784,17618.6
2816,512,256,0.03312,22288.6,0.356256,2072.1
2816,512,512,0.047744,30923.2,0.418688,3526.24
2816,512,768,0.062688,35327.2,0.411424,5382.75
2816,512,1024,0.077728,37988.8,0.440352,6705.52
2816,512,1280,0.089728,41135.3,0.422304,8740.12
2816,512,1536,0.105984,41791.1,0.435744,10164.6
2816,512,1792,0.118464,43619.9,0.480736,10748.9
2816,512,2048,0.13296,44416.2,0.487808,12106.4
2816,512,2304,0.14784,44939,0.447456,14847.9
2816,512,2560,0.164192,44959.4,0.52848,13968.3
2816,512,2816,0.176256,46070.3,0.514528,15781.8
2816,512,3072,0.191712,46206.7,0.55264,16029.2
2816,512,3328,0.205824,46625.1,0.53888,17808.4
2816,512,3584,0.220288,46914.8,0.562592,18369.9
2816,512,3840,0.233568,47407.9,0.540928,20470.3
2816,512,4096,0.250016,47241.6,0.596384,19804.6
2816,512,4352,0.26448,47449.2,0.617888,20310.1
2816,512,4608,0.277792,47832.7,0.654432,20304
2816,512,4864,0.292576,47938.8,0.694112,20206.8
2816,512,5120,0.30624,48210.4,0.612448,24106.5
2816,512,5376,0.320896,48308.9,0.63744,24319.4
2816,512,5632,0.335008,48477.5,0.67872,23927.9
2816,512,5888,0.351424,48313.6,0.616256,27551.1
2816,512,6144,0.3656,48459.4,0.650848,27221
2816,768,256,0.034368,32218.8,0.430528,2571.95
2816,768,512,0.04848,45680.5,0.408352,5423.24
2816,768,768,0.063168,52588.2,0.469728,7071.94
2816,768,1024,0.076864,57623.7,0.424928,10423.4
2816,768,1280,0.09216,60074.7,0.481312,11502.9
2816,768,1536,0.105536,62952.7,0.427744,15532.1
2816,768,1792,0.121184,63961.2,0.517792,14969.5
2816,768,2048,0.13456,65832.1,0.503232,17603
2816,768,2304,0.14912,66829.8,0.593824,16782.2
2816,768,2560,0.165888,66749.6,0.51312,21579.7
2816,768,2816,0.1776,68582.5,0.559648,21764.1
2816,768,3072,0.193184,68781.9,0.614752,21614.5
2816,768,3328,0.207584,69344.7,0.683744,21053
2816,768,3584,0.223904,69235.7,0.665952,23278.2
2816,768,3840,0.23968,69298.4,0.686688,24187.8
2816,768,4096,0.249344,71053.4,0.649088,27294.8
2816,768,4352,0.265056,71019.1,0.59952,31398.5
2816,768,4608,0.278784,71493.8,0.686208,29045.6
2816,768,4864,0.294048,71548.3,0.654336,32152.6
2816,768,5120,0.312352,70900.5,0.70992,31195
2816,768,5376,0.32128,72376.8,0.657216,35381.4
2816,768,5632,0.337024,72281.3,0.749216,32514.7
2816,768,5888,0.351168,72523.2,0.777888,32739.7
2816,768,6144,0.36784,72246.4,0.776896,34206.8
2816,1024,256,0.050336,29330.8,0.353152,4180.62
2816,1024,512,0.07456,39602.9,0.406592,7262.29
2816,1024,768,0.099872,44348.6,0.444896,9955.55
2816,1024,1024,0.120352,49069.2,0.473152,12481.4
2816,1024,1280,0.145472,50745,0.627712,11760.1
2816,1024,1536,0.167648,52839.1,0.537824,16470.8
2816,1024,1792,0.1976,52301.4,0.570304,18121.5
2816,1024,2048,0.2136,55295.7,0.641792,18403.4
2816,1024,2304,0.241504,55020,0.678816,19574.6
2816,1024,2560,0.269792,54723.5,0.625856,23590
2816,1024,2816,0.28832,56327.5,0.73888,21979.7
2816,1024,3072,0.316768,55929.7,0.704672,25141.8
2816,1024,3328,0.333728,57511.3,0.711424,26978.5
2816,1024,3584,0.3584,57671.7,0.7688,26885.4
2816,1024,3840,0.38304,57816.2,0.84512,26204.5
2816,1024,4096,0.40208,58750.3,0.764672,30892.1
2816,1024,4352,0.428672,58549.9,0.702816,35711.6
2816,1024,4608,0.458304,57985.8,0.736256,36094.9
2816,1024,4864,0.47568,58971.4,0.851584,32940.4
2816,1024,5120,0.505856,58372.1,0.977184,30217.3
2816,1024,5376,0.525472,59002.8,0.876128,35387.9
2816,1024,5632,0.544416,59661.5,0.8736,37180.3
2816,1024,5888,0.570496,59522,0.988832,34340.6
2816,1024,6144,0.592896,59763.4,0.953696,37153.9
2816,1280,256,0.052,35490.3,0.391296,4716.36
2816,1280,512,0.077568,47583.9,0.494208,7468.49
2816,1280,768,0.115968,47741.5,0.434784,12733.9
2816,1280,1024,0.123584,59732.4,0.47696,15477.1
2816,1280,1280,0.148032,62334.3,0.506784,18207.9
2816,1280,1536,0.173216,63925.7,0.491392,22533.9
2816,1280,1792,0.198208,65176.3,0.528,24466.8
2816,1280,2048,0.216032,68341.5,0.553408,26678.2
2816,1280,2304,0.243936,68089.4,0.603072,27541.4
2816,1280,2560,0.31808,58019.8,0.721728,25570.5
2816,1280,2816,0.345728,58717.9,0.69888,29047.1
2816,1280,3072,0.318272,69581.8,0.702656,31517.5
2816,1280,3328,0.34016,70529.8,0.708704,33852.5
2816,1280,3584,0.428896,60240.5,0.775104,33333.5
2816,1280,3840,0.460192,60154,0.809856,34181.9
2816,1280,4096,0.48608,60747,0.780896,37812.8
2816,1280,4352,0.517344,60643.2,0.940576,33355.5
2816,1280,4608,0.548352,60579.5,0.954176,34814.2
2816,1280,4864,0.478592,73265.7,0.924384,37932.7
2816,1280,5120,0.611872,60322.9,0.944224,39090.2
2816,1280,5376,0.633344,61191.7,0.98688,39270.6
2816,1280,5632,0.554144,73267.7,0.984416,41243.6
2816,1280,5888,0.5776,73487.5,0.991744,42799.7
2816,1280,6144,0.597088,74179.8,1.05325,42052.6
2816,1536,256,0.060192,36792.1,0.403136,5493.41
2816,1536,512,0.090784,48788.2,0.432288,10245.9
2816,1536,768,0.117344,56618,0.401792,16535.4
2816,1536,1024,0.147328,60126.9,0.513504,17250.8
2816,1536,1280,0.176928,62584.6,0.472736,23423.1
2816,1536,1536,0.204704,64911.1,0.537312,24729.7
2816,1536,1792,0.234432,66126.4,0.592224,26176.2
2816,1536,2048,0.2608,67932.3,0.561632,31545.1
2816,1536,2304,0.291168,68453,0.597568,33354.1
2816,1536,2560,0.322496,68670.4,0.70512,31407.3
2816,1536,2816,0.346688,70266.4,0.728192,33453.4
2816,1536,3072,0.377856,70331.3,0.703296,37786.5
2816,1536,3328,0.409056,70380.8,0.773312,37229.1
2816,1536,3584,0.436256,71069,0.7904,39226.1
2816,1536,3840,0.46704,71126.4,0.797792,41638.5
2816,1536,4096,0.496768,71328,0.823712,43016.8
2816,1536,4352,0.524,71847.5,0.88304,42634.6
2816,1536,4608,0.55072,72382.8,0.986048,40426.7
2816,1536,4864,0.579104,72659.2,0.951296,44231.5
2816,1536,5120,0.613696,72172.3,0.927392,47759.6
2816,1536,5376,0.640064,72659.1,0.981952,47361.2
2816,1536,5632,0.663776,73399.8,1.0849,44908.5
2816,1536,5888,0.693536,73443.4,1.09616,46467.3
2816,1536,6144,0.732864,72524,1.11533,47654.3
2816,1792,256,0.063392,40757.4,0.374496,6899.12
2816,1792,512,0.093248,55415.5,0.429056,12043.6
2816,1792,768,0.120768,64181.5,0.443776,17466.2
2816,1792,1024,0.150528,68656.8,0.556128,18583.4
2816,1792,1280,0.180992,71375.8,0.564672,22877.8
2816,1792,1536,0.20704,74875.1,0.574944,26962.9
2816,1792,1792,0.239328,75569.3,0.590272,30639.8
2816,1792,2048,0.263936,78312.7,0.620544,33308.7
2816,1792,2304,0.292768,79425.4,0.791904,29363.7
2816,1792,2560,0.325088,79476.7,0.852736,30298.8
2816,1792,2816,0.350048,81190.6,0.866528,32798.3
2816,1792,3072,0.379968,81597.1,0.855552,36238.9
2816,1792,3328,0.410592,81803.8,0.94064,35707.6
2816,1792,3584,0.436992,82774.2,0.985408,36707.3
2816,1792,3840,0.468768,82674.9,0.978304,39614.9
2816,1792,4096,0.49312,83831.6,1.0385,39806.7
2816,1792,4352,0.525312,83612.7,0.825184,53227.8
2816,1792,4608,0.549888,84574.4,0.880096,52842.5
2816,1792,4864,0.579072,84773.8,0.96976,50620.9
2816,1792,5120,0.615744,83921,0.976032,52942.8
2816,1792,5376,0.637024,85173.4,0.97344,55737.9
2816,1792,5632,0.667936,85099.8,1.01818,55826.5
2816,1792,5888,0.694656,85545.8,1.0831,54865.4
2816,1792,6144,0.724416,85598,1.06528,58208.7
2816,2048,256,0.078976,37388.4,0.411392,7177.56
2816,2048,512,0.11888,49676.8,0.436448,13531
2816,2048,768,0.155776,56866.1,0.479424,18477.1
2816,2048,1024,0.196384,60143.2,0.552896,21362.4
2816,2048,1280,0.239872,61549.3,0.646112,22850.4
2816,2048,1536,0.27984,63310.3,0.644064,27507.7
2816,2048,1792,0.314048,65816.5,0.700864,29491.5
2816,2048,2048,0.344384,68593,0.702656,33618.6
2816,2048,2304,0.392768,67661.1,0.739456,35938.7
2816,2048,2560,0.430752,68549.7,0.75984,38860.7
2816,2048,2816,0.466432,69636.5,0.796672,40770.5
2816,2048,3072,0.512448,69145.5,0.836224,42373.2
2816,2048,3328,0.546688,70216,1.04659,36677.4
2816,2048,3584,0.579648,71317.5,1.0759,38422.6
2816,2048,3840,0.618368,71627,1.05558,41959.6
2816,2048,4096,0.648704,72829.3,1.13738,41538.3
2816,2048,4352,0.695488,72175.8,1.14746,43746.7
2816,2048,4608,0.731488,72660.4,1.11738,47567
2816,2048,4864,0.769344,72923.2,1.15405,48614.1
2816,2048,5120,0.81728,72259,1.22054,48384.8
2816,2048,5376,0.844576,73419.8,1.26531,49006.6
2816,2048,5632,0.884512,73443.2,1.2887,50408.3
2816,2048,5888,0.931872,72879.3,1.33078,51033.2
2816,2048,6144,0.960672,73768.1,1.36045,52090.9
2816,2304,256,0.088672,37462.7,0.377536,8798.87
2816,2304,512,0.134848,49268.6,0.469984,14136.2
2816,2304,768,0.175904,56654,0.536032,18591.6
2816,2304,1024,0.221536,59979.2,0.590016,22520.7
2816,2304,1280,0.265888,62467.8,0.6456,25727.1
2816,2304,1536,0.306464,65036.5,0.649376,30693.1
2816,2304,1792,0.348224,66776.6,0.692544,33576.5
2816,2304,2048,0.392832,67650.1,0.7856,33827.8
2816,2304,2304,0.436288,68525.8,0.793504,37677.2
2816,2304,2560,0.481152,69040.3,0.85632,38792.6
2816,2304,2816,0.523872,69751.3,0.867232,42134.9
2816,2304,3072,0.569312,70019,0.882912,45149.1
2816,2304,3328,0.611168,70659.1,0.926784,46596.1
2816,2304,3584,0.649472,71606.5,0.935712,49701.7
2816,2304,3840,0.701536,71027.5,1.0529,47325
2816,2304,4096,0.737536,72064.6,1.04224,50996.1
2816,2304,4352,0.786304,71819.7,1.22224,46203.8
2816,2304,4608,0.82912,72117.4,1.32816,45020.2
2816,2304,4864,0.867744,72735.6,1.31392,48036.3
2816,2304,5120,0.922144,72047.1,1.308,50793.4
2816,2304,5376,0.957472,72858.2,1.31402,53088.9
2816,2304,5632,0.999168,73142.4,1.38774,52662.1
2816,2304,5888,1.04317,73241.7,1.44938,52714.7
2816,2304,6144,1.09382,72886.8,1.50842,52853.7
2816,2560,256,0.09216,40049.8,0.412352,8951.06
2816,2560,512,0.136512,54075.7,0.475392,15528.2
2816,2560,768,0.177152,62505.4,0.53552,20677
2816,2560,1024,0.222048,66489.9,0.55856,26432.2
2816,2560,1280,0.265216,69584.6,0.59952,30782.9
2816,2560,1536,0.310112,71412.7,0.670304,33038.6
2816,2560,1792,0.350496,73715.3,0.730816,35353.5
2816,2560,2048,0.392736,75185.1,0.733216,40271.8
2816,2560,2304,0.435072,76352.6,0.792736,41904.1
2816,2560,2560,0.483904,76275.2,0.888576,41538.2
2816,2560,2816,0.521824,77805.7,0.890464,45595.2
2816,2560,3072,0.570464,77641.8,0.927616,47748
2816,2560,3328,0.60976,78691.4,0.923008,51985.3
2816,2560,3584,0.652384,79207.7,0.96976,53285.2
2816,2560,3840,0.699904,79103.4,1.01987,54286
2816,2560,4096,0.736576,80176.1,1.04877,56309.7
2816,2560,4352,0.784352,79998.3,1.10416,56827.6
2816,2560,4608,0.82528,80503.3,1.2272,54137.7
2816,2560,4864,0.867904,80802.4,1.26902,55262
2816,2560,5120,0.91616,80575.2,1.27616,57845.2
2816,2560,5376,0.95744,80956.2,1.40848,55031.5
2816,2560,5632,0.997344,81418,1.30842,62061.1
2816,2560,5888,1.04163,81499.7,1.44198,58872.2
2816,2560,6144,1.08851,81380.5,1.49034,59438.7
2816,2816,256,0.10544,38506.1,0.423232,9593.05
2816,2816,512,0.157984,51398.7,0.48896,16607
2816,2816,768,0.213472,57057.9,0.527968,23070.1
2816,2816,1024,0.265664,61131.1,0.568768,28553.5
2816,2816,1280,0.321792,63085.6,0.772672,26273
2816,2816,1536,0.372576,65384,0.83664,29117.1
2816,2816,1792,0.422336,67293.8,0.837024,33954.3
2816,2816,2048,0.471328,68913.1,0.86256,37656.2
2816,2816,2304,0.529376,69026.1,0.925312,39490.2
2816,2816,2560,0.586496,69226.2,0.987904,41098
2816,2816,2816,0.63296,70558.9,1.03488,43155.7
2816,2816,3072,0.68992,70618.4,1.0737,45376.9
2816,2816,3328,0.740416,71285.8,1.19837,44044.2
2816,2816,3584,0.794624,71532.2,1.19085,47731.7
2816,2816,3840,0.853312,71370.5,1.19226,51080.7
2816,2816,4096,0.889376,73041.5,1.23414,52636.8
2816,2816,4352,0.953344,72399.3,1.44979,47607.8
2816,2816,4608,1.00813,72492.3,1.37357,53205.6
2816,2816,4864,1.05552,73084,1.49718,51524.5
2816,2816,5120,1.11642,72734.3,1.5191,53453.7
2816,2816,5376,1.164,73249,1.47834,57674.2
2816,2816,5632,1.21488,73523.2,1.57174,56829.8
2816,2816,5888,1.27034,73509.7,1.68077,55559.1
2816,2816,6144,1.32464,73561.2,1.65997,58701.2
2816,3072,256,0.111328,39785,0.502432,8815.49
2816,3072,512,0.179264,49415.2,0.498336,17775.9
2816,3072,768,0.237792,55878.9,0.546592,24309.8
2816,3072,1024,0.293408,60382.6,0.662912,26725.6
2816,3072,1280,0.335936,65923,0.78624,28166.9
2816,3072,1536,0.390144,68116.2,0.765344,34723.1
2816,3072,1792,0.438592,70690.5,0.891872,34763.2
2816,3072,2048,0.481504,73589.2,0.946272,37445.3
2816,3072,2304,0.5816,68539.7,1.09043,36556.8
2816,3072,2560,0.641184,69078.2,1.09773,40348.7
2816,3072,2816,0.651104,74828.3,1.20557,40413.3
2816,3072,3072,0.757952,70123.5,1.16099,45780
2816,3072,3328,0.75968,75794.3,1.17306,49085
2816,3072,3584,0.81552,76035.6,1.31302,47225.8
2816,3072,3840,0.93568,71004.8,1.31578,50493.2
2816,3072,4096,0.904352,78362.1,1.34342,52751
2816,3072,4352,1.04464,72078.6,1.45376,51794.1
2816,3072,4608,1.10157,72374.4,1.42538,55932.8
2816,3072,4864,1.16141,72459,1.47626,57005.4
2816,3072,5120,1.22352,72400.7,1.49325,59322.8
2816,3072,5376,1.28358,72463.4,1.56211,59543
2816,3072,5632,1.23648,78806,1.60995,60524.8
2816,3072,5888,1.38755,73418,1.65744,61463
2816,3072,6144,1.4561,73003.7,1.71322,62047.3
2816,3328,256,0.11712,40969,0.447616,10719.6
2816,3328,512,0.179392,53495,0.482432,19892.1
2816,3328,768,0.239104,60203.3,0.574944,25037
2816,3328,1024,0.294944,65073.8,0.636448,30156.6
2816,3328,1280,0.36272,66143.1,0.766304,31308
2816,3328,1536,0.414144,69516.2,0.82192,35027.4
2816,3328,1792,0.4696,71524.7,0.888704,37794.3
2816,3328,2048,0.528096,72688.1,0.948256,40480.9
2816,3328,2304,0.590176,73172.3,1.10867,38951.6
2816,3328,2560,0.649728,73850.7,1.15558,41522.6
2816,3328,2816,0.701536,75236.5,1.19482,44175.1
2816,3328,3072,0.770656,74714.8,1.29578,44436.2
2816,3328,3328,0.82528,75583.7,1.30829,47678.9
2816,3328,3584,0.879072,76416.9,1.34499,49945.3
2816,3328,3840,0.947872,75932.5,1.46461,49142.3
2816,3328,4096,0.993216,77296.9,1.48486,51703.4
2816,3328,4352,1.06384,76675.8,1.43283,56929.8
2816,3328,4608,1.11082,77752.8,1.48694,58085
2816,3328,4864,1.17046,77890,1.57107,58028.8
2816,3328,5120,1.2425,77236.2,1.54032,62302.4
2816,3328,5376,1.28966,78131.9,1.54333,65290
2816,3328,5632,1.34221,78648.2,1.696,62241.9
2816,3328,5888,1.40771,78397.1,1.7767,62115.3
2816,3328,6144,1.48243,77682.4,1.84874,62290.6
2816,3584,256,0.12336,41888.6,0.484096,10674.3
2816,3584,512,0.182944,56491.4,0.524032,19721.6
2816,3584,768,0.241472,64198.5,0.529376,29283.8
2816,3584,1024,0.303904,68013.4,0.677408,30512.7
2816,3584,1280,0.362336,71306.5,0.688128,37546.7
2816,3584,1536,0.41888,74017.1,0.823584,37645.6
2816,3584,1792,0.475072,76139.4,0.882656,40980.5
2816,3584,2048,0.530336,77948.8,0.942336,43868.7
2816,3584,2304,0.590656,78736.9,0.947456,49085.6
2816,3584,2560,0.656928,78659.8,0.97072,53232.5
2816,3584,2816,0.704704,80659.7,1.01677,55903.8
2816,3584,3072,0.771808,80342,1.08429,57188.3
2816,3584,3328,0.82432,81492.6,1.32534,50685.7
2816,3584,3584,0.880064,82202.4,1.36918,52836.8
2816,3584,3840,0.94912,81665.9,1.4224,54492.9
2816,3584,4096,0.989344,83568.6,1.51168,54692.9
2816,3584,4352,1.05805,83026,1.40736,62418.6
2816,3584,4608,1.11434,83469.3,1.38752,67035.3
2816,3584,4864,1.16838,84030.8,1.54755,63442.3
2816,3584,5120,1.24026,83327.7,1.61965,63808.7
2816,3584,5376,1.28822,84236.2,1.66006,65368
2816,3584,5632,1.34515,84512.7,1.73818,65403.3
2816,3584,5888,1.40256,84737.8,1.70134,69856.4
2816,3584,6144,1.46448,84683.4,1.77222,69978.3
2816,3840,256,0.14192,39011.3,0.508672,10884.2
2816,3840,512,0.210368,52636.2,0.554816,19957.9
2816,3840,768,0.279328,59462.2,0.593216,27999
2816,3840,1024,0.350432,63196.1,0.72064,30730.9
2816,3840,1280,0.426816,64857.9,0.820512,33738
2816,3840,1536,0.494496,67177.3,0.881408,37688.4
2816,3840,1792,0.55696,69583.8,0.876544,44213.8
2816,3840,2048,0.614272,72104.6,1.12192,39478.6
2816,3840,2304,0.69392,71807,1.13059,44072.8
2816,3840,2560,0.770112,71891.9,1.21789,45459.7
2816,3840,2816,0.82592,73737.5,1.27798,47654.2
2816,3840,3072,0.959008,69277.6,1.30166,51040.6
2816,3840,3328,0.969696,74223.5,1.46454,49144.5
2816,3840,3584,1.03469,74912.2,1.47437,52572.2
2816,3840,3840,1.17846,70470.7,1.5776,52641.5
2816,3840,4096,1.15075,76979,1.65354,53572.3
2816,3840,4352,1.23779,76038.8,1.54563,60894.3
2816,3840,4608,1.38646,71878.3,1.72986,57609.8
2816,3840,4864,1.36672,76967.6,1.79789,58509.3
2816,3840,5120,1.46144,75767.5,1.9375,57150.7
2816,3840,5376,1.5103,76981.9,1.91782,60624
2816,3840,5632,1.57274,77446.3,1.95894,62177.7
2816,3840,5888,1.75187,72687.4,2.09085,60903.1
2816,3840,6144,1.82675,72738.7,2.08685,63672.8
2816,4096,256,0.147488,40041.1,0.479168,12324.7
2816,4096,512,0.22272,53031.4,0.562272,21006.1
2816,4096,768,0.299904,59074.7,0.651488,27194.3
2816,4096,1024,0.375008,62991.5,0.660768,35749.8
2816,4096,1280,0.455392,64840.6,0.780544,37829.9
2816,4096,1536,0.525856,67382.5,0.844192,41973.2
2816,4096,1792,0.58928,70151.8,0.924768,44702.1
2816,4096,2048,0.660224,71558.5,1.03341,45717.3
2816,4096,2304,0.73968,71855.7,1.09034,48746.6
2816,4096,2560,0.8224,71809.1,1.1761,50213.4
2816,4096,2816,0.880992,73736.6,1.29539,50148
2816,4096,3072,0.963968,73515.9,1.35069,52467.3
2816,4096,3328,1.03674,74052.2,1.44598,53093.6
2816,4096,3584,1.09706,75363.6,1.42506,58017.5
2816,4096,3840,1.18854,74531.3,1.51366,58522.7
2816,4096,4096,1.23917,76252.2,1.54902,60999.2
2816,4096,4352,1.33606,75142.3,1.66016,60473
2816,4096,4608,1.39933,75965.3,1.67635,63411.8
2816,4096,4864,1.46506,76588.2,1.76688,63505.2
2816,4096,5120,1.56368,75534.4,1.92272,61429.4
2816,4096,5376,1.61696,76697.7,1.95389,63472
2816,4096,5632,1.68198,77243.8,1.95462,66469.4
2816,4096,5888,1.75651,77328.4,2.10893,64406.3
2816,4096,6144,1.83846,77093.7,2.09792,67559.3
2816,4352,256,0.151584,41394.1,0.466528,13449.7
2816,4352,512,0.222272,56459.5,0.533408,23526.8
2816,4352,768,0.305984,61519.7,0.647072,29091.1
2816,4352,1024,0.376864,66598.9,0.708384,35430.9
2816,4352,1280,0.456608,68709.7,0.822016,38166.4
2816,4352,1536,0.525696,71615.7,0.869568,43295.1
2816,4352,1792,0.598144,73431.7,1.0153,43261
2816,4352,2048,0.66736,75217.9,1.07133,46855.3
2816,4352,2304,0.746784,75620.4,1.04394,54095.4
2816,4352,2560,0.826848,75886.7,1.1617,54013.1
2816,4352,2816,0.883968,78081.4,1.23082,56077.8
2816,4352,3072,0.971264,77523.9,1.30122,57866
2816,4352,3328,1.044,78133,1.3337,61161.5
2816,4352,3584,1.11568,78737.2,1.38,63656.2
2816,4352,3840,1.19552,78727.4,1.49933,62774.9
2816,4352,4096,1.24563,80597.5,1.52896,65662.2
2816,4352,4352,1.33888,79670.7,1.67942,63515.5
2816,4352,4608,1.40438,80422.6,1.68061,67204.4
2816,4352,4864,1.4775,80689.4,1.71203,69635.9
2816,4352,5120,1.58054,79399,1.83654,68331.4
2816,4352,5376,1.62816,80930.8,1.9048,69176.9
2816,4352,5632,1.69718,81336.5,1.96333,70310.7
2816,4352,5888,1.76317,81851.3,2.04858,70447.8
2816,4352,6144,1.85296,81271.2,2.14842,70094.6
2816,4608,256,0.155776,42649.6,0.494336,13439.8
2816,4608,512,0.2272,58484,0.51904,25600.3
2816,4608,768,0.304096,65542.9,0.632256,31524.2
2816,4608,1024,0.379072,70105.7,0.751744,35351.3
2816,4608,1280,0.45888,72391.2,0.780896,42539.5
2816,4608,1536,0.53168,74974.9,0.870624,45786.3
2816,4608,1792,0.600064,77502.5,0.93184,49908.2
2816,4608,2048,0.667872,79581.4,1.01738,52242.5
2816,4608,2304,0.747648,79976.1,1.10106,54306
2816,4608,2560,0.826368,80397.3,1.18957,55850.3
2816,4608,2816,0.892768,81859.5,1.24182,58850.2
2816,4608,3072,0.972096,82013.8,1.32941,59970.5
2816,4608,3328,1.04912,82325.3,1.36262,63384.4
2816,4608,3584,1.11104,83717,1.35318,68736.3
2816,4608,3840,1.19571,83345,1.45357,68560
2816,4608,4096,1.24189,85595.8,1.48749,71463.1
2816,4608,4352,1.33968,84306.9,1.6817,67160.9
2816,4608,4608,1.4065,85025.5,1.67862,71241.7
2816,4608,4864,1.47622,85509.9,1.79338,70387.8
2816,4608,5120,1.56624,84837.3,1.8888,70349.2
2816,4608,5376,1.62925,85634.2,1.97552,70624.1
2816,4608,5632,1.69981,85988,2.03421,71852.6
2816,4608,5888,1.76842,86408.9,2.04733,74637.2
2816,4608,6144,1.84621,86366.6,2.17245,73396.8
2816,4864,256,0.170912,41032.1,0.51088,13727.1
2816,4864,512,0.260128,53918.7,0.564704,24837.4
2816,4864,768,0.350336,60052.7,0.687456,30603.6
2816,4864,1024,0.451008,62197.4,0.763616,36735.1
2816,4864,1280,0.5496,63799.8,0.852992,41107.5
2816,4864,1536,0.63984,65762.2,0.927872,45348.1
2816,4864,1792,0.694048,70730.2,1.09587,44795.5
2816,4864,2048,0.75744,74069.2,1.1407,49182.8
2816,4864,2304,0.9,70128.8,1.22346,51588.2
2816,4864,2560,0.992704,70644.2,1.32627,52876.6
2816,4864,2816,1.05568,73072.9,1.43226,53860.2
2816,4864,3072,1.11466,75498.2,1.55466,54130.6
2816,4864,3328,1.20448,75690.2,1.50336,60642.4
2816,4864,3584,1.32931,73858,1.60637,61119.4
2816,4864,3840,1.43402,73355.6,1.63827,64209.8
2816,4864,4096,1.48509,75555.1,1.73869,64534.9
2816,4864,4352,1.59795,74607.3,1.77318,67234.4
2816,4864,4608,1.68051,75115.1,1.93782,65141
2816,4864,4864,1.75706,75834,1.97085,67607.8
2816,4864,5120,1.8737,74856.1,2.17654,64440.5
2816,4864,5376,1.94934,75548.7,2.232,65981.4
2816,4864,5632,1.94032,79514.3,2.33251,66144.7
2816,4864,5888,2.12173,76021.1,2.35443,68507.5
2816,4864,6144,2.20675,76270,2.32106,72514
2816,5120,256,0.181088,40764.6,0.536064,13770.7
2816,5120,512,0.267584,55175,0.57664,25603.4
2816,5120,768,0.36544,60600.7,0.650656,34036.3
2816,5120,1024,0.45312,65165.7,0.782976,37712.4
2816,5120,1280,0.551168,66966.6,0.81488,45294.9
2816,5120,1536,0.63936,69275.3,0.942208,47008.6
2816,5120,1792,0.720928,71676.8,1.0248,50423.3
2816,5120,2048,0.79728,74071.6,1.13171,52182.7
2816,5120,2304,0.89568,74175.8,1.23949,53601
2816,5120,2560,0.998208,73952.3,1.32634,55656.9
2816,5120,2816,1.06467,76269.2,1.48384,54724
2816,5120,3072,1.1665,75940,1.568,56494.7
2816,5120,3328,1.25942,76198.1,1.62106,59199.5
2816,5120,3584,1.33738,77276.4,1.69898,60829.4
2816,5120,3840,1.44205,76786.4,1.75725,63013.1
2816,5120,4096,1.49293,79114.1,1.8113,65208.3
2816,5120,4352,1.60982,77954.8,1.86493,67291.4
2816,5120,4608,1.68682,78773,1.9535,68019.1
2816,5120,4864,1.77949,78819,2.04429,68609.5
2816,5120,5120,1.89821,77778.4,2.20643,66913.2
2816,5120,5376,1.95504,79293.3,2.21619,69949.5
2816,5120,5632,2.04109,79567.1,2.3401,69400.3
2816,5120,5888,2.12707,79821.2,2.38483,71193.9
2816,5120,6144,2.22765,79531.1,2.52208,70246.5
2816,5376,256,0.18832,41159.1,0.481152,16109.4
2816,5376,512,0.275008,56369.8,0.603808,25674
2816,5376,768,0.367776,63226.6,0.650816,35729.3
2816,5376,1024,0.459488,67475.7,0.772544,40132.7
2816,5376,1280,0.556,69703.9,0.85584,45283.4
2816,5376,1536,0.643968,72218.6,0.95552,48671.3
2816,5376,1792,0.729376,74389,1.0448,51931
2816,5376,2048,0.805056,77023.9,1.11648,55539.4
2816,5376,2304,0.90432,77140.5,1.25837,55436.6
2816,5376,2560,1.00714,76961.5,1.34045,57824.5
2816,5376,2816,1.068,79833.2,1.35555,62898.2
2816,5376,3072,1.17469,79180.9,1.47981,62854.7
2816,5376,3328,1.26938,79380.7,1.77024,56921.1
2816,5376,3584,1.3504,80357.7,1.7815,60912
2816,5376,3840,1.4519,80078.4,1.86474,62349.9
2816,5376,4096,1.5056,82370.6,1.89821,65333.8
2816,5376,4352,1.62838,80919.6,1.96896,66922.8
2816,5376,4608,1.6992,82108.8,1.96394,71040.7
2816,5376,4864,1.78349,82574.4,2.08003,70802
2816,5376,5120,1.89859,81650.8,2.23088,69488.9
2816,5376,5376,1.97494,82418.8,2.24134,72622.7
2816,5376,5632,2.04451,83405.5,2.3583,72307.7
2816,5376,5888,2.14467,83124.5,2.4352,73207.4
2816,5376,6144,2.23901,83084,2.51958,73831.9
2816,5632,256,0.200544,40490.7,0.53008,15318.8
2816,5632,512,0.309408,52488.4,0.62528,25972.9
2816,5632,768,0.405216,60117.4,0.723232,33682.9
2816,5632,1024,0.499264,65057.1,0.856544,37920.6
2816,5632,1280,0.607552,66827,0.889408,45649.3
2816,5632,1536,0.714592,68180.2,0.982272,49600.3
2816,5632,1792,0.801472,70921,1.10787,51306.7
2816,5632,2048,0.885568,73355.6,1.18067,55020.7
2816,5632,2304,0.998464,73194,1.27094,57501.8
2816,5632,2560,1.1073,73333.4,1.34064,60569.4
2816,5632,2816,1.18461,75402.1,1.53414,58222.6
2816,5632,3072,1.29901,75012.7,1.55194,62787.4
2816,5632,3328,1.39622,75605.5,1.87667,56249.7
2816,5632,3584,1.4863,76486.6,1.85302,61349.7
2816,5632,3840,1.59939,76155.6,1.9759,61644
2816,5632,4096,1.66074,78232,2.12646,61098
2816,5632,4352,1.78566,77306.2,2.02115,68299.1
2816,5632,4608,1.87523,77944,2.1263,68740.5
2816,5632,4864,1.96886,78361.6,2.26883,68001.2
2816,5632,5120,2.07837,78139.9,2.3624,68745.1
2816,5632,5376,2.17306,78471.8,2.34918,72588.4
2816,5632,5632,2.25821,79108.7,2.53267,70535.7
2816,5632,5888,2.36554,78952.1,2.55917,72978.4
2816,5632,6144,2.58454,75403.7,2.65341,73446.7
2816,5888,256,0.210624,40305.3,0.564896,15028
2816,5888,512,0.31584,53756.8,0.609696,27847.6
2816,5888,768,0.428224,59473.1,0.765632,33263.8
2816,5888,1024,0.527456,64379,0.878304,38662.1
2816,5888,1280,0.65152,65149.7,0.950208,44670.6
2816,5888,1536,0.757376,67252.8,1.0463,48681.5
2816,5888,1792,0.853184,69650.7,1.16442,51034.1
2816,5888,2048,0.929664,73052.4,1.24029,54756.8
2816,5888,2304,1.06096,72013.5,1.5385,49661.1
2816,5888,2560,1.17696,72128.8,1.58816,53453.5
2816,5888,2816,1.24243,75160.6,1.69635,55048.7
2816,5888,3072,1.36938,74392.5,1.75485,58051.3
2816,5888,3328,1.48016,74559.9,1.81491,60807.6
2816,5888,3584,1.57814,75309.9,1.98454,59887.7
2816,5888,3840,1.70093,74864.5,2.05488,61969.1
2816,5888,4096,1.75952,77196.2,2.14589,63297
2816,5888,4352,1.89763,76051.4,2.18957,65911.5
2816,5888,4608,1.98451,76999.7,2.2351,68366.8
2816,5888,4864,2.08659,77301.2,2.31011,69821.8
2816,5888,5120,2.21082,76797.6,2.51722,67449.7
2816,5888,5376,2.2977,77588.5,2.46688,72267.3
2816,5888,5632,2.39395,78014.9,2.62618,71116.3
2816,5888,5888,2.49373,78297.7,2.69805,72368.3
2816,5888,6144,2.6031,78269.1,2.82688,72073.3
2816,6144,256,0.215424,41120.6,0.540352,16393.7
2816,6144,512,0.316544,55969.3,0.633696,27957.8
2816,6144,768,0.432704,61416.4,0.772864,34385.2
2816,6144,1024,0.52976,66885.9,0.868416,40802.4
2816,6144,1280,0.65984,67125.1,0.951968,46526.6
2816,6144,1536,0.761632,69784.6,1.06237,50030
2816,6144,1792,0.854944,72529.4,1.19149,52043
2816,6144,2048,0.942176,75216.3,1.31651,53829.3
2816,6144,2304,1.06842,74620.1,1.58288,50367.3
2816,6144,2560,1.18538,74730.5,1.66838,53095.5
2816,6144,2816,1.25859,77421.5,1.78442,54607.3
2816,6144,3072,1.38234,76899.1,1.86963,56856.3
2816,6144,3328,1.50093,76725.1,1.97434,58327.9
2816,6144,3584,1.58246,78369.7,2.07046,59898.3
2816,6144,3840,1.71296,77570.7,2.16547,61361
2816,6144,4096,1.76218,80431.2,2.28547,62015.2
2816,6144,4352,1.91914,78468.8,2.20192,68391.4
2816,6144,4608,2.00262,79620.9,2.22624,71623.3
2816,6144,4864,2.10989,79771.5,2.35718,71402.6
2816,6144,5120,2.23965,79105,2.41354,73405.7
2816,6144,5376,2.34419,79356,2.4953,74550.6
2816,6144,5632,2.412,80797.7,2.72035,71639.3
2816,6144,5888,2.53616,80335,2.74422,74244.1
2816,6144,6144,2.64931,80247.6,2.80589,75769.6
3072,256,256,0.02272,17722.4,0.346624,1161.64
3072,256,512,0.032928,24456.6,0.413824,1946.01
3072,256,768,0.042944,28128.7,0.39168,3084.05
3072,256,1024,0.0536,30048.7,0.45984,3502.55
3072,256,1280,0.064448,31238.6,0.402656,4999.97
3072,256,1536,0.072256,33435.6,0.48448,4986.62
3072,256,1792,0.08448,33363.8,0.492032,5728.43
3072,256,2048,0.08928,36080,0.438688,7342.86
3072,256,2304,0.102016,35522.6,0.446496,8116.26
3072,256,2560,0.109664,36717,0.491008,8200.54
3072,256,2816,0.117216,37786.5,0.49728,8906.82
3072,256,3072,0.129056,37439.9,0.482272,10018.9
3072,256,3328,0.138464,37804,0.52016,10063.2
3072,256,3584,0.146208,38555.6,0.480864,11723
3072,256,3840,0.15424,39158.4,0.512896,11775.9
3072,256,4096,0.160992,40017.2,0.498368,12927.1
3072,256,4352,0.17664,38751.7,0.566336,12086.6
3072,256,4608,0.184544,39273.9,0.554688,13066.4
3072,256,4864,0.195808,39071,0.518816,14745.9
3072,256,5120,0.203776,39519.2,0.641088,12561.6
3072,256,5376,0.213056,39687.8,0.513216,16475.9
3072,256,5632,0.22384,39574.6,0.508096,17434.4
3072,256,5888,0.230368,40201,0.616096,15031.8
3072,256,6144,0.237664,40661.1,0.5536,17456.1
3072,512,256,0.032672,24648.2,0.392128,2053.68
3072,512,512,0.047616,33825,0.386656,4165.49
3072,512,768,0.061376,39362.6,0.391424,6172.13
3072,512,1024,0.07552,42653.9,0.371744,8665.17
3072,512,1280,0.090656,44415.5,0.424,9496.54
3072,512,1536,0.104,46460,0.437568,11042.5
3072,512,1792,0.119136,47316.9,0.427168,13196.6
3072,512,2048,0.133824,48141.2,0.46256,13927.8
3072,512,2304,0.148192,48907.9,0.488544,14835.4
3072,512,2560,0.162688,49500,0.531776,15143.7
3072,512,2816,0.176,50331.6,0.480736,18426.7
3072,512,3072,0.189984,50865.7,0.524576,18421.9
3072,512,3328,0.20512,51038.3,0.536928,19497.9
3072,512,3584,0.218784,51531.6,0.530432,21254.9
3072,512,3840,0.233088,51824.2,0.576,20971.5
3072,512,4096,0.248576,51834.9,0.619104,20812.2
3072,512,4352,0.262368,52179.4,0.63216,21656.2
3072,512,4608,0.277056,52319.8,0.628,23082
3072,512,4864,0.290016,52758.5,0.598624,25560
3072,512,5120,0.304672,52863.8,0.579808,27778.4
3072,512,5376,0.320256,52806,0.63072,26812.9
3072,512,5632,0.333824,53072.1,0.6496,27273.3
3072,512,5888,0.3504,52859.7,0.660832,28028.4
3072,512,6144,0.363168,53218.8,0.634336,30468.6
3072,768,256,0.036064,33494.9,0.363232,3325.59
3072,768,512,0.047968,50365.2,0.38816,6224.03
3072,768,768,0.064224,56425.6,0.44272,8185.49
3072,768,1024,0.077728,62163.4,0.413536,11684.2
3072,768,1280,0.09248,65309.2,0.50464,11968.5
3072,768,1536,0.106208,68241.2,0.41488,17469.5
3072,768,1792,0.121088,69831.2,0.560864,15076.2
3072,768,2048,0.13632,70889.6,0.551584,17519.9
3072,768,2304,0.150336,72315.6,0.560768,19387
3072,768,2560,0.166304,72635.6,0.551008,21922.7
3072,768,2816,0.17792,74682.8,0.587648,22611.4
3072,768,3072,0.19632,73836.2,0.655872,22101.1
3072,768,3328,0.20624,76141.7,0.675008,23264.1
3072,768,3584,0.220896,76558.4,0.580224,29146.4
3072,768,3840,0.238496,75973.6,0.64512,28086.9
3072,768,4096,0.250592,77126.8,0.740064,26115.8
3072,768,4352,0.263648,77889.1,0.687584,29865.9
3072,768,4608,0.278048,78199.7,0.61536,35334.2
3072,768,4864,0.292288,78522.7,0.668576,34328.5
3072,768,5120,0.31248,77314.4,0.782528,30873.3
3072,768,5376,0.321728,78846.6,0.713216,35567.3
3072,768,5632,0.333728,79631.1,0.812064,32725.4
3072,768,5888,0.350944,79166.7,0.689824,40275.6
3072,768,6144,0.36496,79436.2,0.771712,37567.2
3072,1024,256,0.052736,30541,0.379552,4243.46
3072,1024,512,0.075232,42817.2,0.485184,6639.18
3072,1024,768,0.097568,49522.8,0.458912,10528.9
3072,1024,1024,0.122912,52415.2,0.46784,13770.6
3072,1024,1280,0.153184,52571.2,0.601696,13383.9
3072,1024,1536,0.171264,56425.6,0.637056,15169.3
3072,1024,1792,0.192384,58603,0.573888,19645.5
3072,1024,2048,0.217248,59309.6,0.613056,21017.5
3072,1024,2304,0.242656,59736.9,0.60464,23973.8
3072,1024,2560,0.265824,60589.4,0.638016,25244.1
3072,1024,2816,0.29152,60773.7,0.71088,24922.3
3072,1024,3072,0.314496,61455,0.69088,27975
3072,1024,3328,0.339744,61628.7,0.722592,28976.2
3072,1024,3584,0.358816,62841.6,0.740512,30450
3072,1024,3840,0.383136,63056.4,0.742304,32546.2
3072,1024,4096,0.402176,64075.9,0.809856,31820.2
3072,1024,4352,0.42896,63829.8,0.762944,35887.8
3072,1024,4608,0.454144,63836.6,0.868448,33382.6
3072,1024,4864,0.47472,64462.5,0.782112,39126.9
3072,1024,5120,0.504992,63787.7,0.844032,38164.7
3072,1024,5376,0.5272,64155.7,0.850848,39751.9
3072,1024,5632,0.548672,64580.4,0.838848,42240.6
3072,1024,5888,0.570624,64918.6,0.880736,42060.4
3072,1024,6144,0.59168,65330.4,0.914912,42249.6
3072,1280,256,0.052864,38083.9,0.385184,5226.76
3072,1280,512,0.089824,44826.9,0.482912,8338.02
3072,1280,768,0.116992,51625.7,0.460608,13112.7
3072,1280,1024,0.1456,55309.5,0.486176,16564.1
3072,1280,1280,0.173568,57996.5,0.47168,21341.4
3072,1280,1536,0.202336,59700.7,0.572128,21113.4
3072,1280,1792,0.229952,61286.1,0.592064,23802.9
3072,1280,2048,0.259392,62091.8,0.613536,26251.3
3072,1280,2304,0.288928,62712.5,0.675232,26834.3
3072,1280,2560,0.320576,62801.5,0.7248,27776.8
3072,1280,2816,0.345632,64073.7,0.66096,33505.7
3072,1280,3072,0.376096,64236.8,0.722624,33432.6
3072,1280,3328,0.402816,64973.7,0.73664,35529.5
3072,1280,3584,0.43232,65196.4,0.736192,38285.8
3072,1280,3840,0.464768,64976.5,0.75488,40005
3072,1280,4096,0.488128,65991.4,0.854112,37714.3
3072,1280,4352,0.52112,65676.8,0.942048,36331
3072,1280,4608,0.550592,65817.9,0.858624,42205.7
3072,1280,4864,0.57488,66539.2,0.86832,44052.9
3072,1280,5120,0.611072,65892.9,0.99232,40576.9
3072,1280,5376,0.634688,66613.2,1.07018,39506.2
3072,1280,5632,0.663392,66765.7,0.982336,45088.3
3072,1280,5888,0.691968,66918,1.08323,42747.2
3072,1280,6144,0.720192,67091,1.00118,48261.2
3072,1536,256,0.061856,39057.1,0.443776,5444.01
3072,1536,512,0.0912,52980.7,0.444096,10880.2
3072,1536,768,0.120128,60333.6,0.454464,15947.9
3072,1536,1024,0.154464,62562.6,0.488832,19768.9
3072,1536,1280,0.17744,68077.1,0.558048,21646.2
3072,1536,1536,0.205088,70679.5,0.567392,25547.6
3072,1536,1792,0.23424,72197,0.569824,29678.3
3072,1536,2048,0.26176,73836.2,0.600736,32172.8
3072,1536,2304,0.290016,74972.7,0.667008,32598.2
3072,1536,2560,0.322368,74942.9,0.645696,37415.7
3072,1536,2816,0.348416,76274.1,0.682304,38949.1
3072,1536,3072,0.378496,76595.3,0.747552,38781.3
3072,1536,3328,0.403712,77795.4,0.745568,42124.9
3072,1536,3584,0.433664,77993.3,0.820032,41245.8
3072,1536,3840,0.467616,77496.9,0.82208,44081.8
3072,1536,4096,0.489792,78920.7,0.821344,47062.7
3072,1536,4352,0.52448,78307.3,0.923776,44459.5
3072,1536,4608,0.550528,78990.6,0.954624,45553.6
3072,1536,4864,0.575552,79753.8,0.915808,50122.4
3072,1536,5120,0.609632,79258.3,0.942304,51276.9
3072,1536,5376,0.637024,79642.7,0.964128,52622
3072,1536,5632,0.661856,80304.8,1.05616,50324
3072,1536,5888,0.692448,80245.9,1.02205,54367.4
3072,1536,6144,0.723136,80181.4,1.05651,54880.6
3072,1792,256,0.079648,35387.9,0.422976,6663.67
3072,1792,512,0.118144,47714.2,0.452896,12446.9
3072,1792,768,0.15696,53871.8,0.555456,15223
3072,1792,1024,0.194912,57843,0.55616,20271.7
3072,1792,1280,0.237952,59225.6,0.558208,25246.6
3072,1792,1536,0.274432,61623.4,0.563296,30022.3
3072,1792,1792,0.314432,62748.1,0.65344,30194.1
3072,1792,2048,0.344096,65529.9,0.690048,32676.8
3072,1792,2304,0.38864,65271.6,0.863424,29379.7
3072,1792,2560,0.429696,65594.6,0.896032,31456.2
3072,1792,2816,0.464992,66677.1,0.869856,35643
3072,1792,3072,0.50752,66643.4,0.940672,35956.1
3072,1792,3328,0.542048,67598.1,0.968512,37832.7
3072,1792,3584,0.579552,68087.1,1.04128,37895.7
3072,1792,3840,0.618944,68307.6,1.05024,40256.1
3072,1792,4096,0.647456,69652.9,1.15667,38988.7
3072,1792,4352,0.696256,68819.1,1.11072,43139.3
3072,1792,4608,0.73296,69218.4,1.08582,46724.2
3072,1792,4864,0.76704,69817.6,1.13955,46994.7
3072,1792,5120,0.808,69766.6,1.26518,44555.9
3072,1792,5376,0.845184,70032.1,1.16102,50980.9
3072,1792,5632,0.883072,70219.2,1.17674,52695.4
3072,1792,5888,0.917408,70663.4,1.31594,49263.2
3072,1792,6144,0.958848,70549,1.3368,50602.7
3072,2048,256,0.087008,37022.2,0.412352,7811.83
3072,2048,512,0.120416,53501.6,0.49456,13026.6
3072,2048,768,0.159456,60604,0.479776,20142.1
3072,2048,1024,0.217856,59144.1,0.529472,24335.4
3072,2048,1280,0.264032,61000.7,0.595712,27036.8
3072,2048,1536,0.301856,64028.4,0.637216,30330.9
3072,2048,1792,0.314592,71675.6,0.693024,32536.5
3072,2048,2048,0.346112,74455.1,0.741312,34762.4
3072,2048,2304,0.428064,67725.9,0.772352,37536
3072,2048,2560,0.474816,67841.6,0.837248,38474
3072,2048,2816,0.51536,68754.8,0.861984,41106.9
3072,2048,3072,0.50768,76139.9,0.894944,43192.3
3072,2048,3328,0.542176,77236.8,0.956704,43771
3072,2048,3584,0.58032,77710.8,0.985888,45742.7
3072,2048,3840,0.69296,69727.5,1.00762,47953.2
3072,2048,4096,0.7272,70874.1,1.15274,44710.7
3072,2048,4352,0.783616,69882.2,1.25888,43499.6
3072,2048,4608,0.82224,70517.2,1.23792,46838.3
3072,2048,4864,0.863968,70839.8,1.40422,43585.1
3072,2048,5120,0.90768,70977.1,1.26685,50854.2
3072,2048,5376,0.944576,71614.9,1.35021,50100.2
3072,2048,5632,0.995328,71199.6,1.48752,47641
3072,2048,5888,1.03587,71522.5,1.38096,53649.8
3072,2048,6144,1.08013,71574.3,1.52221,50787.7
3072,2304,256,0.090176,40186.7,0.436896,8294.6
3072,2304,512,0.134528,53875.5,0.440992,16435.1
3072,2304,768,0.174688,62234.6,0.476352,22822.7
3072,2304,1024,0.220672,65688.1,0.523488,27690.3
3072,2304,1280,0.265824,68163.1,0.62592,28948.4
3072,2304,1536,0.308288,70529.1,0.668544,32523.3
3072,2304,1792,0.34608,73298.5,0.658176,38541.6
3072,2304,2048,0.389792,74375.6,0.739488,39204.2
3072,2304,2304,0.43632,74750,0.790112,41278.8
3072,2304,2560,0.48208,75171.7,0.861856,42047.4
3072,2304,2816,0.521472,76442.6,0.929824,42871.2
3072,2304,3072,0.567616,76612.6,0.922304,47149.9
3072,2304,3328,0.607296,77574.1,0.928032,50763.8
3072,2304,3584,0.651168,77912.8,0.9448,53698.5
3072,2304,3840,0.703392,77280.1,1.05526,51511.5
3072,2304,4096,0.73376,79020.5,1.02518,56557.7
3072,2304,4352,0.784128,78566.2,1.14051,54016
3072,2304,4608,0.82624,78947.8,1.14138,57150.2
3072,2304,4864,0.865248,79576.8,1.2976,53062.3
3072,2304,5120,0.919872,78790.9,1.23757,58564.5
3072,2304,5376,0.960224,79253.9,1.28781,59093.8
3072,2304,5632,0.996864,79976.1,1.31338,60702.6
3072,2304,5888,1.04061,80096.6,1.39658,59681.1
3072,2304,6144,1.0921,79638.7,1.3591,63993
3072,2560,256,0.094336,42682.9,0.421408,9554.95
3072,2560,512,0.1368,58867.4,0.501024,16073.2
3072,2560,768,0.183776,65730,0.513664,23516.5
3072,2560,1024,0.223936,71922.9,0.578208,27855.2
3072,2560,1280,0.270016,74561,0.658432,30576.7
3072,2560,1536,0.312,77433.3,0.652224,37041.2
3072,2560,1792,0.354304,79552.4,0.7336,38421.1
3072,2560,2048,0.397504,81036.3,0.729824,44137
3072,2560,2304,0.441056,82163.7,0.802336,45166.6
3072,2560,2560,0.48336,83303,0.858848,46882.9
3072,2560,2816,0.522592,84754.2,0.86704,51084
3072,2560,3072,0.571424,84557.8,0.976288,49491.9
3072,2560,3328,0.611936,85539.9,0.949472,55130.5
3072,2560,3584,0.651232,86561.2,0.994496,56683.4
3072,2560,3840,0.700608,86207.9,1.05018,57512.2
3072,2560,4096,0.737312,87377.5,1.05382,61134
3072,2560,4352,0.783616,87352.8,1.18557,57736.9
3072,2560,4608,0.824128,87944.6,1.17661,61598.7
3072,2560,4864,0.865376,88405.6,1.20518,63479.2
3072,2560,5120,0.92016,87518.1,1.30752,61590.4
3072,2560,5376,0.952256,88796.7,1.30333,64877.9
3072,2560,5632,0.995488,88985.2,1.32198,67008.1
3072,2560,5888,1.03882,89149.8,1.41898,65265.5
3072,2560,6144,1.08496,89069.4,1.44278,66979.4
3072,2816,256,0.107264,41292.4,0.459968,9629.33
3072,2816,512,0.166144,53317.4,0.485792,18234.9
3072,2816,768,0.237824,55871.4,0.535232,24825.8
3072,2816,1024,0.275136,64392.7,0.620928,28532.7
3072,2816,1280,0.349856,63300.1,0.750816,29495.8
3072,2816,1536,0.385376,68958.9,0.761088,34917.3
3072,2816,1792,0.434336,71383.2,0.91648,33829.8
3072,2816,2048,0.4776,74190.7,0.905792,39118.8
3072,2816,2304,0.542176,73523.5,1.03962,38343.6
3072,2816,2560,0.638816,69334.3,1.01088,43815.1
3072,2816,2816,0.645056,75529.9,1.03152,47232.3
3072,2816,3072,0.709792,74881.4,1.10723,48002.8
3072,2816,3328,0.75296,76470.7,1.19014,48380.2
3072,2816,3584,0.803936,77131.3,1.19286,51983
3072,2816,3840,0.931328,71336.6,1.37082,48465.9
3072,2816,4096,0.896032,79089.8,1.35677,52232.2
3072,2816,4352,1.0447,72074.1,1.40822,53468.9
3072,2816,4608,1.09478,72822.9,1.47994,53870.8
3072,2816,4864,1.07037,78622,1.55037,54280.4
3072,2816,5120,1.22202,72489.8,1.58486,55893.6
3072,2816,5376,1.17498,79161.5,1.51622,61345.1
3072,2816,5632,1.32384,73605.6,1.69926,57343.7
3072,2816,5888,1.38301,73659.2,1.68918,60308
3072,2816,6144,1.44979,73321.2,1.7168,61917.8
3072,3072,256,0.11728,41199.2,0.459072,10525.2
3072,3072,512,0.177152,54550.2,0.539712,17905.2
3072,3072,768,0.23856,60762.6,0.575264,25198
3072,3072,1024,0.295712,65358.7,0.63136,30612.3
3072,3072,1280,0.354336,68181.6,0.724096,33364.6
3072,3072,1536,0.411392,70470.6,0.757472,38273.4
3072,3072,1792,0.464672,72788.7,0.822624,41115.8
3072,3072,2048,0.5224,73994.5,0.897088,43089.1
3072,3072,2304,0.583744,74495.9,1.10285,39431.1
3072,3072,2560,0.648512,74506.5,1.10096,43887.5
3072,3072,2816,0.695296,76442.6,1.19818,44359.3
3072,3072,3072,0.763904,75902.3,1.29373,44817.8
3072,3072,3328,0.815392,77035.2,1.28851,48749.2
3072,3072,3584,0.86912,77832.4,1.39619,48450.2
3072,3072,3840,0.940288,77080.2,1.49498,48480.8
3072,3072,4096,0.979936,78892.3,1.47315,52478.9
3072,3072,4352,1.04861,78333.6,1.35696,60533.3
3072,3072,4608,1.10285,78862.3,1.49818,58052.7
3072,3072,4864,1.16061,79100.7,1.47421,62274.1
3072,3072,5120,1.23267,78396.2,1.57517,61350.1
3072,3072,5376,1.28214,79139.8,1.53475,66114
3072,3072,5632,1.33725,79491.9,1.70784,62242.6
3072,3072,5888,1.39018,79941.2,1.76755,62873.6
3072,3072,6144,1.46131,79356.2,1.74563,66431
3072,3328,256,0.122528,42720.8,0.466688,11216.3
3072,3328,512,0.18128,57750.3,0.553632,18909.6
3072,3328,768,0.2424,64783.3,0.581344,27012.4
3072,3328,1024,0.295008,70974.2,0.622784,33619.9
3072,3328,1280,0.360832,72533.6,0.790016,33129
3072,3328,1536,0.417344,75254.3,0.798816,39316.9
3072,3328,1792,0.470464,77883.6,0.888096,41258.4
3072,3328,2048,0.52448,79842.8,0.89024,47038.9
3072,3328,2304,0.586944,80263.9,1.1015,42769.2
3072,3328,2560,0.649344,80612,1.13763,46012.2
3072,3328,2816,0.696,82729,1.21702,47311.6
3072,3328,3072,0.766656,81932.3,1.19984,52351.9
3072,3328,3328,0.815392,83454.8,1.29066,52723.9
3072,3328,3584,0.87056,84179,1.392,52645.7
3072,3328,3840,0.939744,83551.9,1.40602,55843.9
3072,3328,4096,0.979904,85469.5,1.50576,55621
3072,3328,4352,1.05498,84349.2,1.37814,64569.7
3072,3328,4608,1.10138,85548.3,1.47478,63887.9
3072,3328,4864,1.1585,85848.7,1.49587,66486.5
3072,3328,5120,1.23059,85072.7,1.60003,65429.8
3072,3328,5376,1.2831,85670.6,1.57763,69676.8
3072,3328,5632,1.33482,86273.2,1.7105,67324.8
3072,3328,5888,1.38947,86646.8,1.69872,70873
3072,3328,6144,1.45718,86212.7,1.78842,70245.3
3072,3584,256,0.140832,40027.4,0.481472,11708.1
3072,3584,512,0.209472,53822.4,0.585952,19241
3072,3584,768,0.281856,60000.3,0.639424,26447.9
3072,3584,1024,0.351712,64110.9,0.723072,31184.4
3072,3584,1280,0.42624,66126.4,0.747616,37700.8
3072,3584,1536,0.492256,68709.9,0.917568,36861.4
3072,3584,1792,0.553952,71233.6,0.907136,43499.6
3072,3584,2048,0.60912,74036.6,1.09334,41247
3072,3584,2304,0.692032,73312.1,1.19824,42340.7
3072,3584,2560,0.767712,73427.9,1.22246,46113
3072,3584,2816,0.819968,75623.2,1.25232,49515
3072,3584,3072,0.910208,74319,1.28154,52784.9
3072,3584,3328,0.96352,76057.5,1.41104,51935.4
3072,3584,3584,1.02816,76758.5,1.45862,54105.8
3072,3584,3840,1.16438,72619.7,1.55181,54489.5
3072,3584,4096,1.13987,79126.7,1.57635,57217.1
3072,3584,4352,1.23834,77387.3,1.50586,63639.2
3072,3584,4608,1.29936,78091.2,1.74256,58229.6
3072,3584,4864,1.36611,78401.9,1.84384,58088.4
3072,3584,5120,1.53139,73621.2,1.96112,57489
3072,3584,5376,1.5031,78757.1,1.97075,60068.5
3072,3584,5632,1.56653,79166.9,2.0569,60293.4
3072,3584,5888,1.63155,79466.9,2.06451,62801.4
3072,3584,6144,1.7105,79094.9,2.09475,64585.9
3072,3840,256,0.146496,41228.4,0.479168,12604.8
3072,3840,512,0.220736,54724.2,0.559968,21571.9
3072,3840,768,0.297728,60858.9,0.652224,27780.9
3072,3840,1024,0.370048,65286.6,0.68544,35246.3
3072,3840,1280,0.447072,67548.4,0.739232,40851.8
3072,3840,1536,0.519264,69788.8,0.920416,39372.2
3072,3840,1792,0.584864,72287.9,0.90576,46677.5
3072,3840,2048,0.651744,74137.1,1.03731,46580.4
3072,3840,2304,0.735552,73901.2,1.17248,46361.7
3072,3840,2560,0.814592,74145.1,1.19686,50463.5
3072,3840,2816,0.873664,76045,1.23178,53936.6
3072,3840,3072,0.96,75497.5,1.32896,54537.1
3072,3840,3328,1.02179,76842.8,1.38986,56493.2
3072,3840,3584,1.09037,77549.2,1.44189,58643.4
3072,3840,3840,1.17715,76962.8,1.43398,63178.5
3072,3840,4096,1.22771,78712.9,1.53379,63005.1
3072,3840,4352,1.3232,77597.2,1.60979,63782.5
3072,3840,4608,1.38256,78634.1,1.67651,64846.8
3072,3840,4864,1.44864,79216.5,1.79418,63960.4
3072,3840,5120,1.55261,77802,1.89834,63632.5
3072,3840,5376,1.60864,78846.6,1.88294,67360.3
3072,3840,5632,1.67421,79366.2,1.94563,68294.3
3072,3840,5888,1.74109,79786.5,2.06614,67234.1
3072,3840,6144,1.82608,79380.5,2.10243,68946.4
3072,4096,256,0.150944,42681.1,0.490304,13139.7
3072,4096,512,0.224288,57448,0.560768,22977.2
3072,4096,768,0.300224,64376.4,0.640576,30171.8
3072,4096,1024,0.372704,69142.8,0.707136,36442.5
3072,4096,1280,0.452096,71250.9,0.876448,36753.2
3072,4096,1536,0.520448,74272,0.930048,41562.1
3072,4096,1792,0.591616,76227.1,0.893664,50463.2
3072,4096,2048,0.652896,78940,1.0048,51293.4
3072,4096,2304,0.736192,78759.4,1.08861,53262.6
3072,4096,2560,0.816864,78868.1,1.18957,54157.9
3072,4096,2816,0.87648,80854.1,1.25549,56445.7
3072,4096,3072,0.957184,80767.6,1.35216,57174.8
3072,4096,3328,1.02554,81666.4,1.33558,62708
3072,4096,3584,1.09197,82597.9,1.39718,64554.4
3072,4096,3840,1.18138,81800.2,1.55901,61986.1
3072,4096,4096,1.23235,83644.3,1.6,64424.5
3072,4096,4352,1.33043,82320.4,1.6319,67112.8
3072,4096,4608,1.38826,83532.2,1.68016,69019.7
3072,4096,4864,1.456,84070.4,1.73395,70594
3072,4096,5120,1.56157,82512.6,1.82678,70533.3
3072,4096,5376,1.61171,83942.7,1.96451,68867.7
3072,4096,5632,1.67366,84684.8,2.01946,70184.2
3072,4096,5888,1.74451,84938.6,2.03146,72941
3072,4096,6144,1.83248,84376.8,2.1767,71033.5
3072,4352,256,0.16736,40900.5,0.503232,13602.3
3072,4352,512,0.2528,54154.3,0.549728,24903.6
3072,4352,768,0.344512,59607,0.652896,31452.7
3072,4352,1024,0.425728,64314.3,0.838048,32671.7
3072,4352,1280,0.513568,66642.6,0.873728,39171.8
3072,4352,1536,0.59216,69357.3,0.955232,42995.4
3072,4352,1792,0.669632,71555.3,1.10368,43414.5
3072,4352,2048,0.738944,74106.9,1.15424,47443.2
3072,4352,2304,0.83472,73804.3,1.24358,49539
3072,4352,2560,0.925664,73948,1.22595,55835
3072,4352,2816,0.992384,75874,1.30131,57861.7
3072,4352,3072,1.08595,75639.8,1.36186,60315.7
3072,4352,3328,1.16515,76373.2,1.50371,59177.8
3072,4352,3584,1.23978,77297.4,1.63046,58775.6
3072,4352,3840,1.33571,76870.3,1.68394,60974.1
3072,4352,4096,1.38435,79114,1.76755,61962.3
3072,4352,4352,1.49363,77908.6,1.75565,66281.4
3072,4352,4608,1.56774,78591.8,1.82307,67584.8
3072,4352,4864,1.64646,78991.7,1.87974,69188.7
3072,4352,5120,1.75318,78087.7,2.0311,67402.8
3072,4352,5376,1.81683,79119.7,2.06922,69469.4
3072,4352,5632,1.89261,79568.7,2.20106,68418.2
3072,4352,5888,1.97338,79780.7,2.24509,70125.3
3072,4352,6144,2.05942,79771.1,2.31946,70828
3072,4608,256,0.17424,41596.4,0.50624,14316.8
3072,4608,512,0.2656,54576.5,0.596256,24310.9
3072,4608,768,0.360384,60333.6,0.674528,32234.8
3072,4608,1024,0.445696,65046.6,0.774368,37438.3
3072,4608,1280,0.545984,66373.3,0.880288,41167
3072,4608,1536,0.620032,70136,0.963424,45137.5
3072,4608,1792,0.685056,74058.6,1.08483,46767
3072,4608,2048,0.783872,73968.8,1.14224,50761.7
3072,4608,2304,0.883104,73864.2,1.18528,55033.3
3072,4608,2560,0.988576,73315.1,1.31504,55114.3
3072,4608,2816,1.04909,75994.9,1.39469,57163.6
3072,4608,3072,1.14909,75688.8,1.48941,58394.4
3072,4608,3328,1.23651,76198.9,1.50051,62792.5
3072,4608,3584,1.31354,77248.4,1.57802,64301.4
3072,4608,3840,1.41878,76626.4,1.67709,64824.5
3072,4608,4096,1.47664,78532.4,1.82352,63593.6
3072,4608,4352,1.59101,77442.7,1.84762,66687
3072,4608,4608,1.66592,78310.9,1.93072,67570.5
3072,4608,4864,1.74522,78905.6,2.03373,67711.8
3072,4608,5120,1.86515,77717.6,2.1063,68819.7
3072,4608,5376,1.92742,78967,2.28397,66639.7
3072,4608,5632,2.0072,79439.3,2.36026,67556.5
3072,4608,5888,2.09869,79429.8,2.44931,68059.3
3072,4608,6144,2.19155,79371.2,2.49773,69641.8
3072,4864,256,0.181312,42194.7,0.506144,15115.1
3072,4864,512,0.272192,56213.3,0.575456,26589
3072,4864,768,0.364928,62892.5,0.726656,31584.7
3072,4864,1024,0.448736,68195.2,0.771104,39685.5
3072,4864,1280,0.546816,69954.2,0.826336,46291.2
3072,4864,1536,0.629952,72866.6,0.985504,46577.7
3072,4864,1792,0.710144,75411.3,1.04662,51167.3
3072,4864,2048,0.790688,77405.1,1.14163,53610.3
3072,4864,2304,0.88816,77524,1.1975,57497.7
3072,4864,2560,0.989952,77280.6,1.30902,58443.6
3072,4864,2816,1.05171,80016.7,1.4416,58375.8
3072,4864,3072,1.1577,79299.7,1.50774,60888.9
3072,4864,3328,1.24227,80059.2,1.53453,64811.7
3072,4864,3584,1.32291,80962.1,1.5848,67583.1
3072,4864,3840,1.4328,80092.2,1.69094,67865.1
3072,4864,4096,1.48058,82675,1.73866,70403
3072,4864,4352,1.60685,80939.2,1.88573,68969.1
3072,4864,4608,1.6783,82051.5,2.02256,68085.7
3072,4864,4864,1.75898,82637.7,2.02822,71667.5
3072,4864,5120,1.88077,81354.1,2.18944,69884.6
3072,4864,5376,1.94256,82704.6,2.21536,72520.3
3072,4864,5632,2.02266,83211.9,2.34387,71808.1
3072,4864,5888,2.11104,83352,2.35418,74743.5
3072,4864,6144,2.20928,83108.5,2.53171,72524
3072,5120,256,0.18912,42581.8,0.542272,14850.6
3072,5120,512,0.270976,59437.5,0.586624,27455.6
3072,5120,768,0.364256,66324.8,0.667808,36176.9
3072,5120,1024,0.45008,71570.1,0.782816,41149.2
3072,5120,1280,0.55008,73199,0.845088,47646.3
3072,5120,1536,0.63328,76298.6,0.932288,51827.7
3072,5120,1792,0.714336,78914.5,1.03891,54260.1
3072,5120,2048,0.788864,81667.4,1.07571,59890.1
3072,5120,2304,0.887584,81657.1,1.23328,58768.1
3072,5120,2560,0.980448,82136.6,1.34579,59838.8
3072,5120,2816,1.05258,84159,1.40912,62864.6
3072,5120,3072,1.15078,83974.7,1.46243,66079.5
3072,5120,3328,1.24032,84405.5,1.51421,69138.3
3072,5120,3584,1.31933,85454.8,1.62554,69357.4
3072,5120,3840,1.4241,84822.9,1.90374,63451.8
3072,5120,4096,1.48413,86818,1.96918,65432.7
3072,5120,4352,1.59322,85928.1,1.86269,73497.1
3072,5120,4608,1.67152,86720.6,1.94886,74379.3
3072,5120,4864,1.75203,87331.9,2.00637,76261.3
3072,5120,5120,1.86147,86523.6,2.15408,74770.3
3072,5120,5376,1.93888,87222.7,2.19894,76907.1
3072,5120,5632,2.01667,87851.4,2.30698,76796.4
3072,5120,5888,2.09866,88256.7,2.44752,75676.8
3072,5120,6144,2.18787,88338.6,2.41856,79912.6
3072,5376,256,0.205984,41050.4,0.52784,16019.5
3072,5376,512,0.300928,56197.6,0.576064,29356.9
3072,5376,768,0.420736,60292.3,0.79488,31913.2
3072,5376,1024,0.500416,67589.5,0.854976,39560
3072,5376,1280,0.624288,67722.9,0.887616,47631.6
3072,5376,1536,0.722784,70192.9,1.05677,48008.9
3072,5376,1792,0.812448,72853.9,1.09574,54018.1
3072,5376,2048,0.914144,73999,1.24454,54353.8
3072,5376,2304,1.0369,73393.5,1.24723,61016.3
3072,5376,2560,1.1543,73253.8,1.42749,59234.9
3072,5376,2816,1.18502,78490.3,1.56237,59533.3
3072,5376,3072,1.35062,75127.2,1.68291,60293.5
3072,5376,3328,1.40026,78503,1.78656,61528.5
3072,5376,3584,1.49056,79419.8,1.93373,61218.6
3072,5376,3840,1.61638,78468.8,1.96221,64639.3
3072,5376,4096,1.73779,77852.5,2.14243,63148.5
3072,5376,4352,1.80627,79582.2,2.08435,68964.9
3072,5376,4608,1.9569,77777.7,2.24653,67750.3
3072,5376,4864,1.98176,81068.7,2.33965,68667.9
3072,5376,5120,2.18074,77549.2,2.45795,68802.9
3072,5376,5376,2.26925,78250.6,2.62493,67647.6
3072,5376,5632,2.35744,78910.1,2.67616,69512.2
3072,5376,5888,2.45853,79104.8,2.71584,71610.1
3072,5376,6144,2.57363,78852.5,2.7977,72537.3
3072,5632,256,0.215264,41151.2,0.583488,15181.8
3072,5632,512,0.319584,55436.9,0.614016,28853.9
3072,5632,768,0.427296,62193.7,0.877248,30293.7
3072,5632,1024,0.52224,67849,0.844064,41979.6
3072,5632,1280,0.64528,68639.7,0.909472,48700.6
3072,5632,1536,0.742624,71570.8,1.04576,50824.5
3072,5632,1792,0.834752,74283.8,1.12742,55000.2
3072,5632,2048,0.921792,76879.6,1.38941,51005.1
3072,5632,2304,1.04928,75981,1.32342,60241.7
3072,5632,2560,1.16275,76184.5,1.46163,60606
3072,5632,2816,1.23331,79008.5,1.53981,63282
3072,5632,3072,1.36291,77995.1,1.61664,65753.9
3072,5632,3328,1.45776,78997.1,1.91296,60199.3
3072,5632,3584,1.55213,79901.4,1.972,62889
3072,5632,3840,1.68762,78735.7,2.16915,61256.9
3072,5632,4096,1.73923,81492.2,2.66032,53277
3072,5632,4352,1.8881,79758.8,2.29021,65754.9
3072,5632,4608,1.9736,80791.8,2.22499,71663.5
3072,5632,4864,2.06995,81310.6,2.30173,73122.9
3072,5632,5120,2.20118,80487.3,2.46691,71817.5
3072,5632,5376,2.29536,81044.3,2.5752,72237.4
3072,5632,5632,2.37005,82227.9,2.59779,75019.2
3072,5632,5888,2.47984,82159.5,2.81075,72486.8
3072,5632,6144,2.60419,81637.9,2.78387,76368.8
3072,5888,256,0.213568,43363.3,0.491424,18845.3
3072,5888,512,0.324576,57065.4,0.626752,29552.4
3072,5888,768,0.429792,64643.1,0.896576,30988
3072,5888,1024,0.5248,70587.1,0.88512,41852.1
3072,5888,1280,0.646848,71585.8,0.95088,48697.1
3072,5888,1536,0.746336,74451.9,1.00557,55258.5
3072,5888,1792,0.840928,77090,1.09853,59012.8
3072,5888,2048,0.92688,79932.9,1.26262,58677.9
3072,5888,2304,1.05037,79352.4,1.72746,48249.7
3072,5888,2560,1.17101,79085.9,1.83875,50365.8
3072,5888,2816,1.23216,82677,7.07882,14391
3072,5888,3072,1.35853,81803.4,2.04394,54371.7
3072,5888,3328,1.45866,82537.1,1.97184,61056.3
3072,5888,3584,1.5535,83459.3,2.1001,61737.3
3072,5888,3840,1.68208,82585.5,2.22054,62559.1
3072,5888,4096,1.74086,85116.6,2.29456,64577.2
3072,5888,4352,1.88323,83599.6,2.10538,74778.8
3072,5888,4608,1.96995,84620.5,2.24672,74196.3
3072,5888,4864,2.06205,85332.4,2.52138,69787.1
3072,5888,5120,2.19456,84399.8,2.5209,73474.1
3072,5888,5376,2.2857,85086.3,2.57296,75586.7
3072,5888,5632,2.36749,86058.5,2.63213,77406
3072,5888,5888,2.47472,86071.8,2.67318,79681.6
3072,5888,6144,2.59098,85784.1,2.84426,78145.1
3072,6144,256,0.236416,40875.7,0.5648,17109.9
3072,6144,512,0.359168,53811.5,0.806368,23968.4
3072,6144,768,0.471264,61517.6,0.800352,36222.8
3072,6144,1024,0.587776,65764.3,0.959264,40296.2
3072,6144,1280,0.715648,67517,1.1647,41485.5
3072,6144,1536,0.82912,69932,1.16112,49936.3
3072,6144,1792,0.933632,72454.4,1.35773,49822.7
3072,6144,2048,1.01616,76080,1.35206,57178.8
3072,6144,2304,1.16198,74848.8,1.7641,49301.8
3072,6144,2560,1.29046,74885.3,1.88387,51296.9
3072,6144,2816,1.36304,77987.8,1.94483,54657.9
3072,6144,3072,1.50627,76987.5,2.01923,57429.8
3072,6144,3328,1.60813,78120.5,2.18163,57584.3
3072,6144,3584,1.71398,78933.9,2.21456,61091.8
3072,6144,3840,1.85606,78098.1,2.41206,60095.9
3072,6144,4096,1.90538,81148.7,2.40538,64280.5
3072,6144,4352,2.14208,76693,2.24762,73091.9
3072,6144,4608,2.17078,80130.6,2.4025,72402.3
3072,6144,4864,2.2823,80449.3,2.60896,70376.6
3072,6144,5120,2.40752,80279.1,2.78602,69372.7
3072,6144,5376,2.51373,80731.6,2.78163,72956.2
3072,6144,5632,2.61082,81430.8,2.90992,73060.7
3072,6144,5888,2.72205,81653.4,3.06573,72499.8
3072,6144,6144,2.95366,78522.2,3.09072,75040.2
3328,256,256,0.023328,18698.9,0.39856,1094.46
3328,256,512,0.034976,24943.3,0.389696,2238.71
3328,256,768,0.044608,29336.1,0.541056,2418.65
3328,256,1024,0.055072,31682.7,0.477056,3657.5
3328,256,1280,0.063264,34475.2,0.490976,4442.25
3328,256,1536,0.074304,35223.5,0.488128,5361.8
3328,256,1792,0.08112,37641.2,0.44704,6830.38
3328,256,2048,0.090432,38588.8,0.476704,7320.39
3328,256,2304,0.10128,38762.5,0.472928,8301.2
3328,256,2560,0.111168,39238.6,0.574336,7594.99
3328,256,2816,0.120352,39868.7,0.577728,8305.44
3328,256,3072,0.129984,40270.3,0.572928,9136.39
3328,256,3328,0.141184,40165.3,0.722848,7844.94
3328,256,3584,0.148576,41102.9,0.551424,11074.8
3328,256,3840,0.156096,41917.2,0.668224,9791.8
3328,256,4096,0.16288,42849.5,0.547488,12747.9
3328,256,4352,0.173632,42708.3,0.55792,13291.4
3328,256,4608,0.184768,42495.1,0.456384,17204.2
3328,256,4864,0.19744,41977,0.860288,9633.92
3328,256,5120,0.208672,41808,0.4888,17848.1
3328,256,5376,0.215232,42560.4,0.504864,18144.2
3328,256,5632,0.224576,42731.9,0.478048,20074.5
3328,256,5888,0.232672,43119.8,0.697344,14387.1
3328,256,6144,0.243808,42939.5,0.595456,17581.5
3328,512,256,0.033248,26239.6,0.34592,2522.01
3328,512,512,0.047104,37042.1,0.525824,3318.28
3328,512,768,0.063392,41286.7,0.431968,6058.89
3328,512,1024,0.07744,45062.8,0.490656,7112.24
3328,512,1280,0.090336,48287.2,0.543008,8033.17
3328,512,1536,0.104704,49993.2,0.429472,12188.2
3328,512,1792,0.118656,51467.3,0.499392,12228.7
3328,512,2048,0.1336,52240.4,0.476384,14650.6
3328,512,2304,0.147424,53259.6,0.457728,17153.7
3328,512,2560,0.164352,53082.1,0.536384,16264.8
3328,512,2816,0.176736,54298.9,0.540928,17740.9
3328,512,3072,0.191712,54607.9,0.558784,18735.3
3328,512,3328,0.205216,55265.7,0.54096,20965.3
3328,512,3584,0.219392,55671.2,0.671296,18194.4
3328,512,3840,0.234112,55897.3,0.575968,22720.4
3328,512,4096,0.248096,56263.1,0.587328,23766.4
3328,512,4352,0.262976,56397,0.622144,23838.6
3328,512,4608,0.279168,56251,0.525952,29857.2
3328,512,4864,0.290816,56997.9,0.667232,24842.8
3328,512,5120,0.306624,56904.6,0.739808,23584.9
3328,512,5376,0.319392,57361.2,0.587296,31195
3328,512,5632,0.33392,57478.2,0.689888,27820.7
3328,512,5888,0.348896,57511.6,0.685152,29286.3
3328,512,6144,0.364352,57466.3,0.638336,32800.9
3328,768,256,0.036192,36157.8,0.368032,3555.73
3328,768,512,0.053408,49004.7,0.354528,7382.34
3328,768,768,0.06384,61495.4,0.507616,7733.93
3328,768,1024,0.079168,66118.8,0.487328,10741.2
3328,768,1280,0.093824,69738.2,0.474784,13781.2
3328,768,1536,0.108512,72358.2,0.522208,15035.7
3328,768,1792,0.12224,74937.5,0.457632,20016.9
3328,768,2048,0.135488,77268.7,0.603488,17347.5
3328,768,2304,0.151232,77877.7,0.583936,20169.3
3328,768,2560,0.166624,78537.5,0.625024,20937.2
3328,768,2816,0.181408,79350.7,0.646944,22250.5
3328,768,3072,0.192992,81368.5,0.602944,26044.7
3328,768,3328,0.209472,81214.2,0.729888,23307.8
3328,768,3584,0.221152,82842.2,0.701024,26134.2
3328,768,3840,0.237984,82481.8,0.814848,24089.6
3328,768,4096,0.25184,83140,0.752672,27818.2
3328,768,4352,0.266592,83448.1,0.635296,35017.7
3328,768,4608,0.281088,83800.1,0.71696,32854.3
3328,768,4864,0.292416,85029,0.662752,37516
3328,768,5120,0.310592,84266.4,0.722272,36236.3
3328,768,5376,0.324704,84634.3,0.626048,43896.1
3328,768,5632,0.337472,85309.9,0.83184,34609.7
3328,768,5888,0.352736,85328.2,0.698112,43113.9
3328,768,6144,0.369696,84953.4,0.72144,43533.7
3328,1024,256,0.05104,34185.5,0.388096,4495.87
3328,1024,512,0.076256,45762.4,0.426176,8188.31
3328,1024,768,0.09904,52852.3,0.429536,12186.4
3328,1024,1024,0.122272,57080.3,0.641184,10885.1
3328,1024,1280,0.153472,56845.2,0.589344,14803.2
3328,1024,1536,0.173504,60338.6,0.555424,18848.6
3328,1024,1792,0.196384,62193.5,0.570272,21417.5
3328,1024,2048,0.21664,64432.4,0.623712,22380
3328,1024,2304,0.244256,64291,0.572,27453.6
3328,1024,2560,0.267168,65308.4,0.688096,25357.4
3328,1024,2816,0.28912,66384.7,0.741568,25881.8
3328,1024,3072,0.31296,66903,0.76704,27297.1
3328,1024,3328,0.339232,66865.1,0.785504,28876.7
3328,1024,3584,0.360096,67836.4,0.829792,29438.3
3328,1024,3840,0.457824,57167.1,0.828288,31598.3
3328,1024,4096,0.40304,69266.8,0.742816,37583
3328,1024,4352,0.431968,68667.4,0.8464,35045
3328,1024,4608,0.456064,68865.2,0.9944,31583.8
3328,1024,4864,0.47888,69227.7,0.862624,38431.3
3328,1024,5120,0.503264,69340.6,0.779904,44744.7
3328,1024,5376,0.524064,69917.9,0.841216,43557.7
3328,1024,5632,0.550112,69779,0.885568,43346.5
3328,1024,5888,0.573088,70026.1,0.940608,42665.1
3328,1024,6144,0.598848,69927.5,0.953728,43907.6
3328,1280,256,0.060928,35797,0.454624,4797.45
3328,1280,512,0.090432,48236,0.481728,9055.06
3328,1280,768,0.119072,54950.9,0.505824,12935.6
3328,1280,1024,0.146848,59409.4,0.52736,16543.1
3328,1280,1280,0.176576,61759.2,0.520448,20953.5
3328,1280,1536,0.204704,63927.6,0.539456,24258.2
3328,1280,1792,0.232704,65608.1,0.598432,25512.1
3328,1280,2048,0.26,67108.9,0.598464,29155.1
3328,1280,2304,0.289728,67750.9,0.760224,25820.5
3328,1280,2560,0.321536,67831.8,0.722208,30199.6
3328,1280,2816,0.346976,69144.3,0.764224,31393.2
3328,1280,3072,0.378944,69066.8,0.842592,31061.8
3328,1280,3328,0.403584,70254.3,0.760576,37279
3328,1280,3584,0.432928,70530.3,0.877888,34781.8
3328,1280,3840,0.463744,70546.6,0.922944,35447
3328,1280,4096,0.490112,71201.3,1.02778,33953.5
3328,1280,4352,0.522784,70923.5,0.949824,39036.3
3328,1280,4608,0.54752,71702.7,0.938048,41851.5
3328,1280,4864,0.575904,71956,1.02694,40352.5
3328,1280,5120,0.609888,71522.6,1.21322,35954.7
3328,1280,5376,0.638624,71719.5,1.104,41487.1
3328,1280,5632,0.662176,72462.4,1.06,45266.8
3328,1280,5888,0.695296,72147.5,1.13491,44200.7
3328,1280,6144,0.721984,72501.5,1.05578,49579.6
3328,1536,256,0.06384,40997,0.428384,6109.58
3328,1536,512,0.093568,55943.2,0.500896,10450.3
3328,1536,768,0.124032,63304.1,0.601888,13045.2
3328,1536,1024,0.150112,69741.1,0.47936,21839.5
3328,1536,1280,0.180544,72482.2,0.563456,23224.9
3328,1536,1536,0.208512,75312.1,0.563232,27881
3328,1536,1792,0.236288,77535.6,0.594176,30833.8
3328,1536,2048,0.263424,79483.9,0.601536,34807.5
3328,1536,2304,0.293024,80386.6,0.63456,37120.5
3328,1536,2560,0.324288,80707.4,0.739232,35404.9
3328,1536,2816,0.349504,82373,0.7664,37564.9
3328,1536,3072,0.380864,82462.4,0.731808,42916.9
3328,1536,3328,0.406048,83793.5,0.719648,47278.9
3328,1536,3584,0.433536,84517.6,0.770048,47583.3
3328,1536,3840,0.465568,84324.3,0.835296,46999.7
3328,1536,4096,0.49152,85196.8,0.87792,47699
3328,1536,4352,0.523552,84983.3,0.935008,47585.9
3328,1536,4608,0.55248,85270.8,0.95024,49577.4
3328,1536,4864,0.58112,85572.1,0.98864,50299.1
3328,1536,5120,0.61072,85710.2,0.944384,55427.6
3328,1536,5376,0.656576,83710.3,0.998496,55044.9
3328,1536,5632,0.66352,86778.7,1.01302,56839.1
3328,1536,5888,0.693088,86852.8,1.11066,54199.2
3328,1536,6144,0.723264,86847.8,1.06211,59140.6
3328,1792,256,0.079424,38445,0.50144,6089.37
3328,1792,512,0.120096,50850.2,0.515904,11837.3
3328,1792,768,0.173856,52689.4,0.622304,14720.1
3328,1792,1024,0.195712,62407.1,0.533184,22907.3
3328,1792,1280,0.237984,64152.5,0.590048,25874.6
3328,1792,1536,0.274752,66680.9,0.629152,29119.7
3328,1792,1792,0.31312,68261.9,0.678784,31488.9
3328,1792,2048,0.348224,70149.2,0.768512,31785.6
3328,1792,2304,0.390144,70438.3,0.890624,30856
3328,1792,2560,0.429056,71166.8,0.939168,32512.3
3328,1792,2816,0.46688,71941.4,0.933984,35962.1
3328,1792,3072,0.561024,65311.7,0.99392,36865.6
3328,1792,3328,0.544704,72874.2,1.04,38168.2
3328,1792,3584,0.57872,73867.1,1.0592,40359.1
3328,1792,3840,0.620896,73767.3,1.1361,40315.1
3328,1792,4096,0.650016,75160.1,1.17354,41630.8
3328,1792,4352,0.696,74581.5,1.12029,46335.1
3328,1792,4608,0.733312,74950.6,1.0944,50221.3
3328,1792,4864,0.769696,75374.7,1.13504,51113.3
3328,1792,5120,0.909952,67112.4,1.24467,49064.4
3328,1792,5376,0.845728,75819.3,1.28672,49834.1
3328,1792,5632,0.880928,76255.9,1.22646,54772.1
3328,1792,5888,0.9232,76071.7,1.29386,54279.2
3328,1792,6144,1.07683,68054.1,1.408,52047.5
3328,2048,256,0.089472,39002.8,0.438944,7950.13
3328,2048,512,0.133184,52403.6,0.499136,13982.8
3328,2048,768,0.176896,59181.6,0.500768,20905.9
3328,2048,1024,0.218432,63903.8,0.57328,24348.7
3328,2048,1280,0.264576,65948.2,0.68144,25605
3328,2048,1536,0.306048,68414,0.665152,31478.5
3328,2048,1792,0.34832,70129.8,0.72272,33799.6
3328,2048,2048,0.3896,71656.3,0.776448,35955.1
3328,2048,2304,0.435936,72044.9,0.772992,40630.4
3328,2048,2560,0.484384,72043.3,0.90624,38507
3328,2048,2816,0.520864,73697.3,0.882272,43508.4
3328,2048,3072,0.56832,73683.7,0.893024,46892.3
3328,2048,3328,0.605952,74866.6,0.94608,47951.1
3328,2048,3584,0.647872,75408.8,0.96624,50562.2
3328,2048,3840,0.696256,75180.6,1.0319,50726.5
3328,2048,4096,0.73264,76210.1,1.03616,53886.1
3328,2048,4352,0.784672,75603.9,1.09626,54115.3
3328,2048,4608,0.822528,76366.9,1.22038,51470.6
3328,2048,4864,0.867104,76465.5,1.21606,54523.1
3328,2048,5120,0.917472,76071.2,1.30406,53519.8
3328,2048,5376,0.956,76655.7,1.30886,55989.7
3328,2048,5632,0.994176,77222.3,1.34608,57034.2
3328,2048,5888,1.03904,77246.5,1.42765,56219.9
3328,2048,6144,1.08816,76966.5,1.55056,54013.9
3328,2304,256,0.090976,43152.8,0.403904,9719.81
3328,2304,512,0.136672,57449.5,0.465568,16864.9
3328,2304,768,0.180672,65187.8,0.479328,24571.1
3328,2304,1024,0.22304,70406.5,0.583392,26917.5
3328,2304,1280,0.268448,73121.6,0.648352,30275.7
3328,2304,1536,0.314528,74890.7,0.679136,34684.1
3328,2304,1792,0.350432,78420.6,0.69664,39448
3328,2304,2048,0.39136,80250.8,0.729056,43078.9
3328,2304,2304,0.436416,80961.3,0.82592,42780
3328,2304,2560,0.488,80448.1,0.855872,45869.8
3328,2304,2816,0.522624,82630.3,0.872672,49485.4
3328,2304,3072,0.570208,82619.7,0.915456,51461.2
3328,2304,3328,0.609536,83729.7,0.923488,55264.7
3328,2304,3584,0.6496,84609.2,0.9856,55765.2
3328,2304,3840,0.703104,83754.4,1.08438,54305.5
3328,2304,4096,0.7336,85624.2,1.06618,58915.1
3328,2304,4352,0.784448,85078.6,1.14371,58353.6
3328,2304,4608,0.824032,85755.9,1.15766,61041.6
3328,2304,4864,0.864192,86313.6,1.23037,60625.4
3328,2304,5120,0.917344,85592.1,1.27565,61551
3328,2304,5376,0.955776,86257.9,1.2871,64053.3
3328,2304,5632,0.993632,86922.6,1.36854,63110.2
3328,2304,5888,1.03907,86899.6,1.42198,63499.3
3328,2304,6144,1.08515,86827.3,1.45818,64615.5
3328,2560,256,0.108832,40080.8,0.395776,11021.6
3328,2560,512,0.162016,53847.5,0.488384,17863.3
3328,2560,768,0.23344,56058.2,0.5632,23235.5
3328,2560,1024,0.273248,63855.2,0.608864,28657.1
3328,2560,1280,0.330656,65960.9,0.67872,32134.6
3328,2560,1536,0.383808,68191.5,0.774336,33799.9
3328,2560,1792,0.434592,70260.2,0.838432,36418.6
3328,2560,2048,0.47568,73361.5,0.913568,38198.2
3328,2560,2304,0.538912,72848,0.934272,42020.6
3328,2560,2560,0.593152,73540.6,1.04992,41546.7
3328,2560,2816,0.637184,75304.5,1.06845,44908.9
3328,2560,3072,0.709856,73740.2,1.23318,42447
3328,2560,3328,0.754592,75149.2,1.11245,50975
3328,2560,3584,0.802976,76053.4,1.16717,52322.4
3328,2560,3840,0.852192,76779.8,1.21709,53760.4
3328,2560,4096,0.888576,78545,1.26227,55291.7
3328,2560,4352,1.03178,71871.5,1.42893,51895.8
3328,2560,4608,1.00877,77834.9,1.49526,52510.7
3328,2560,4864,1.05904,78259,1.49939,55275.4
3328,2560,5120,1.1248,77561.8,1.51731,57497.4
3328,2560,5376,1.1665,78528.9,1.59699,57360.1
3328,2560,5632,1.2183,78769.9,1.67677,57232.5
3328,2560,5888,1.28102,78318.4,1.63962,61189.8
3328,2560,6144,1.33581,78371.9,1.77722,58906.6
3328,2816,256,0.118944,40340.7,0.47136,10179.7
3328,2816,512,0.17712,54181.2,0.544,17640.7
3328,2816,768,0.236256,60929,0.551584,26097.3
3328,2816,1024,0.294208,65236.6,0.63024,30453.7
3328,2816,1280,0.355616,67464.4,0.844,28425.9
3328,2816,1536,0.411424,69975.7,0.901504,31935.2
3328,2816,1792,0.465312,72183.8,0.908544,36969
3328,2816,2048,0.521376,73624.9,0.929024,41318.9
3328,2816,2304,0.584576,73873.3,0.986624,43770
3328,2816,2560,0.647552,74098.8,1.25136,38344.5
3328,2816,2816,0.698464,75567.4,1.28605,41041.3
3328,2816,3072,0.760992,75663.6,1.27299,45231.6
3328,2816,3328,0.811232,76892.5,1.17974,52873.9
3328,2816,3584,0.870016,77212.3,1.33981,50138.5
3328,2816,3840,0.940352,76539.7,1.40208,51333.9
3328,2816,4096,0.982016,78178.5,1.44397,53167.8
3328,2816,4352,1.04608,77977.6,1.4359,56808
3328,2816,4608,1.10272,78323.7,1.42032,60809.6
3328,2816,4864,1.15731,78775.1,1.51766,60070.9
3328,2816,5120,1.23229,77876,1.5913,60306.6
3328,2816,5376,1.27894,78786.8,1.62096,62163.1
3328,2816,5632,1.32915,79420.7,1.64227,64278.2
3328,2816,5888,1.39293,79229.2,1.68739,65403
3328,2816,6144,1.46822,78434.1,1.78534,64502.3
3328,3072,256,0.119136,43937.1,0.477856,10954.1
3328,3072,512,0.180288,58068.1,0.509952,20529.3
3328,3072,768,0.24016,65387.5,0.639328,24562.5
3328,3072,1024,0.295008,70974.2,0.61088,34275.1
3328,3072,1280,0.358976,72908.7,0.692064,37818
3328,3072,1536,0.413664,75923.8,0.756352,41524.2
3328,3072,1792,0.464928,78811,0.855968,42807
3328,3072,2048,0.521184,80347.7,0.911424,45945.6
3328,3072,2304,0.584896,80545,1.18746,39673.4
3328,3072,2560,0.648544,80711.4,1.22496,42731.9
3328,3072,2816,0.698432,82441,1.32464,43468
3328,3072,3072,0.76736,81857.1,1.29299,48580.3
3328,3072,3328,0.814688,83526.9,1.39149,48903.3
3328,3072,3584,0.870464,84188.3,1.37306,53372.1
3328,3072,3840,0.937184,83780.1,1.47837,53110.8
3328,3072,4096,0.9784,85600.8,1.50314,55718.1
3328,3072,4352,1.05139,84636.7,1.44195,61712.4
3328,3072,4608,1.10445,85310.4,1.38899,67834
3328,3072,4864,1.15715,85948.4,1.51072,65833.1
3328,3072,5120,1.22986,85123.6,1.55514,67318.8
3328,3072,5376,1.2768,86093.6,1.66947,65843.8
3328,3072,5632,1.33315,86380.9,1.71888,66996.4
3328,3072,5888,1.3881,86732.7,1.69174,71165.2
3328,3072,6144,1.46019,86035.1,1.78685,70306.9
3328,3328,256,0.135488,41853.9,0.503392,11265
3328,3328,512,0.210784,53805.8,0.52752,21499.5
3328,3328,768,0.28272,60173,0.628448,27070
3328,3328,1024,0.350432,64728.1,0.698624,32467.8
3328,3328,1280,0.426016,66555,0.867328,32690.6
3328,3328,1536,0.490528,69362.4,0.900064,37802
3328,3328,1792,0.555744,71426.6,1.00982,39308.7
3328,3328,2048,0.608768,74520.3,1.09485,41435.5
3328,3328,2304,0.693024,73642.9,1.12739,45269.3
3328,3328,2560,0.764544,74171,1.20141,47200.4
3328,3328,2816,0.81808,76248.9,1.25578,49672.6
3328,3328,3072,0.946976,71858.6,1.27776,53256
3328,3328,3328,0.959776,76808.6,1.45235,50758.4
3328,3328,3584,1.02678,77318.9,1.47837,53701
3328,3328,3840,1.09939,77370.5,1.54675,54993
3328,3328,4096,1.14221,79434.9,1.63482,55499.3
3328,3328,4352,1.23997,77745.5,1.61395,59730.3
3328,3328,4608,1.37379,74299.9,1.78602,57151
3328,3328,4864,1.3591,79275.2,1.78262,60440.8
3328,3328,5120,1.5351,73880.3,1.92982,58769.1
3328,3328,5376,1.50099,79337.3,1.90781,62419.6
3328,3328,5632,1.56346,79794.6,2.03091,61428.3
3328,3328,5888,1.73539,75156.6,1.9873,65629.9
3328,3328,6144,1.70941,79616.3,2.05917,66093.1
3328,3584,256,0.145024,42109.6,0.510432,11964.2
3328,3584,512,0.228256,53509.3,0.585536,20859.2
3328,3584,768,0.296928,61700.9,0.664672,27563.5
3328,3584,1024,0.370432,65943.6,0.68128,35855.5
3328,3584,1280,0.448416,68094.2,0.818624,37299.8
3328,3584,1536,0.519648,70512,0.904224,40522.5
3328,3584,1792,0.586528,72883.7,0.940288,45463
3328,3584,2048,0.654944,74594.5,1.02493,47667
3328,3584,2304,0.73216,75068.5,1.06694,51513.6
3328,3584,2560,0.813088,75107.6,1.15907,52687.9
3328,3584,2816,0.87088,77135.7,1.1697,57430.3
3328,3584,3072,0.95648,76617.3,1.2793,57283.8
3328,3584,3328,1.02186,77691.8,1.51994,52232.3
3328,3584,3584,1.0888,78523.8,1.60595,53237.4
3328,3584,3840,1.18067,77586,1.64774,55593.3
3328,3584,4096,1.22672,79651.8,1.72906,56510.9
3328,3584,4352,1.31667,78848.4,1.65683,62660.2
3328,3584,4608,1.38662,79274.8,1.63168,67368.8
3328,3584,4864,1.45088,79973,1.81891,63791.6
3328,3584,5120,1.55446,78572.5,1.87696,65072.3
3328,3584,5376,1.60339,79983.6,1.85174,69256.4
3328,3584,5632,1.66918,80489.6,1.96874,68242.7
3328,3584,5888,1.74192,80634.5,2.04074,68827.5
3328,3584,6144,1.82566,80280.8,2.16704,67634.1
3328,3840,256,0.150304,43532.5,0.510784,12809.9
3328,3840,512,0.227904,57419.9,0.557344,23479.6
3328,3840,768,0.30016,65396.3,0.623712,31471.8
3328,3840,1024,0.372576,70247.3,0.737728,35477.1
3328,3840,1280,0.454304,72012.5,0.912128,35867.3
3328,3840,1536,0.521824,75233.6,0.889952,44113.3
3328,3840,1792,0.608064,75324,0.875328,52325.3
3328,3840,2048,0.654656,79957.9,0.980928,53362.6
3328,3840,2304,0.734464,80178.2,1.01197,58191.6
3328,3840,2560,0.816384,80147.5,1.18019,55441.1
3328,3840,2816,0.873504,82397.2,1.20394,59782.5
3328,3840,3072,0.959712,81813.5,1.33382,58866.4
3328,3840,3328,1.01958,83426.7,1.45952,58279.8
3328,3840,3584,1.09149,83925.4,1.51702,60383.7
3328,3840,3840,1.17882,83258.7,1.59194,61652.4
3328,3840,4096,1.23098,85046.2,1.75488,59656.4
3328,3840,4352,1.31869,84351.2,1.61562,68848.6
3328,3840,4608,1.38768,84872.6,1.7104,68858.8
3328,3840,4864,1.45123,85664.6,1.73101,71818.9
3328,3840,5120,1.54982,84436.9,1.83318,71385.2
3328,3840,5376,1.60854,85422.2,1.95728,70202.2
3328,3840,5632,1.67424,85978.4,1.93478,74400.3
3328,3840,5888,1.74458,86262.6,2.09446,71852.1
3328,3840,6144,1.82534,86030.2,2.11283,74324.3
3328,4096,256,0.169408,41198.3,0.524128,13316.1
3328,4096,512,0.254816,54779.3,0.5848,23869.1
3328,4096,768,0.347584,60238.6,0.679168,30828.8
3328,4096,1024,0.427072,65369,0.73088,38196.8
3328,4096,1280,0.520896,66993.4,0.894592,39008.4
3328,4096,1536,0.60048,69737.4,0.980608,42704
3328,4096,1792,0.67888,71964.5,1.09683,44542.1
3328,4096,2048,0.741408,75308.8,1.1719,47644.3
3328,4096,2304,0.843136,74500.3,1.13712,55239.5
3328,4096,2560,0.937888,74415.3,1.24294,56151.5
3328,4096,2816,0.999744,76792.2,1.38531,55419
3328,4096,3072,1.10646,75693.3,1.5767,53118.3
3328,4096,3328,1.17363,77308,1.57798,57498.2
3328,4096,3584,1.25165,78065.5,1.62749,60037.6
3328,4096,3840,1.34922,77593.1,1.93165,54197.2
3328,4096,4096,1.38973,80353.2,1.92816,57914.9
3328,4096,4352,1.50755,78702.7,1.86141,63741.2
3328,4096,4608,1.66221,75578.9,1.93622,64882.9
3328,4096,4864,1.66675,79560.2,2.22902,59491.1
3328,4096,5120,1.7832,78278.6,2.24915,62061.8
3328,4096,5376,1.83366,79930.5,2.2831,64195.8
3328,4096,5632,1.91251,80284.5,2.33565,65739.8
3328,4096,5888,1.99443,80486.3,2.2784,70454.9
3328,4096,6144,2.08074,80502.2,2.32854,71935
3328,4352,256,0.179104,41403.5,0.534016,13886.3
3328,4352,512,0.26912,55109.5,0.572224,25918.3
3328,4352,768,0.361664,61511.8,0.716128,31065.1
3328,4352,1024,0.444288,66763.3,0.8144,36422
3328,4352,1280,0.544384,68109.4,0.845952,43829.5
3328,4352,1536,0.629952,70629.5,0.997568,44601.6
3328,4352,1792,0.718272,72268.9,1.15229,45048.4
3328,4352,2048,0.786336,75443.9,1.13085,52460
3328,4352,2304,0.886848,75255,1.25069,53362.4
3328,4352,2560,0.979648,75695.9,1.28189,57848.5
3328,4352,2816,1.05082,77626.2,1.35075,60389.2
3328,4352,3072,1.15168,77266.6,1.53363,58023.3
3328,4352,3328,1.23085,78321.5,1.52605,63170.9
3328,4352,3584,1.31331,79050.1,1.57898,65749.8
3328,4352,3840,1.42202,78222,1.63654,67968.2
3328,4352,4096,1.47635,80366,1.7544,67629.1
3328,4352,4352,1.58634,79468.7,1.87152,67359.2
3328,4352,4608,1.67501,79688.9,2.12774,62732.9
3328,4352,4864,1.75056,80485.7,2.12803,66209.1
3328,4352,5120,1.87181,79233.9,2.15459,68834.7
3328,4352,5376,1.93843,80336.1,2.27747,68376.7
3328,4352,5632,2.01014,81159.2,2.45456,66464.7
3328,4352,5888,2.10269,81113.9,2.45162,69569.3
3328,4352,6144,2.19475,81090.1,2.48342,71664.2
3328,4608,256,0.185056,42429,0.532448,14746.5
3328,4608,512,0.27456,57195.1,0.604096,25995
3328,4608,768,0.365664,64417.6,0.715808,32907.2
3328,4608,1024,0.449696,69840.4,0.797504,39381.6
3328,4608,1280,0.544544,72094.6,0.837152,46895.5
3328,4608,1536,0.629312,74860.2,0.98976,47597.8
3328,4608,1792,0.714144,76962.3,1.02275,53739.5
3328,4608,2048,0.796512,78861.2,1.15405,54429.2
3328,4608,2304,0.887616,79612.8,1.21562,58131.5
3328,4608,2560,0.985504,79672.3,1.35197,58076.4
3328,4608,2816,1.0544,81913,1.44029,59966.6
3328,4608,3072,1.15536,81551.1,1.53981,61190
3328,4608,3328,1.23523,82634.3,1.53168,66640.9
3328,4608,3584,1.32166,83171.2,1.57946,69596.3
3328,4608,3840,1.42618,82581.7,1.65453,71184.1
3328,4608,4096,1.48506,84594.6,1.73562,72382.3
3328,4608,4352,1.59213,83837.2,1.86829,71444.8
3328,4608,4608,1.67088,84584.9,2.02637,69746.1
3328,4608,4864,1.7535,85077.1,2.02154,73796.9
3328,4608,5120,1.8673,84097.4,2.17203,72298.5
3328,4608,5376,1.9417,84918.8,2.27898,72351.1
3328,4608,5632,2.02061,85488.2,2.38547,72412.6
3328,4608,5888,2.1047,85803,2.39248,75482.3
3328,4608,6144,2.2024,85562,2.49107,75646.8
3328,4864,256,0.204352,40557.2,0.554656,14942.5
3328,4864,512,0.301728,54936.5,0.638048,25979.1
3328,4864,768,0.411296,60452.4,0.74288,33469.5
3328,4864,1024,0.506848,65407.7,0.90944,36453
3328,4864,1280,0.611744,67740.3,0.99376,41699.9
3328,4864,1536,0.706976,70338.6,1.07392,46304.8
3328,4864,1792,0.79808,72694,1.19664,48482.1
3328,4864,2048,0.88368,75031.2,1.23773,53568.8
3328,4864,2304,0.99248,75156.7,1.25997,59201.1
3328,4864,2560,1.10605,74933,1.43651,57694.9
3328,4864,2816,1.17523,77573.9,1.51376,60225.8
3328,4864,3072,1.29024,77082.8,1.6585,59967.2
3328,4864,3328,1.3799,78080.3,1.71616,62781.6
3328,4864,3584,1.47811,78499.6,1.83027,63395.6
3328,4864,3840,1.58819,78277.2,1.87334,66362.2
3328,4864,4096,1.64192,80763.4,1.95763,67738.5
3328,4864,4352,1.77334,79451.6,2.07267,67977.5
3328,4864,4608,1.86451,80011.8,2.0976,71120.8
3328,4864,4864,1.95949,80363.3,2.27686,69161.3
3328,4864,5120,2.16422,76590.5,2.4815,66797.8
3328,4864,5376,2.15898,80615.5,2.5263,68893.9
3328,4864,5632,2.25139,80987.6,2.5552,71358.3
3328,4864,5888,2.34502,81288.2,2.56317,74370
3328,4864,6144,2.44995,81189.6,2.79635,71132.2
3328,5120,256,0.212384,41077.3,0.560128,15575.3
3328,5120,512,0.315008,55390,0.649344,26870.7
3328,5120,768,0.429376,60954.6,0.733184,35697
3328,5120,1024,0.524544,66527.5,0.901056,38728.6
3328,5120,1280,0.635808,68606.8,1.01446,42998.8
3328,5120,1536,0.741184,70623.4,1.06515,49143.1
3328,5120,1792,0.8336,73259.4,1.12816,54131.6
3328,5120,2048,0.920896,75788.4,1.19526,58391.5
3328,5120,2304,1.04128,75404.7,1.36624,57469.7
3328,5120,2560,1.15773,75355.8,1.49206,58470.4
3328,5120,2816,1.23494,77708.5,1.6296,58889.1
3328,5120,3072,1.35366,77338.1,1.79885,58198.3
3328,5120,3328,1.44358,78564.2,1.8361,61769.1
3328,5120,3584,1.54147,79234.7,1.89686,64389.5
3328,5120,3840,1.67552,78102.5,2.03642,64261.1
3328,5120,4096,1.7376,80332.9,2.05472,67934.5
3328,5120,4352,1.85974,79747.9,2.13069,69606.9
3328,5120,4608,1.95485,80330.9,2.20832,71110.5
3328,5120,4864,2.05395,80702.4,2.38771,69421.6
3328,5120,5120,2.18784,79751.3,2.43792,71570.5
3328,5120,5376,2.26717,80808.8,2.59187,70685.3
3328,5120,5632,2.3615,81275,2.6815,71576
3328,5120,5888,2.46125,81525.9,2.78131,72144.2
3328,5120,6144,2.57718,81243.6,2.79955,74790.4
3328,5376,256,0.21552,42503.5,0.532032,17217.7
3328,5376,512,0.315296,58106.4,0.61536,29772.4
3328,5376,768,0.429408,63997.6,0.773728,35517.8
3328,5376,1024,0.526848,69548.4,0.871872,42026.2
3328,5376,1280,0.641504,71397.5,0.893952,51235.2
3328,5376,1536,0.738784,74395.4,1.06966,51382.6
3328,5376,1792,0.837664,76549.2,1.16416,55080.5
3328,5376,2048,0.92368,79338,1.2296,59599
3328,5376,2304,1.04355,79002.5,1.32656,62148.1
3328,5376,2560,1.16426,78679.9,1.49702,61190.5
3328,5376,2816,1.23443,81627.8,1.5608,64559.2
3328,5376,3072,1.35763,80967.7,1.71146,64228.5
3328,5376,3328,1.45574,81803.3,2.00573,59372.3
3328,5376,3584,1.55274,82592.9,2.07021,61947.9
3328,5376,3840,1.67632,81968.5,2.23926,61361.9
3328,5376,4096,1.73562,84446,2.23533,65567.9
3328,5376,4352,1.87334,83127.4,2.14989,72434.5
3328,5376,4608,1.96742,83808.3,2.3143,71246.7
3328,5376,4864,2.0623,84394.4,2.40243,72446.1
3328,5376,5120,2.1991,83309.9,2.40461,76190
3328,5376,5376,2.27773,84455.9,2.57965,74571.2
3328,5376,5632,2.36627,85166.8,2.68243,75128.8
3328,5376,5888,2.4697,85309.4,2.70714,77827
3328,5376,6144,2.58954,84898.9,2.81622,78065
3328,5632,256,0.23344,41109.4,0.510752,18789.1
3328,5632,512,0.346976,55315.5,0.679936,28227.9
3328,5632,768,0.478304,60191.2,0.782784,36778.6
3328,5632,1024,0.584096,65719.1,0.929472,41299
3328,5632,1280,0.709472,67631.8,1.05088,45659.7
3328,5632,1536,0.815488,70607.3,1.13664,50657.6
3328,5632,1792,0.922304,72835,1.23389,54442.5
3328,5632,2048,1.01424,75694.6,1.308,58694.6
3328,5632,2304,1.15107,75033.6,1.41168,61181.8
3328,5632,2560,1.27248,75416.3,1.56285,61404.4
3328,5632,2816,1.35651,77818.9,1.66278,63485.2
3328,5632,3072,1.48979,77298.6,1.83482,62763.1
3328,5632,3328,1.59645,78145.6,2.06112,60528
3328,5632,3584,1.70528,78785.9,2.13453,62942.2
3328,5632,3840,1.84058,78208.4,2.27683,63223.2
3328,5632,4096,1.89981,80821.4,2.3945,64124.2
3328,5632,4352,2.05418,79419.5,2.3175,70395.4
3328,5632,4608,2.15955,79988,2.37203,72822.9
3328,5632,4864,2.25792,80753.4,2.53331,71974.9
3328,5632,5120,2.5007,76750.9,2.736,70150.3
3328,5632,5376,2.49661,80720.7,2.8144,71606
3328,5632,5632,2.59382,81395.1,2.81107,75104.6
3328,5632,5888,2.7008,81724.3,2.91715,75663.2
3328,5632,6144,2.94797,78127.6,3.08893,74562.3
3328,5888,256,0.241952,41466,0.58656,17104.4
3328,5888,512,0.364544,55042.9,0.683904,29339.7
3328,5888,768,0.48528,62022.6,0.840384,35815
3328,5888,1024,0.605024,66329.8,0.918912,43672.4
3328,5888,1280,0.747296,67127.2,1.07344,46731.9
3328,5888,1536,0.854368,70457.5,1.1936,50432.8
3328,5888,1792,0.964608,72806.2,1.26918,55334.3
3328,5888,2048,1.05955,75751.1,1.35856,59078.9
3328,5888,2304,1.20483,74944,1.65066,54702.5
3328,5888,2560,1.33728,75023.7,1.7735,56570.4
3328,5888,2816,1.41427,78033.5,1.96054,56290.8
3328,5888,3072,1.55763,77292.5,2.01443,59765.4
3328,5888,3328,1.66893,78149.6,2.13482,61094.8
3328,5888,3584,1.77997,78910.9,2.22989,62989.2
3328,5888,3840,1.93478,77782.1,2.33312,64502.3
3328,5888,4096,1.9911,80620.8,2.404,66773.9
3328,5888,4352,2.15232,79243.4,2.37421,71837.5
3328,5888,4608,2.2552,80077.1,2.50669,72043.2
3328,5888,4864,2.35869,80817.3,2.62144,72716.8
3328,5888,5120,2.51056,79924.6,2.80803,71457.7
3328,5888,5376,2.62067,80394.8,2.89325,72820.7
3328,5888,5632,2.72134,81107.4,2.91008,75847.1
3328,5888,5888,2.83181,81486.4,3.0776,74978.5
3328,5888,6144,2.96822,81121.4,3.17037,75949.1
3328,6144,256,0.247968,42219.1,0.582784,17963.7
3328,6144,512,0.366304,57160.1,0.659488,31748.8
3328,6144,768,0.494496,63513,0.82096,38256.4
3328,6144,1024,0.611712,68456.9,0.937024,44690.4
3328,6144,1280,0.749056,69881.2,1.03693,50480.8
3328,6144,1536,0.866304,72507.9,1.13046,55564.7
3328,6144,1792,0.97248,75356.7,1.28963,56824.6
3328,6144,2048,1.0633,78766.3,1.3953,60024.4
3328,6144,2304,1.2121,77733.8,1.72243,54702.2
3328,6144,2560,1.34483,77846,1.8777,55754.4
3328,6144,2816,1.42074,81055.7,1.95587,58878.5
3328,6144,3072,1.55885,80590.1,2.06768,60757.9
3328,6144,3328,1.68054,80983.8,2.17418,62596.9
3328,6144,3584,1.79101,81834.2,2.36086,62081.4
3328,6144,3840,1.95149,80469.2,2.51325,62482.8
3328,6144,4096,1.99098,84131.5,2.56506,65302.2
3328,6144,4352,2.17392,81867.2,2.41613,73660.3
3328,6144,4608,2.27366,82880.2,2.60896,72228.7
3328,6144,4864,2.38582,83371.9,2.56448,77563.7
3328,6144,5120,2.52746,82842.1,2.7095,77276
3328,6144,5376,2.64118,83238.7,2.89616,75910.4
3328,6144,5632,2.73619,84174.5,2.95645,77903.5
3328,6144,5888,2.84179,84730.5,3.05107,78918.7
3328,6144,6144,3.00515,83608.3,3.17997,79012
3584,256,256,0.021408,21943.3,0.345792,1358.51
3584,256,512,0.03488,26935.9,0.392928,2391.08
3584,256,768,0.047072,29938.9,0.41632,3385.1
3584,256,1024,0.055872,33631.3,0.562432,3340.93
3584,256,1280,0.063808,36810.6,0.443584,5295.07
3584,256,1536,0.074624,37770.3,0.444352,6343.11
3584,256,1792,0.082176,40015.8,0.472128,6964.92
3584,256,2048,0.095552,39330.4,0.414624,9063.87
3584,256,2304,0.102816,41120.6,0.473824,8922.85
3584,256,2560,0.108416,43329.6,0.443776,10585.6
3584,256,2816,0.121184,42640.8,0.46304,11159.7
3584,256,3072,0.132608,42509.8,0.471392,11958.5
3584,256,3328,0.138208,44186.3,0.466944,13078.5
3584,256,3584,0.14704,44727.1,0.452512,14533.7
3584,256,3840,0.156416,45049.3,0.573984,12276.4
3584,256,4096,0.162048,46382.5,0.492544,15259.9
3584,256,4352,0.17552,45498.8,0.556096,14360.7
3584,256,4608,0.18528,45637.5,0.56304,15018
3584,256,4864,0.197504,45191.4,0.601792,14831.5
3584,256,5120,0.206976,45392.9,0.562816,16693.3
3584,256,5376,0.215296,45820.7,0.674912,14616.7
3584,256,5632,0.225152,45901.3,0.553088,18685.6
3584,256,5888,0.235424,45893.9,0.545984,19789.1
3584,256,6144,0.243776,46248.6,0.576768,19547.4
3584,512,256,0.033632,27935.4,0.38336,2450.76
3584,512,512,0.049216,38179.6,0.37856,4963.67
3584,512,768,0.06304,44710.9,0.426752,6604.71
3584,512,1024,0.077312,48609.5,0.43264,8686.43
3584,512,1280,0.091296,51454.8,0.421728,11139
3584,512,1536,0.105216,53576.9,0.423168,13321.3
3584,512,1792,0.12,54805.6,0.472,13933.6
3584,512,2048,0.134848,55738.3,0.53712,13993.5
3584,512,2304,0.148256,57034.6,0.502464,16828.5
3584,512,2560,0.164032,57276.9,0.554912,16931
3584,512,2816,0.175968,58730.9,0.55072,18765.9
3584,512,3072,0.190656,59134.2,0.66336,16995.7
3584,512,3328,0.204416,59749.8,0.561792,21740.8
3584,512,3584,0.22112,59485.1,0.570528,23054.7
3584,512,3840,0.23456,60082.1,0.540576,26070.1
3584,512,4096,0.24752,60732,0.573408,26215.9
3584,512,4352,0.262208,60913.1,0.586944,27212
3584,512,4608,0.278048,60822,0.678464,24926.1
3584,512,4864,0.292896,60946.4,0.714048,24999.7
3584,512,5120,0.319744,58767.3,0.672832,27927.4
3584,512,5376,0.32128,61410.6,0.714976,27595.3
3584,512,5632,0.333728,61935.3,0.665632,31052.5
3584,512,5888,0.348768,61958.2,0.740768,29171.1
3584,512,6144,0.363136,62094,0.744096,30303.3
3584,768,256,0.050944,27663.4,0.377408,3734.12
3584,768,512,0.071808,39251.5,0.487424,5782.59
3584,768,768,0.09728,43460.7,0.49552,8532.17
3584,768,1024,0.119392,47215.4,0.56976,9893.89
3584,768,1280,0.14528,48502.4,0.500352,14082.9
3584,768,1536,0.169568,49866.2,0.532192,15888.5
3584,768,1792,0.195392,50488.3,0.561472,17569.9
3584,768,2048,0.214752,52499.1,0.612384,18410.5
3584,768,2304,0.239456,52968.3,0.636896,19914.7
3584,768,2560,0.26704,52774.3,0.666688,21138.6
3584,768,2816,0.293376,52840.5,0.639008,24259.7
3584,768,3072,0.318784,53049.8,0.70928,23843.1
3584,768,3328,0.339552,53955.6,0.777312,23569.3
3584,768,3584,0.360544,54722.9,0.745568,26463.1
3584,768,3840,0.383904,55064,0.772928,27349.6
3584,768,4096,0.40224,56057.5,0.735584,30654
3584,768,4352,0.429472,55784.5,0.758016,31606
3584,768,4608,0.453472,55939.8,0.769184,32979.3
3584,768,4864,0.48384,55341.5,0.868128,30843.9
3584,768,5120,0.504352,55885,0.823616,34221.9
3584,768,5376,0.523904,56489.4,0.806368,36701.6
3584,768,5632,0.547872,56590.4,0.843776,36744.7
3584,768,5888,0.577408,56136.4,0.79728,40655.2
3584,768,6144,0.599808,56389.5,0.880352,38419.7
3584,1024,256,0.052768,35609.6,0.386656,4859.74
3584,1024,512,0.07552,49762.9,0.518624,7246.28
3584,1024,768,0.09968,56552.4,0.46784,12049.3
3584,1024,1024,0.123232,60992.2,0.471168,15952.3
3584,1024,1280,0.149056,63031.6,0.521536,18014.6
3584,1024,1536,0.201696,55897.4,0.54384,20730.9
3584,1024,1792,0.230944,56954.7,0.653472,20128.4
3584,1024,2048,0.220096,68299.2,0.670304,22426.2
3584,1024,2304,0.24512,68992.5,0.664544,25448.2
3584,1024,2560,0.32176,58399.1,0.714848,26286
3584,1024,2816,0.346176,59708.2,0.633408,32632.3
3584,1024,3072,0.316352,71276.9,0.789472,28561.6
3584,1024,3328,0.403264,60574.8,0.709376,34435.4
3584,1024,3584,0.364288,72213.9,0.809536,32496
3584,1024,3840,0.387744,72691.6,0.741408,38016.5
3584,1024,4096,0.406752,73914.3,0.809088,37158.8
3584,1024,4352,0.433984,73606,0.823776,38777.3
3584,1024,4608,0.457984,73851.6,0.912576,37063.1
3584,1024,4864,0.48064,74280,0.884736,40353.2
3584,1024,5120,0.504352,74513.4,0.940352,39964.8
3584,1024,5376,0.633536,62285.4,1.03341,38184.3
3584,1024,5632,0.552704,74794.2,0.962784,42937
3584,1024,5888,0.689696,62662.5,1.0847,39843.2
3584,1024,6144,0.71872,62746.5,1.04566,43127.8
3584,1280,256,0.061664,38090.5,0.3848,6103.98
3584,1280,512,0.090624,51836.4,0.415904,11295
3584,1280,768,0.119232,59098.5,0.484416,14546.2
3584,1280,1024,0.146464,64147.1,0.510336,18409.9
3584,1280,1280,0.173888,67538,0.541856,21673.7
3584,1280,1536,0.205216,68673.3,0.518944,27156.8
3584,1280,1792,0.233088,70538.5,0.561824,29264.8
3584,1280,2048,0.259232,72485.2,0.63584,29552.2
3584,1280,2304,0.289312,73067.5,0.634592,33311.6
3584,1280,2560,0.320448,73297.7,0.757696,30999.4
3584,1280,2816,0.349312,73965.1,0.779328,33152.8
3584,1280,3072,0.376704,74821.9,0.7568,37243.3
3584,1280,3328,0.405312,75335.9,0.705536,43278.5
3584,1280,3584,0.432064,76107.6,0.80288,40956.7
3584,1280,3840,0.464544,75842.4,0.87536,40248.8
3584,1280,4096,0.489984,76698.3,0.866368,43377.6
3584,1280,4352,0.516672,77282.6,0.96432,41407.2
3584,1280,4608,0.546304,77390.2,0.949504,44527
3584,1280,4864,0.577408,77289.2,1.0369,43039.4
3584,1280,5120,0.608384,77214.7,1.05782,44408.3
3584,1280,5376,0.633376,77876.4,1.15974,42530.9
3584,1280,5632,0.661664,78096.8,1.11008,46549.6
3584,1280,5888,0.689952,78299.1,1.12342,48087.5
3584,1280,6144,0.71904,78398.2,1.19878,47023.9
3584,1536,256,0.077888,36187.5,0.424896,6633.56
3584,1536,512,0.121632,46345.9,0.543136,10378.9
3584,1536,768,0.155392,54415.4,0.47776,17698.7
3584,1536,1024,0.195008,57814.5,0.509568,22125.2
3584,1536,1280,0.236864,59497.7,0.603904,23336.3
3584,1536,1536,0.277152,61018.6,0.608704,27782.7
3584,1536,1792,0.312064,63224.2,0.68832,28664
3584,1536,2048,0.350048,64415.7,0.689728,32692
3584,1536,2304,0.390592,64945.4,0.799168,31742
3584,1536,2560,0.43232,65196.4,0.816832,34506.1
3584,1536,2816,0.464064,66810.4,0.860128,36046.1
3584,1536,3072,0.509792,66346.4,0.888608,38062.8
3584,1536,3328,0.545856,67126.6,0.945248,38763.8
3584,1536,3584,0.579552,68087.1,0.983936,40104.2
3584,1536,3840,0.619232,68275.8,1.02378,41296.7
3584,1536,4096,0.643136,70120.7,1.03891,43408.1
3584,1536,4352,0.693696,69073.1,1.05917,45239
3584,1536,4608,0.731872,69321.3,1.20774,42007.5
3584,1536,4864,0.768192,69712.9,1.14691,46693.1
3584,1536,5120,0.810944,69513.4,1.2121,46507.4
3584,1536,5376,0.846496,69923.6,1.2735,46478.1
3584,1536,5632,0.881152,70372.2,1.21101,51204.1
3584,1536,5888,0.922464,70276.1,1.2335,52555.3
3584,1536,6144,0.963232,70227.9,1.27485,53061.8
3584,1792,256,0.083904,39191.6,0.482816,6810.74
3584,1792,512,0.132832,49511.2,0.517184,12716.3
3584,1792,768,0.174368,56575.8,0.464224,21250.5
3584,1792,1024,0.218848,60102.6,0.55312,23780.3
3584,1792,1280,0.262912,62536.8,0.64976,25304.2
3584,1792,1536,0.30512,64663.1,0.630624,31286.5
3584,1792,1792,0.34816,66114.3,0.6912,33302
3584,1792,2048,0.391456,67202.1,0.724032,36333.6
3584,1792,2304,0.392288,75442,0.939904,31487.3
3584,1792,2560,0.483712,67981.2,0.959104,34285.5
3584,1792,2816,0.517664,69874.8,1.01002,35813
3584,1792,3072,0.564736,69873.4,1.06214,37151.3
3584,1792,3328,0.605376,70614.5,1.07581,39736
3584,1792,3584,0.64752,71096.9,1.12915,40771
3584,1792,3840,0.697952,70671.1,1.12618,43798.7
3584,1792,4096,0.733696,71710,1.22714,42874.9
3584,1792,4352,0.781728,71510.4,1.2313,45400.7
3584,1792,4608,0.822144,71994.7,1.19926,49355.3
3584,1792,4864,0.864992,72230,1.25053,49961.6
3584,1792,5120,0.918176,71627.5,1.42067,46292.7
3584,1792,5376,0.956736,72177.7,1.4063,49103.9
3584,1792,5632,0.996864,72570.9,1.43622,50370.5
3584,1792,5888,1.04029,72702.6,1.43206,52813.1
3584,1792,6144,1.08979,72417.5,1.44368,54665.9
3584,2048,256,0.092288,40721.4,0.426784,8805.62
3584,2048,512,0.1344,55924.1,0.497376,15111.7
3584,2048,768,0.17632,63942.2,0.521184,21632.1
3584,2048,1024,0.220928,68042,0.55488,27091.2
3584,2048,1280,0.266112,70611.2,0.629504,29849.7
3584,2048,1536,0.306656,73530.5,0.683424,32993.5
3584,2048,1792,0.353248,74470.8,0.743008,35405.6
3584,2048,2048,0.39216,76664.6,0.738816,40693.2
3584,2048,2304,0.4408,76730.6,0.803136,42113.5
3584,2048,2560,0.483264,77764.9,0.852704,44072.7
3584,2048,2816,0.52224,79157.2,0.877088,47132.2
3584,2048,3072,0.570272,79080.1,0.924704,48769.3
3584,2048,3328,0.607104,80472.6,0.897184,54454
3584,2048,3584,0.649728,80977.5,1.02586,51287.3
3584,2048,3840,0.696736,80907.9,1.01811,55368.6
3584,2048,4096,0.734016,81918.6,1.06278,56577.4
3584,2048,4352,0.78032,81873.6,1.3033,49020.1
3584,2048,4608,0.821568,82337.4,1.33574,50642.7
3584,2048,4864,0.863968,82646.4,1.35005,52889.8
3584,2048,5120,0.914528,82186.6,1.52134,49405
3584,2048,5376,0.954944,82643.6,1.55984,50594.9
3584,2048,5632,0.99296,83264.3,1.46771,56331.3
3584,2048,5888,1.03594,83437.8,1.50566,57407.4
3584,2048,6144,1.08141,83404.5,1.55178,58123.3
3584,2304,256,0.109664,38552.8,0.453184,9329.23
3584,2304,512,0.170112,49706.8,0.519936,16263
3584,2304,768,0.217856,58220,0.574144,22091.3
3584,2304,1024,0.270848,62438.8,0.620256,27265.2
3584,2304,1280,0.335616,62986.5,0.70272,30082.1
3584,2304,1536,0.382624,66297.9,0.734144,34553.4
3584,2304,1792,0.434048,68183.7,0.794336,37257.5
3584,2304,2048,0.479488,70539.6,0.922272,36673.4
3584,2304,2304,0.542304,70164.9,0.933056,40780.8
3584,2304,2560,0.594304,71139.7,1.03331,40915.6
3584,2304,2816,0.64208,72430.9,1.22909,37838.2
3584,2304,3072,0.705792,71882.8,1.14454,44327.1
3584,2304,3328,0.749888,73293.8,1.0633,51690.4
3584,2304,3584,0.797696,74201.2,1.13955,51941.5
3584,2304,3840,0.86224,73550.1,1.16394,54485.7
3584,2304,4096,0.89328,75727.4,1.17862,57393.8
3584,2304,4352,0.96432,74532.9,1.40934,50997.9
3584,2304,4608,1.00998,75349.2,1.43882,52891.7
3584,2304,4864,1.06221,75624.8,1.45786,55101
3584,2304,5120,1.12701,75028,1.58224,53441.4
3584,2304,5376,1.16845,75985.4,1.74086,51000.6
3584,2304,5632,1.21795,76368.3,1.63594,56856.1
3584,2304,5888,1.27962,75992.1,1.66138,58530.2
3584,2304,6144,1.33267,76139.2,1.71786,59067
3584,2560,256,0.11936,39356.7,0.407808,11519.2
3584,2560,512,0.183104,51311,0.540704,17375.9
3584,2560,768,0.236832,59505.7,0.591296,23833.9
3584,2560,1024,0.294048,63902.8,0.641376,29297.1
3584,2560,1280,0.354304,66293.6,0.72512,32392
3584,2560,1536,0.407776,69120.6,0.747648,37699.2
3584,2560,1792,0.464384,70810.7,0.945568,34776.3
3584,2560,2048,0.522784,71886.2,0.868576,43267.3
3584,2560,2304,0.585344,72228.6,0.949664,44519.5
3584,2560,2560,0.647616,72537.1,1.17594,39947.9
3584,2560,2816,0.700704,73745.6,1.05578,48943.9
3584,2560,3072,0.757408,74426.8,1.13338,49737.6
3584,2560,3328,0.8144,74986.6,1.08595,56235.5
3584,2560,3584,0.86672,75880,1.18496,55501.2
3584,2560,3840,0.935936,75287.5,1.19453,58989.2
3584,2560,4096,0.983072,76456.2,1.32576,56693.5
3584,2560,4352,1.04739,76246.1,1.51171,52827.2
3584,2560,4608,1.10326,76642.7,1.69942,49756.4
3584,2560,4864,1.15546,77246.4,1.55187,57514.3
3584,2560,5120,1.22269,76840.9,1.65469,56779.5
3584,2560,5376,1.27408,77428.4,1.76214,55983
3584,2560,5632,1.32938,77741.5,1.89414,54561.7
3584,2560,5888,1.38502,78009.7,1.80717,59787.1
3584,2560,6144,1.45517,77477.6,1.83258,61521.5
3584,2816,256,0.125344,41225.6,0.468224,11036.1
3584,2816,512,0.18432,56069.7,0.502336,20573.4
3584,2816,768,0.242848,63834.8,0.55472,27945.9
3584,2816,1024,0.297472,69484,0.637024,32447
3584,2816,1280,0.358464,72076.7,0.880928,29329.2
3584,2816,1536,0.41216,75223.9,0.897728,34536.4
3584,2816,1792,0.468288,77242.4,1.23187,29363.2
3584,2816,2048,0.520416,79434.6,0.964992,42838.8
3584,2816,2304,0.587168,79204.7,1.07648,43202.3
3584,2816,2560,0.651104,79363.4,1.09971,46988.5
3584,2816,2816,0.700192,81179.5,1.1633,48862.2
3584,2816,3072,0.765952,80956.2,1.27622,48587.5
3584,2816,3328,0.815648,82359,1.26086,53277.7
3584,2816,3584,0.871744,82986.9,1.35046,53569.3
3584,2816,3840,0.93696,82725.8,1.33117,58227.6
3584,2816,4096,0.979232,84431.6,1.48282,55757.5
3584,2816,4352,1.0472,83886.1,1.60861,54609.6
3584,2816,4608,1.1039,84258.1,1.58131,58820.1
3584,2816,4864,1.15789,84792.5,1.70563,57562.4
3584,2816,5120,1.23213,83877.4,1.86336,55463.1
3584,2816,5376,1.27946,84813.4,1.89942,57130.5
3584,2816,5632,1.32976,85490.9,1.84051,61766.7
3584,2816,5888,1.38768,85646.4,1.91734,61986.7
3584,2816,6144,1.45334,85332.3,1.91869,64636.4
3584,3072,256,0.142432,39577.8,0.448,12582.9
3584,3072,512,0.214272,52616.7,0.536608,21010.3
3584,3072,768,0.293504,57619.1,0.633056,26714
3584,3072,1024,0.348192,64759,0.729344,30916.2
3584,3072,1280,0.425216,66285.7,0.874624,32226.1
3584,3072,1536,0.489728,69064.6,0.839552,40286.8
3584,3072,1792,0.556608,70893.7,1.0129,38957.6
3584,3072,2048,0.609408,74001.6,1.01814,44293.5
3584,3072,2304,0.692768,73234.2,1.20918,41957.5
3584,3072,2560,0.764288,73756.8,1.31946,42723.2
3584,3072,2816,0.820416,75581.9,1.39238,44534.1
3584,3072,3072,0.9048,74763.2,1.46531,46164.7
3584,3072,3328,0.956288,76632.6,1.5039,48728.4
3584,3072,3584,1.02198,77222.4,1.56243,50511
3584,3072,3840,1.16912,72325.5,1.54611,54690.2
3584,3072,4096,1.13754,79289.2,1.6399,54999.8
3584,3072,4352,1.23779,77421.3,1.73456,55248.3
3584,3072,4608,1.29613,78285.9,1.68621,60175.6
3584,3072,4864,1.36678,78363.3,1.77722,60266
3584,3072,5120,1.45414,77532.1,1.96547,57361.7
3584,3072,5376,1.49952,78945.3,2.05968,57475
3584,3072,5632,1.56285,79353.3,1.95776,63346.5
3584,3072,5888,1.63072,79507.4,1.98333,65372.1
3584,3072,6144,1.70496,79351.7,2.09536,64567.2
3584,3328,256,0.15248,40050.5,0.480864,12699.9
3584,3328,512,0.227424,53705,0.556448,21949.6
3584,3328,768,0.297792,61521.9,0.61344,29865.5
3584,3328,1024,0.3672,66524,0.686176,35599.7
3584,3328,1280,0.44752,68230.5,0.842976,36222.3
3584,3328,1536,0.517568,70795.4,0.897344,40833.2
3584,3328,1792,0.58848,72642,0.96608,44249.3
3584,3328,2048,0.656096,74463.6,1.03126,47374.2
3584,3328,2304,0.734752,74803.7,1.2119,45351.9
3584,3328,2560,0.817632,74690.2,1.23485,49454.7
3584,3328,2816,0.87216,77022.5,1.32822,50575.8
3584,3328,3072,0.961792,76194.1,1.38726,52825.5
3584,3328,3328,1.01878,77926,1.56304,50791.9
3584,3328,3584,1.08944,78477.7,1.64208,52066.1
3584,3328,3840,1.17818,77750.3,1.70918,53594.9
3584,3328,4096,1.22838,79543.9,1.75578,55650.9
3584,3328,4352,1.31635,78867.5,1.77056,58635.4
3584,3328,4608,1.38202,79539.1,1.86486,58945
3584,3328,4864,1.45408,79797,1.89341,61281.7
3584,3328,5120,1.55126,78734.6,2.04678,59673.2
3584,3328,5376,1.60237,80034.7,2.15258,59577.5
3584,3328,5632,1.67184,80361.7,2.09066,64263.1
3584,3328,5888,1.74205,80628.6,2.21971,63278
3584,3328,6144,1.82211,80437.3,2.23584,65552.9
3584,3584,256,0.15696,41900.3,0.488704,13457.4
3584,3584,512,0.229504,57312,0.594752,22115.7
3584,3584,768,0.300224,65717.6,0.602752,32733.2
3584,3584,1024,0.370368,71028.5,0.686016,38347
3584,3584,1280,0.451648,72807.5,0.868384,37867.3
3584,3584,1536,0.525344,75112.7,0.917984,42985.5
3584,3584,1792,0.591584,77819.3,0.890592,51692.2
3584,3584,2048,0.660448,79663.1,0.997888,52724.7
3584,3584,2304,0.738208,80180.7,1.05005,56368.9
3584,3584,2560,0.816736,80523.8,1.1087,59318.5
3584,3584,2816,0.875232,82656.2,1.21357,59612.1
3584,3584,3072,0.955808,82568.9,1.33738,59011.1
3584,3584,3328,1.01824,83965.2,1.53354,55751.3
3584,3584,3584,1.08992,84477.2,1.6753,54959.5
3584,3584,3840,1.17789,83751.6,1.64074,60125.5
3584,3584,4096,1.23181,85424.6,1.72746,60914.3
3584,3584,4352,1.32131,84615.4,1.92774,57997
3584,3584,4608,1.3872,85337.4,1.98019,59782.1
3584,3584,4864,1.44954,86204.6,1.97446,63286.4
3584,3584,5120,1.54835,84950.6,2.15402,61064.3
3584,3584,5376,1.60134,86246.3,2.37472,58158.5
3584,3584,5632,1.66704,86792.6,2.22355,65070.1
3584,3584,5888,1.74163,86851.5,2.28442,66215.3
3584,3584,6144,1.82467,86503.2,2.4329,64877.4
3584,3840,256,0.171712,41036.3,0.512704,13743.7
3584,3840,512,0.269888,52217.4,0.584896,24094.6
3584,3840,768,0.346432,61020,0.653824,32331.8
3584,3840,1024,0.429952,65555.5,0.770272,36591.9
3584,3840,1280,0.520224,67725,0.939264,37510.4
3584,3840,1536,0.602048,70224.6,0.976992,43274.2
3584,3840,1792,0.684608,72048.6,1.03085,47849
3584,3840,2048,0.74816,75346.8,1.11949,50354.7
3584,3840,2304,0.847808,74802.2,1.20509,52625.1
3584,3840,2560,0.935808,75297.8,1.2736,55326.9
3584,3840,2816,0.994752,77919.7,1.50419,51529.8
3584,3840,3072,1.0951,77213.8,1.60717,52612.5
3584,3840,3328,1.17059,78254.1,1.55386,58952.4
3584,3840,3584,1.25645,78515,1.66378,59292.9
3584,3840,3840,1.34979,78305.7,1.87642,56328.9
3584,3840,4096,1.39619,80750.3,1.93658,58217.6
3584,3840,4352,1.50768,79452.7,2.11366,56673.8
3584,3840,4608,1.66067,76376.2,2.11424,59991.2
3584,3840,4864,1.66064,80620.8,2.0961,63872.2
3584,3840,5120,1.86573,75535.5,2.30451,61153.3
3584,3840,5376,1.83315,80721.6,2.36858,62474.3
3584,3840,5632,1.90893,81208.7,2.37069,65390.9
3584,3840,5888,1.99162,81375.1,2.45226,66089.3
3584,3840,6144,2.18141,77525.3,2.4663,68569.9
3584,4096,256,0.178336,42146.2,0.497152,15118.5
3584,4096,512,0.270464,55580,0.59312,25344.6
3584,4096,768,0.360608,62529.3,0.704096,32024.9
3584,4096,1024,0.44464,67616,0.764224,39340.3
3584,4096,1280,0.541856,69356,0.899328,41787.8
3584,4096,1536,0.6288,71719.4,0.984128,45824.5
3584,4096,1792,0.711488,73948.3,1.08822,48347.9
3584,4096,2048,0.792096,75911.9,1.12909,53255
3584,4096,2304,0.88432,76494.6,1.30301,51915.1
3584,4096,2560,0.9824,76508.5,1.3273,56627.9
3584,4096,2816,1.04803,78888.9,1.36992,60352.5
3584,4096,3072,1.1488,78511.8,1.55251,58095.7
3584,4096,3328,1.22778,79583.3,1.52666,64003
3584,4096,3584,1.31354,80109.5,1.62234,64861.2
3584,4096,3840,1.4167,79581.1,1.67866,67162.6
3584,4096,4096,1.48048,81229.8,1.75443,68545.9
3584,4096,4352,1.58973,80375.6,2.05754,62101.1
3584,4096,4608,1.67661,80693.6,2.15971,62643.3
3584,4096,4864,1.74986,81611.1,2.2783,62681.6
3584,4096,5120,1.86944,80411.2,2.43475,61740.9
3584,4096,5376,1.93821,81436.1,2.52941,62402
3584,4096,5632,2.00982,82274,2.42998,68048.3
3584,4096,5888,2.09322,82587,2.54797,67847.2
3584,4096,6144,2.20442,81830.6,2.6743,67452.6
3584,4352,256,0.184928,43184.1,0.504096,15842.1
3584,4352,512,0.275968,57876,0.612832,26062.5
3584,4352,768,0.366944,65290.2,0.750048,31941.8
3584,4352,1024,0.4504,70923.2,0.78336,40778
3584,4352,1280,0.549696,72639.7,0.951392,41969.8
3584,4352,1536,0.632288,75781.5,1.02224,46873.3
3584,4352,1792,0.715296,78151.8,1.1272,49593.4
3584,4352,2048,0.794208,80441.9,1.15555,55287.5
3584,4352,2304,0.888896,80857.1,1.25302,57360.1
3584,4352,2560,0.98496,81079,1.31712,60631.9
3584,4352,2816,1.05469,83290.5,1.44096,60963.2
3584,4352,3072,1.15379,83057.8,1.52566,62813
3584,4352,3328,1.2329,84206.1,1.53754,67521.9
3584,4352,3584,1.31866,84785.9,1.56083,71630.6
3584,4352,3840,1.42237,84218.2,1.69139,70822.9
3584,4352,4096,1.47789,86458,1.7687,72242.3
3584,4352,4352,1.59235,85258.3,2.24384,60504
3584,4352,4608,1.66595,86285.3,2.29728,62572.8
3584,4352,4864,1.74797,86805.4,2.34486,64708.7
3584,4352,5120,1.8689,85461.7,2.58784,61719.1
3584,4352,5376,1.93197,86805.3,2.67302,62739.8
3584,4352,5632,2.00669,87552.7,2.58048,68084.6
3584,4352,5888,2.10125,87413.3,2.68195,68486.3
3584,4352,6144,2.19238,87422.1,2.78416,68840.5
3584,4608,256,0.206848,40878.9,0.512352,16503.7
3584,4608,512,0.31632,53463.1,0.61504,27496.5
3584,4608,768,0.417024,60829,0.793888,31953.1
3584,4608,1024,0.507616,66630.8,0.824768,41008.9
3584,4608,1280,0.620448,68142,0.99008,42702.2
3584,4608,1536,0.741024,68465.1,1.06496,47639.6
3584,4608,1792,0.806304,73409.1,1.13219,52279.1
3584,4608,2048,0.883136,76597.2,1.22109,55397.9
3584,4608,2304,1.03635,73432,1.31802,57739.4
3584,4608,2560,1.10736,76359.2,1.41955,59566.1
3584,4608,2816,1.17949,78858.7,1.52198,61112.9
3584,4608,3072,1.3335,76091.7,1.62301,62518.9
3584,4608,3328,1.38317,79472.9,1.72474,63734
3584,4608,3584,1.48218,79869.1,1.80394,65623.2
3584,4608,3840,1.65856,76473.4,1.91149,66354.5
3584,4608,4096,1.65053,81968.6,1.98573,68131.9
3584,4608,4352,1.85581,77458,2.31053,62214
3584,4608,4608,1.87437,81202.3,2.3625,64424.6
3584,4608,4864,1.9687,81606.3,2.52288,63680.6
3584,4608,5120,2.1767,77692.9,2.68592,62963.3
3584,4608,5376,2.25008,78917.2,2.80387,63330.3
3584,4608,5632,2.34266,79408.1,2.76941,67171.7
3584,4608,5888,2.44621,79503.3,2.84032,68471.7
3584,4608,6144,2.55942,79290.2,2.89498,70099.8
3584,4864,256,0.216928,41144.9,0.53952,16543.4
3584,4864,512,0.32224,55396.5,0.707136,25244
3584,4864,768,0.426176,62829.5,0.772192,34675.9
3584,4864,1024,0.527712,67654.2,0.890496,40092.2
3584,4864,1280,0.644768,69214.7,0.958176,46575.4
3584,4864,1536,0.74272,72103.7,1.05491,50765.3
3584,4864,1792,0.836192,74717.7,1.20768,51734.2
3584,4864,2048,0.923168,77346.5,1.27168,56149.2
3584,4864,2304,1.04589,76804.9,1.40646,57114.4
3584,4864,2560,1.1575,77109.7,1.47226,60624.5
3584,4864,2816,1.23142,79729.1,1.55792,63020.1
3584,4864,3072,1.34432,79672.8,1.65472,64727.4
3584,4864,3328,1.44989,80027.7,1.70163,68188.2
3584,4864,3584,1.54883,80678,1.81827,68722.8
3584,4864,3840,1.67459,79949.1,1.8831,71096.5
3584,4864,4096,1.73542,82289.8,1.97235,72404.8
3584,4864,4352,1.86912,81178.9,2.46864,61464.3
3584,4864,4608,1.95939,81994.1,2.5095,64020.1
3584,4864,4864,2.06093,82285.3,2.56854,66023.4
3584,4864,5120,2.19142,81458.3,2.82144,63269
3584,4864,5376,2.26746,82663.1,2.96509,63214
3584,4864,5632,2.36342,83083.1,2.84774,68953
3584,4864,5888,2.46877,83153.2,2.93101,70039.4
3584,4864,6144,2.57837,83080.3,3.03606,70555.7
3584,5120,256,0.219264,42849,0.549344,17102.7
3584,5120,512,0.324736,57863.9,0.615456,30531
3584,5120,768,0.431424,65331.8,0.741024,38036.2
3584,5120,1024,0.529632,70956.8,0.930336,40395
3584,5120,1280,0.645216,72806.9,0.9256,50752.2
3584,5120,1536,0.743296,75839.8,1.00954,55839
3584,5120,1792,0.838208,78461.1,1.1103,59233
3584,5120,2048,0.928224,80973.9,1.27094,59138.7
3584,5120,2304,1.04205,81145.2,1.3848,61060.9
3584,5120,2560,1.15168,81578.6,1.51677,61942.5
3584,5120,2816,1.22832,84137.4,1.62474,63608.9
3584,5120,3072,1.34624,83746.5,1.72784,65250.8
3584,5120,3328,1.44634,84446.6,1.77539,68795
3584,5120,3584,1.5465,85052.5,2.00794,65506.8
3584,5120,3840,1.66938,84419.9,2.16813,65000.1
3584,5120,4096,1.73338,86723.2,2.23024,67402.5
3584,5120,4352,1.86259,85751,2.49123,64112.5
3584,5120,4608,1.95779,86380.1,2.59242,65234.3
3584,5120,4864,2.05491,86869.7,2.66016,67104.8
3584,5120,5120,2.17485,86399.1,2.92656,64206.7
3584,5120,5376,2.26326,87175,3.01683,65399.7
3584,5120,5632,2.35414,87800.6,2.97965,69369
3584,5120,5888,2.46269,87745.8,3.0703,70380.8
3584,5120,6144,2.56874,87780.8,3.14464,71704.8
3584,5376,256,0.242912,40611.4,0.587808,16782.7
3584,5376,512,0.361056,54645.3,0.710624,27764.3
3584,5376,768,0.4904,60348.7,0.808928,36585.5
3584,5376,1024,0.596384,66165.4,0.999584,39476.4
3584,5376,1280,0.727104,67837.6,1.0617,46458.7
3584,5376,1536,0.854496,69268.9,1.14733,51589.4
3584,5376,1792,0.958784,72023.5,1.25808,54889.2
3584,5376,2048,1.05376,74893.7,1.35309,58325.9
3584,5376,2304,1.19014,74600.2,1.48221,59900.5
3584,5376,2560,1.28029,77053,1.62816,60589.9
3584,5376,2816,1.36467,79517.3,1.75936,61678.7
3584,5376,3072,1.5345,77145.9,1.88579,62774.7
3584,5376,3328,1.66259,77135.6,2.08365,61548.3
3584,5376,3584,1.76995,78030.4,2.17971,63361.6
3584,5376,3840,1.92122,77021.6,2.32605,63616.5
3584,5376,4096,1.98266,79610.4,2.41504,65357.1
3584,5376,4352,2.14458,78199.6,2.63891,63550.8
3584,5376,4608,2.24352,79148,2.75418,64473
3584,5376,4864,2.34122,80058.8,2.91104,64387.7
3584,5376,5120,2.50064,78899.8,3.16739,62291
3584,5376,5376,2.59702,79770.2,3.32262,62349.8
3584,5376,5632,2.69901,80411,3.18733,68091.5
3584,5376,5888,2.81683,80549.7,3.28886,68988.9
3584,5376,6144,2.94464,80403.7,3.53574,66961.9
3584,5632,256,0.2544,40624.1,0.568736,18171.5
3584,5632,512,0.371072,55702.2,0.662048,31220.6
3584,5632,768,0.488576,63458.5,0.827264,37478.1
3584,5632,1024,0.603872,68456.7,0.964992,42838.8
3584,5632,1280,0.739904,69838.6,1.10778,46646.5
3584,5632,1536,0.85504,72521.3,1.12413,55161.5
3584,5632,1792,0.966528,74848.7,1.36102,53153.6
3584,5632,2048,1.06368,77728.4,1.37158,60279.3
3584,5632,2304,1.19805,77637,1.56454,59450.5
3584,5632,2560,1.33248,77560.4,1.63818,63087
3584,5632,2816,1.41536,80320.5,1.69248,67169.1
3584,5632,3072,1.55795,79602.7,1.82173,68076.7
3584,5632,3328,1.66874,80511.2,2.13546,62914.9
3584,5632,3584,1.77997,81286.1,2.31168,62589.4
3584,5632,3840,1.93184,80245.5,2.45504,63144.2
3584,5632,4096,1.99731,82789.4,2.44406,67656.3
3584,5632,4352,2.15491,81530.5,2.7784,63234.6
3584,5632,4608,2.25901,82348.4,2.91712,63770.4
3584,5632,4864,2.37216,82777.1,2.99008,65670.7
3584,5632,5120,2.52723,81787.2,3.34771,61742.3
3584,5632,5376,2.63376,82403.1,3.54566,61210
3584,5632,5632,2.72634,83395.7,3.29315,69041.7
3584,5632,5888,2.84352,83593.4,3.42883,69323.8
3584,5632,6144,2.97584,83349.4,3.56272,69619.4
3584,5888,256,0.24896,43398.6,0.603904,17891.1
3584,5888,512,0.389568,55469.3,0.715072,30219.4
3584,5888,768,0.523712,61892,0.8384,38661.2
3584,5888,1024,0.652192,66265.9,1.0063,42947.4
3584,5888,1280,0.800928,67450.1,1.11114,48619.3
3584,5888,1536,0.92256,70268.8,1.23798,52365.1
3584,5888,1792,1.04026,72704.9,1.34538,56216
3584,5888,2048,1.13859,75915,1.48925,58040.2
3584,5888,2304,1.29446,75120.5,1.85584,52397.2
3584,5888,2560,1.43462,75312.6,1.96986,54849.3
3584,5888,2816,1.51901,78241.7,2.09232,56802.9
3584,5888,3072,1.67091,77594.9,2.17462,59621.5
3584,5888,3328,1.79494,78252.5,2.35379,59673.4
3584,5888,3584,1.9193,78811.9,2.44707,61814
3584,5888,3840,2.06576,78454.4,2.57206,63010.8
3584,5888,4096,2.13398,81009.2,2.72096,63533.6
3584,5888,4352,2.30874,79557.4,2.88467,63673.4
3584,5888,4608,2.42176,80305.8,2.98326,65190.8
3584,5888,4864,2.54282,80731.8,3.09206,66391.3
3584,5888,5120,2.80157,77132,3.36854,64149.5
3584,5888,5376,2.81194,80690,3.57469,63472.7
3584,5888,5632,2.92739,81198.4,3.39885,69935.3
3584,5888,5888,3.05024,81470.3,3.60458,68941.3
3584,5888,6144,3.17946,81557.6,3.64979,71047.5
3584,6144,256,0.270464,41685,0.6032,18690.8
3584,6144,512,0.413536,54526.3,0.697952,32306.8
3584,6144,768,0.55264,61202.3,0.887296,38119
3584,6144,1024,0.68544,65793,1.02675,43922.2
3584,6144,1280,0.851392,66210.9,1.14026,49437.5
3584,6144,1536,0.969376,69782.8,1.2951,52231.9
3584,6144,1792,1.0896,72430.3,1.40525,56160.9
3584,6144,2048,1.19008,75788.4,1.56205,57741.1
3584,6144,2304,1.34899,75218.1,1.81216,55993.2
3584,6144,2560,1.5025,75037.1,1.95562,57650.8
3584,6144,2816,1.58989,78003.7,2.06438,60074.7
3584,6144,3072,1.75446,77112.7,2.19373,61671.9
3584,6144,3328,1.88602,77711.8,2.31974,63181.9
3584,6144,3584,2.00666,78658.3,2.47533,63765.3
3584,6144,3840,2.1648,78120.1,2.61955,64558.5
3584,6144,4096,2.23258,80798.4,2.70941,66578.6
3584,6144,4352,2.42758,78952.1,2.97002,64532.6
3584,6144,4608,2.5383,79949.9,3.05194,66494.6
3584,6144,4864,2.67107,80196.8,3.18621,67230.9
3584,6144,5120,2.83731,79471.6,3.47981,64798.3
3584,6144,5376,2.94944,80272.9,3.65443,64787.1
3584,6144,5632,3.0601,81054.4,3.81603,64998
3584,6144,5888,3.18387,81444.4,3.69523,70173.9
3584,6144,6144,3.34326,80933.8,3.80813,71054.1
3840,256,256,0.023904,21055.7,0.369632,1361.67
3840,256,512,0.034144,29482,0.3616,2783.83
3840,256,768,0.045024,33536.5,0.440608,3426.97
3840,256,1024,0.055264,36430,0.437152,4605.41
3840,256,1280,0.062112,40516.8,0.4448,5657.78
3840,256,1536,0.074048,40783,0.508864,5934.59
3840,256,1792,0.082592,42658.1,0.55024,6403.05
3840,256,2048,0.096256,41831.5,0.548928,7335.26
3840,256,2304,0.101024,44839.3,0.472832,9580.25
3840,256,2560,0.109952,45776,0.430656,11687.2
3840,256,2816,0.12048,45953.5,0.53968,10258.8
3840,256,3072,0.130144,46408.6,0.618272,9768.84
3840,256,3328,0.139264,46983.5,0.551648,11861
3840,256,3584,0.148224,47539.1,0.52464,13431
3840,256,3840,0.156864,48129.3,0.505568,14933.2
3840,256,4096,0.162912,49432,0.53888,14944.1
3840,256,4352,0.175584,48731,0.7824,10936.1
3840,256,4608,0.187872,48222.7,0.629536,14391.1
3840,256,4864,0.199392,47960.9,0.516736,18506.6
3840,256,5120,0.2096,48026.4,0.635104,15849.9
3840,256,5376,0.213504,49505.6,0.668,15822.8
3840,256,5632,0.227264,48722.9,0.526656,21025
3840,256,5888,0.234944,49272.5,0.601056,19259.9
3840,256,6144,0.242176,49879.4,0.635936,18995
3840,512,256,0.03296,30541,0.345376,2914.6
3840,512,512,0.049504,40668.8,0.334912,6011.33
3840,512,768,0.061664,48973.5,0.381824,7909.14
3840,512,1024,0.07648,52648.2,0.477024,8440.94
3840,512,1280,0.090464,55637.2,0.590496,8523.62
3840,512,1536,0.105792,57091.3,0.420576,14360.8
3840,512,1792,0.120672,58393.3,0.431328,16336.6
3840,512,2048,0.133632,60263,0.655776,12280.2
3840,512,2304,0.14768,61346.8,0.607744,14907.1
3840,512,2560,0.16224,62045.9,0.612896,16424.2
3840,512,2816,0.181984,60845.8,0.495872,22330.3
3840,512,3072,0.190464,63421.9,0.512064,23590
3840,512,3328,0.206464,63382.6,0.611072,21415.2
3840,512,3584,0.22,64058.5,0.562656,25047
3840,512,3840,0.237664,63532.9,0.609248,24783.8
3840,512,4096,0.247616,65044.8,0.577888,27870.7
3840,512,4352,0.262848,65105.2,0.685344,24969.6
3840,512,4608,0.277536,65286.6,0.686656,26387.9
3840,512,4864,0.293216,65228.5,0.684192,27954.2
3840,512,5120,0.30688,65604.3,0.687616,29278.9
3840,512,5376,0.32032,65994.3,0.789536,26774.3
3840,512,5632,0.334496,66206.8,0.886496,24981.4
3840,512,5888,0.348288,66475.3,0.714208,32417.1
3840,512,6144,0.362144,66711.6,0.765728,31550.6
3840,768,256,0.05216,28948.4,0.395296,3819.79
3840,768,512,0.072896,41427.5,0.558048,5411.54
3840,768,768,0.09856,45960.3,0.598112,7573.58
3840,768,1024,0.122592,49267.5,0.53824,11221.4
3840,768,1280,0.146656,51479.3,0.659264,11451.8
3840,768,1536,0.170208,53227.2,0.780768,11603.6
3840,768,1792,0.19472,54281.3,0.540608,19551.4
3840,768,2048,0.216704,55742.4,0.575968,20972.7
3840,768,2304,0.242848,55959.1,0.623136,21808.3
3840,768,2560,0.268128,56314.5,0.683616,22087.7
3840,768,2816,0.288896,57492.8,0.612512,27116.9
3840,768,3072,0.313984,57708,0.7552,23992.8
3840,768,3328,0.335392,58526.6,0.840352,23358.5
3840,768,3584,0.360576,58626.5,0.898976,23514.9
3840,768,3840,0.38768,58422.5,0.701952,32266.1
3840,768,4096,0.403584,59861.6,0.81824,29525.8
3840,768,4352,0.440448,58279.6,0.72672,35321.9
3840,768,4608,0.453632,59914.4,0.74608,36429.2
3840,768,4864,0.477696,60057.1,0.795776,36051.7
3840,768,5120,0.503872,59933.9,0.929184,32500.5
3840,768,5376,0.536512,59102,0.911264,34796.7
3840,768,5632,0.5512,60266.5,0.925152,35906.4
3840,768,5888,0.571808,60735.1,0.917984,37831.6
3840,768,6144,0.594944,60911.3,0.868448,41728.2
3840,1024,256,0.054592,36878.4,0.516224,3899.98
3840,1024,512,0.08912,45181,0.4592,8768.58
3840,1024,768,0.118176,51108.5,0.614944,9821.7
3840,1024,1024,0.144608,55688.9,0.488768,16476.2
3840,1024,1280,0.175456,57372.4,0.58704,17147.6
3840,1024,1536,0.204384,59102.5,0.562016,21493.3
3840,1024,1792,0.232864,60519.7,0.639328,22043.2
3840,1024,2048,0.261376,61620.5,0.676064,23823.4
3840,1024,2304,0.291616,62134.4,0.621312,29163.1
3840,1024,2560,0.319488,63015.4,0.887296,22689.9
3840,1024,2816,0.345216,64150.9,0.691584,32022
3840,1024,3072,0.377088,64067.8,0.64304,37570.3
3840,1024,3328,0.405696,64512.5,0.766912,34127.1
3840,1024,3584,0.432992,65095.2,0.78608,35856
3840,1024,3840,0.463104,65209.9,0.725568,41621.2
3840,1024,4096,0.492768,65370,0.746816,43132.8
3840,1024,4352,0.524352,65272,0.84448,40528.5
3840,1024,4608,0.552,65650,0.8592,42177.4
3840,1024,4864,0.584768,65414.1,1.00182,38182.4
3840,1024,5120,0.607872,66239.8,1.01894,39516.7
3840,1024,5376,0.636832,66388.9,1.04067,40626.2
3840,1024,5632,0.66288,66817.3,0.982944,45060.4
3840,1024,5888,0.693504,66769.8,1.18646,39027.8
3840,1024,6144,0.727168,66447.3,1.03318,46766.5
3840,1280,256,0.063264,39779.1,0.482688,5213.68
3840,1280,512,0.091776,54841.8,0.474464,10608.1
3840,1280,768,0.119744,63049.1,0.5208,14496.4
3840,1280,1024,0.149728,67230.8,0.44176,22786.9
3840,1280,1280,0.180032,69892.6,0.58144,21640.9
3840,1280,1536,0.207232,72862.8,0.584288,25842.6
3840,1280,1792,0.234752,75041.2,0.570112,30899.3
3840,1280,2048,0.262112,76809.4,0.622016,32366.8
3840,1280,2304,0.290464,77976.1,0.685024,33063.4
3840,1280,2560,0.321728,78220.8,0.730912,34430.7
3840,1280,2816,0.3488,79364.7,0.762272,36315.7
3840,1280,3072,0.37696,80111.9,0.75408,40047.5
3840,1280,3328,0.4072,80342.8,0.820128,39890.8
3840,1280,3584,0.432992,81369.1,0.84096,41895.2
3840,1280,3840,0.468704,80538.5,0.90304,41801.8
3840,1280,4096,0.491168,81978.7,0.864064,46599.9
3840,1280,4352,0.520928,82126.3,0.948992,45081.4
3840,1280,4608,0.551264,82172,0.975296,46445.9
3840,1280,4864,0.579104,82567.3,1.03264,46303.7
3840,1280,5120,0.6096,82565,1.1112,45294.9
3840,1280,5376,0.63328,83451.6,1.13558,46538.4
3840,1280,5632,0.65984,83906.4,1.15366,47990.4
3840,1280,5888,0.687584,84180.8,1.16118,49846.9
3840,1280,6144,0.719936,83893.5,1.18442,50993.9
3840,1536,256,0.079584,37946.1,0.4616,6542.24
3840,1536,512,0.120928,49945.4,0.539296,11199.4
3840,1536,768,0.157984,57345.7,0.524416,17275.8
3840,1536,1024,0.196096,61600.4,0.52144,23165.8
3840,1536,1280,0.23888,63209.5,0.581504,25966.3
3840,1536,1536,0.278848,64979.5,0.607072,29847.2
3840,1536,1792,0.314528,67209.6,0.7448,28382.5
3840,1536,2048,0.347264,69570.1,0.699712,34527.3
3840,1536,2304,0.391648,69396.7,0.76112,35709.3
3840,1536,2560,0.474432,63652.9,0.781536,38640.6
3840,1536,2816,0.466624,71189.8,0.877536,37854.7
3840,1536,3072,0.508736,71233,0.98096,36942.2
3840,1536,3328,0.54176,72465.1,0.9248,42451
3840,1536,3584,0.579712,72930.3,0.955072,44267.4
3840,1536,3840,0.69152,65505.7,1.01757,44516.4
3840,1536,4096,0.648384,74521.2,1.00374,48138.2
3840,1536,4352,0.697088,73646.8,1.09898,46714.7
3840,1536,4608,0.733504,74107.5,1.11414,48789.2
3840,1536,4864,0.766816,74826.4,1.12858,50841.1
3840,1536,5120,0.906944,66595,1.21059,49891.3
3840,1536,5376,0.945856,67048.1,1.23725,51257.2
3840,1536,5632,0.884864,75082.5,1.25786,52818.3
3840,1536,5888,0.9224,75301,1.26096,55083.2
3840,1536,6144,0.960896,75427.1,1.30259,55641
3840,1792,256,0.090624,38877.3,0.444,7935.17
3840,1792,512,0.134688,52316.7,0.490592,14363.1
3840,1792,768,0.17744,59567.4,0.505824,20895.9
3840,1792,1024,0.22192,63504.2,0.548864,25676.4
3840,1792,1280,0.268192,65684.6,0.62528,28173.1
3840,1792,1536,0.30784,68669.7,0.638496,33107.9
3840,1792,1792,0.351232,70217.1,0.640864,38483.2
3840,1792,2048,0.390176,72238.5,0.73344,38429.5
3840,1792,2304,0.438784,72265.5,0.944224,33582
3840,1792,2560,0.484288,72750.4,1.03072,34182.1
3840,1792,2816,0.521568,74305.5,1.05875,36604.8
3840,1792,3072,0.570464,74112.6,1.08189,39078.5
3840,1792,3328,0.611584,74890.4,1.17162,39092.8
3840,1792,3584,0.651744,75681.6,1.15267,42791.9
3840,1792,3840,0.704992,74962.9,1.18381,44642.6
3840,1792,4096,0.736704,76518.4,1.25645,44865.7
3840,1792,4352,0.786848,76119.7,1.22589,48858.2
3840,1792,4608,0.829344,76467.5,1.24938,50759.6
3840,1792,4864,0.867264,77186.5,1.25062,53526.2
3840,1792,5120,0.926272,76073,1.39725,50430.8
3840,1792,5376,0.95904,77147.5,1.41277,52370.6
3840,1792,5632,0.99856,77622.5,1.39174,55693.2
3840,1792,5888,1.04221,77752.2,1.42384,56912.3
3840,1792,6144,1.08864,77672.3,1.4735,57385.1
3840,2048,256,0.094976,42395.3,0.463104,8694.66
3840,2048,512,0.139328,57799.3,0.484,16638.6
3840,2048,768,0.181568,66529.3,0.479616,25186
3840,2048,1024,0.225184,71524.3,0.575712,27976
3840,2048,1280,0.27344,73627.3,0.606496,33195
3840,2048,1536,0.313184,77140.6,0.66832,36149.1
3840,2048,1792,0.355616,79258.9,0.735264,38334.2
3840,2048,2048,0.393632,81833.4,0.772736,41686
3840,2048,2304,0.440032,82354.9,0.772288,46923.9
3840,2048,2560,0.484064,83181.8,0.860704,46781.8
3840,2048,2816,0.52704,84038.9,0.948672,46688.3
3840,2048,3072,0.5712,84591,0.917728,52650
3840,2048,3328,0.611776,85562.2,0.929312,56326.5
3840,2048,3584,0.652832,86349.1,0.989504,56969.4
3840,2048,3840,0.701664,86078.2,1.04522,57785.2
3840,2048,4096,0.737248,87385.1,1.05315,61173
3840,2048,4352,0.789184,86736.5,1.29139,53005.6
3840,2048,4608,0.83296,87012.1,1.32416,54734.8
3840,2048,4864,0.87024,87911.5,1.39194,54962.4
3840,2048,5120,0.91776,87746.9,1.49574,53839.9
3840,2048,5376,0.960032,88077.4,1.5256,55425.5
3840,2048,5632,0.997088,88842.4,1.56467,56614.9
3840,2048,5888,1.04442,88671.8,1.56243,59273.1
3840,2048,6144,1.09629,88149.1,1.57616,61311.5
3840,2304,256,0.110048,41162.5,0.40368,11221.4
3840,2304,512,0.17648,51335.5,0.501248,18074.3
3840,2304,768,0.236864,57372.8,0.554208,24520.7
3840,2304,1024,0.291712,62114,0.65776,27547.1
3840,2304,1280,0.355168,63770.5,0.765184,29599.7
3840,2304,1536,0.409632,66350,0.758592,35828.3
3840,2304,1792,0.46528,68150.2,0.809504,39170.8
3840,2304,2048,0.480704,75386.9,0.884704,40961.5
3840,2304,2304,0.57872,70446.2,0.906784,44959.6
3840,2304,2560,0.645056,70224.1,0.986432,45921.5
3840,2304,2816,0.693664,71833.5,1.04147,47844.1
3840,2304,3072,0.758336,71680.9,1.12138,48474.5
3840,2304,3328,0.8112,72593.7,1.13494,51886.3
3840,2304,3584,0.86416,73386.7,1.21619,52144.6
3840,2304,3840,0.933312,72802.8,1.27974,53094.8
3840,2304,4096,0.978336,74082.5,1.30246,55646.5
3840,2304,4352,1.04752,73514,1.44736,53205.4
3840,2304,4608,1.10045,74094.6,1.55786,52339.4
3840,2304,4864,1.14989,74848.3,1.55674,55286.9
3840,2304,5120,1.22829,73758.7,1.74294,51979.3
3840,2304,5376,1.27568,74569.5,1.69168,56232.2
3840,2304,5632,1.32874,75001.1,1.74205,57206.6
3840,2304,5888,1.38726,75102.2,1.7311,60185
3840,2304,6144,1.45504,74717.1,1.81472,59908.1
3840,2560,256,0.11904,42281.3,0.471808,10667.8
3840,2560,512,0.179072,56213.9,0.50768,19828.1
3840,2560,768,0.23952,63040.6,0.593952,25422.1
3840,2560,1024,0.295072,68229.7,0.645344,31196.8
3840,2560,1280,0.357216,70449.9,0.764864,32902.4
3840,2560,1536,0.41424,72902.2,0.749664,40283.4
3840,2560,1792,0.469088,75107.8,0.825696,42669.6
3840,2560,2048,0.520704,77328.6,0.867648,46407.4
3840,2560,2304,0.581024,77963.2,0.985504,45964.8
3840,2560,2560,0.647264,77760.6,1.02675,49020.3
3840,2560,2816,0.694208,79752.5,1.02774,53870.2
3840,2560,3072,0.759744,79497.8,1.14237,52870.9
3840,2560,3328,0.822784,79524.1,1.1177,58541.1
3840,2560,3584,0.873088,80707,1.2097,58249.6
3840,2560,3840,0.935296,80720.4,1.25296,60255.3
3840,2560,4096,0.9792,82241.3,1.31238,61362.1
3840,2560,4352,1.04291,82043.2,1.60938,53165.8
3840,2560,4608,1.10253,82172,1.61542,56082.5
3840,2560,4864,1.15613,82715.9,1.66147,57557.5
3840,2560,5120,1.22787,81981.9,1.83578,54834.2
3840,2560,5376,1.2776,82730.5,1.89488,55780
3840,2560,5632,1.33034,83234.3,1.85152,59804.7
3840,2560,5888,1.38771,83419.9,1.92048,60278.1
3840,2560,6144,1.45427,83062.8,1.96771,61389
3840,2816,256,0.136768,40480.8,0.449664,12312.5
3840,2816,512,0.213056,51972.1,0.559264,19799.2
3840,2816,768,0.2792,59489.4,0.607616,27335.4
3840,2816,1024,0.348544,63538.4,0.663648,33370
3840,2816,1280,0.420576,65820.2,0.833376,33217.2
3840,2816,1536,0.491264,67619.2,0.94112,35297.2
3840,2816,1792,0.555104,69816.4,0.985536,39324.2
3840,2816,2048,0.61056,72543,1.02074,43392.1
3840,2816,2304,0.690656,72146.4,1.20285,41425.3
3840,2816,2560,0.760288,72820.8,1.25056,44272
3840,2816,2816,0.818944,74365.6,1.31814,46202.3
3840,2816,3072,0.901728,73678.3,1.31648,50466.2
3840,2816,3328,0.958464,75093.3,1.35853,52979.6
3840,2816,3584,1.02653,75507.7,1.48246,52285.1
3840,2816,3840,1.10291,75298.1,1.5864,52349.5
3840,2816,4096,1.1417,77589.6,1.62816,54407.2
3840,2816,4352,1.23226,76380.4,1.69312,55589.8
3840,2816,4608,1.29421,77002,1.75389,56820.4
3840,2816,4864,1.36406,77117.5,1.77133,59386.6
3840,2816,5120,1.45309,76203,2.00067,55346.2
3840,2816,5376,1.50291,77360.6,2.0335,57175.3
3840,2816,5632,1.56931,77615.3,2.00365,60790.4
3840,2816,5888,1.62998,78122.9,2.05693,61907.4
3840,2816,6144,1.70307,78021.1,2.0815,63836.3
3840,3072,256,0.146368,41264.5,0.47808,12633.4
3840,3072,512,0.220032,54899.3,0.548608,22018.6
3840,3072,768,0.3008,60237.3,0.667392,27149.6
3840,3072,1024,0.367712,65701.4,0.699296,34547.9
3840,3072,1280,0.44656,67625.8,0.78288,38574.2
3840,3072,1536,0.520224,69660,0.942176,38462.9
3840,3072,1792,0.5864,72098.5,0.985056,42920
3840,3072,2048,0.655072,73760.4,1.00179,48232
3840,3072,2304,0.732256,74233.8,1.34851,40309.7
3840,3072,2560,0.811904,74390.5,1.33533,45230.8
3840,3072,2816,0.872928,76109.1,1.4001,47452.3
3840,3072,3072,0.95712,75724.6,1.50426,48181.7
3840,3072,3328,1.02928,76283.8,1.42477,55108.9
3840,3072,3584,1.09277,77378.9,1.51306,55885
3840,3072,3840,1.18125,76696,1.56726,57805.8
3840,3072,4096,1.23091,78508.3,1.61274,59921
3840,3072,4352,1.31805,77900.5,1.82307,56320.6
3840,3072,4608,1.38813,78318.7,1.78566,60882.9
3840,3072,4864,1.4599,78605.3,1.90259,60315.7
3840,3072,5120,1.55331,77766.7,2.09981,57527.1
3840,3072,5376,1.60605,78973.8,2.10086,60373.1
3840,3072,5632,1.67971,79106.1,2.10637,63082.8
3840,3072,5888,1.74813,79465.2,2.21651,62673
3840,3072,6144,1.82912,79248.6,2.2327,64923.6
3840,3328,256,0.151296,43247.1,0.482432,13562.8
3840,3328,512,0.22768,57476.4,0.547776,23889.7
3840,3328,768,0.302752,64836.4,0.668992,29341.7
3840,3328,1024,0.375808,69643.2,0.702048,37280.2
3840,3328,1280,0.450528,72616.1,0.80144,40821
3840,3328,1536,0.522528,75132.2,0.902208,43514
3840,3328,1792,0.589792,77657.5,0.904096,50660.3
3840,3328,2048,0.65728,79638.7,1.09462,47820
3840,3328,2304,0.735968,80014.4,1.18813,49563.7
3840,3328,2560,0.812992,80481.9,1.25891,51974.4
3840,3328,2816,0.88016,81774.1,1.32157,54461.3
3840,3328,3072,0.96032,81761.7,1.42138,55240.4
3840,3328,3328,1.02714,82813.3,1.61981,52512.7
3840,3328,3584,1.09654,83538.5,1.63488,56030.8
3840,3328,3840,1.17962,83202.3,1.72234,56984.6
3840,3328,4096,1.23504,84766.3,1.82819,57264.1
3840,3328,4352,1.32256,84104.3,1.99981,55621.8
3840,3328,4608,1.38877,84806.1,2.0071,58679.6
3840,3328,4864,1.45741,85301.6,1.97395,62979.8
3840,3328,5120,1.5553,84139.8,2.24304,58341.5
3840,3328,5376,1.61379,85144.4,2.37773,57788.5
3840,3328,5632,1.67514,85932.4,2.26355,63594.1
3840,3328,5888,1.75469,85765.5,2.27626,66113.7
3840,3328,6144,1.83091,85768.6,2.48752,63129
3840,3584,256,0.167232,42135.7,0.505504,13939.4
3840,3584,512,0.25648,54947.2,0.597856,23572.3
3840,3584,768,0.35888,58903.5,0.703776,30037
3840,3584,1024,0.42848,65780.7,0.727488,38743.9
3840,3584,1280,0.518272,67980,0.939712,37492.5
3840,3584,1536,0.629376,67175.4,1.00618,42019.1
3840,3584,1792,0.681824,72342.7,1.08909,45290.2
3840,3584,2048,0.749408,75221.3,1.17139,48123.5
3840,3584,2304,0.848896,74706.3,1.2128,52290.5
3840,3584,2560,0.97008,72637.6,1.24899,56416.9
3840,3584,2816,1.00294,77283.2,1.44784,53535.4
3840,3584,3072,1.14211,74035.8,1.56973,53867.4
3840,3584,3328,1.23011,74467.7,1.608,56967.4
3840,3584,3584,1.25674,78497,1.75424,56235.2
3840,3584,3840,1.41837,74519.8,1.8208,58049.5
3840,3584,4096,1.47811,76274.9,1.93427,58287
3840,3584,4352,1.58362,75642.9,2.13651,56067.7
3840,3584,4608,1.66749,76064,2.11485,59973.9
3840,3584,4864,1.74595,76681.5,2.16096,61955
3840,3584,5120,1.7847,78964.7,2.38816,59011.4
3840,3584,5376,1.9231,76945.9,2.3656,62552.9
3840,3584,5632,1.91459,80968.4,2.36701,65492.6
3840,3584,5888,2.0911,77503.5,2.40506,67386.3
3840,3584,6144,2.19667,76986.6,2.47654,68286.4
3840,3840,256,0.179488,42062.7,0.579648,13024.7
3840,3840,512,0.271968,55519.4,0.61328,24620.9
3840,3840,768,0.360672,62797.3,0.707872,31996.2
3840,3840,1024,0.44864,67312.3,0.79696,37892.7
3840,3840,1280,0.543712,69427.8,0.94512,39940.7
3840,3840,1536,0.627584,72179.2,1.01402,44672.4
3840,3840,1792,0.710336,74398.9,1.05798,49951.8
3840,3840,2048,0.791264,76331,1.14691,52661.4
3840,3840,2304,0.889504,76388.3,1.32368,51332.4
3840,3840,2560,0.982784,76820,1.39965,53940.3
3840,3840,2816,1.05853,78455.4,1.33933,62006.6
3840,3840,3072,1.15696,78306,1.43437,63161.6
3840,3840,3328,1.23744,79314.3,1.83923,53362.9
3840,3840,3584,1.32003,80071.1,1.92499,54907.5
3840,3840,3840,1.43613,78855.2,1.98867,56945.6
3840,3840,4096,1.48563,81309.5,2.07514,58211.1
3840,3840,4352,1.59443,80496.2,2.08285,61620.3
3840,3840,4608,1.67501,81131.2,2.15782,62978
3840,3840,4864,1.75891,81553.4,2.21606,64729.7
3840,3840,5120,1.88493,80106.5,2.37571,63557.8
3840,3840,5376,1.94374,81566.7,2.5183,62956.9
3840,3840,5632,2.02547,82002.8,2.472,67190.3
3840,3840,5888,2.11792,81988.1,2.59082,67023
3840,3840,6144,2.2039,82215,2.60291,69612
3840,4096,256,0.181856,44282.6,0.47696,16884.1
3840,4096,512,0.274688,58634.3,0.666624,24160.7
3840,4096,768,0.366848,65856.1,0.7408,32612.3
3840,4096,1024,0.455232,70760.1,0.763488,42190.9
3840,4096,1280,0.547424,73554.2,0.879296,45792.7
3840,4096,1536,0.632352,76410.6,0.925056,52232.9
3840,4096,1792,0.716736,78650.2,1.1345,49688.5
3840,4096,2048,0.7976,80773,1.13856,56584.2
3840,4096,2304,0.88992,81442.8,1.23843,58523.7
3840,4096,2560,0.991488,81222,1.46896,54821.5
3840,4096,2816,1.06413,83245.3,1.42112,62333.7
3840,4096,3072,1.1576,83480.3,1.53293,63040.6
3840,4096,3328,1.24355,84186.1,1.55459,67342.3
3840,4096,3584,1.32666,84982.8,1.61597,69768
3840,4096,3840,1.42752,84619.4,1.75437,68854.4
3840,4096,4096,1.50598,85558,1.80054,71561.2
3840,4096,4352,1.5984,85649.5,2.21133,61909.4
3840,4096,4608,1.68035,86264.8,2.27379,63750.4
3840,4096,4864,1.76842,86522.7,2.33853,65429.3
3840,4096,5120,1.8695,86151.9,2.6175,61532.4
3840,4096,5376,1.94605,86901.4,2.6623,63521.8
3840,4096,5632,2.02806,87357.9,2.65734,66670.9
3840,4096,5888,2.11213,87693.8,2.78298,66554.8
3840,4096,6144,2.20634,87599.3,2.73344,70707.1
3840,4352,256,0.196736,43491.7,0.531008,16113.5
3840,4352,512,0.310656,55085.9,0.63616,26900.1
3840,4352,768,0.420992,60973,0.708384,36236.2
3840,4352,1024,0.519968,65822.4,0.84672,40421.3
3840,4352,1280,0.627136,68217.9,0.982592,43539.8
3840,4352,1536,0.738304,69535.4,1.06538,48187.9
3840,4352,1792,0.828384,72303,1.19827,49984.2
3840,4352,2048,0.929536,73640,1.30253,52552.5
3840,4352,2304,1.04198,73904.6,1.36448,56437.2
3840,4352,2560,1.14998,74404.3,1.43242,59733.9
3840,4352,2816,1.23146,76430,1.54486,60924.6
3840,4352,3072,1.34941,76090.1,1.62768,63081.5
3840,4352,3328,1.44752,76843.8,1.71517,64852.5
3840,4352,3584,1.54509,77529.1,1.82528,65627.9
3840,4352,3840,1.65786,77416.7,1.88374,68133.3
3840,4352,4096,1.73571,78873.7,1.99926,68476.2
3840,4352,4352,1.86835,77853.9,2.43152,59822
3840,4352,4608,1.96278,78467.5,2.45654,62695.7
3840,4352,4864,2.04723,79410.3,2.56666,63339.7
3840,4352,5120,2.18416,78349.4,2.8375,60309.2
3840,4352,5376,2.26922,79183.3,2.9,61960
3840,4352,5632,2.35958,79776.9,2.78736,67533.6
3840,4352,5888,2.46355,79883.3,2.8737,68482.1
3840,4352,6144,2.57222,79834.9,2.95011,69608.6
3840,4608,256,0.211936,42747.3,0.639712,14162.1
3840,4608,512,0.315904,57357.3,0.636672,28459.5
3840,4608,768,0.427904,63516.8,0.737856,36835.2
3840,4608,1024,0.526656,68809.2,0.878816,41235.9
3840,4608,1280,0.640544,70718.8,0.977024,46363.7
3840,4608,1536,0.737568,73699.2,1.10608,49144.9
3840,4608,1792,0.836576,75806.5,1.18144,53678.5
3840,4608,2048,0.92896,78020.1,1.29939,55778.1
3840,4608,2304,1.04368,78124.8,1.39942,58264.9
3840,4608,2560,1.15917,78156.9,1.46544,61822.4
3840,4608,2816,1.24086,80312.3,1.51558,65754.6
3840,4608,3072,1.35312,80345,1.62435,66929.1
3840,4608,3328,1.45286,81064.7,1.70339,69142.1
3840,4608,3584,1.5544,81597.9,1.79581,70628.8
3840,4608,3840,1.67674,81047.6,1.87456,72494.6
3840,4608,4096,1.74022,83296.8,1.96646,73713.6
3840,4608,4352,1.8681,82444.8,2.50576,61464.3
3840,4608,4608,1.96029,83189.1,2.58496,63085.9
3840,4608,4864,2.0647,83369.9,2.67702,64300.6
3840,4608,5120,2.20643,82120.8,2.90896,62288.2
3840,4608,5376,2.28157,83387.2,2.95661,64348.6
3840,4608,5632,2.36896,84135.4,2.95085,67544.4
3840,4608,5888,2.47571,84166.9,3.03402,68678.9
3840,4608,6144,2.59341,83840.5,3.12486,69581.5
3840,4864,256,0.22976,41621.7,0.578816,16521.7
3840,4864,512,0.343456,55687,0.655616,29172.6
3840,4864,768,0.466432,61507.4,0.778688,36842.8
3840,4864,1024,0.57776,66207.5,0.9072,42165
3840,4864,1280,0.704352,67885.2,1.05334,45393.6
3840,4864,1536,0.814112,70479.3,1.19856,47872.5
3840,4864,1792,0.91872,72863.4,1.30675,51227.1
3840,4864,2048,1.01414,75437.1,1.37302,55719.4
3840,4864,2304,1.14496,75170.4,1.44496,59563.7
3840,4864,2560,1.27021,75287,1.56237,61208.5
3840,4864,2816,1.40688,74770.5,1.61552,65114.1
3840,4864,3072,1.48557,77247.3,1.83043,62693.5
3840,4864,3328,1.59232,78074.2,1.84125,67519
3840,4864,3584,1.69846,78825.4,2.01709,66374
3840,4864,3840,1.83098,78343.6,2.08032,68953.4
3840,4864,4096,1.9033,80391.2,2.19994,69551.2
3840,4864,4352,2.04736,79405.3,2.56566,63364.2
3840,4864,4608,2.14672,80184.8,2.67392,64375.2
3840,4864,4864,2.25485,80580.7,2.74163,66273.4
3840,4864,5120,2.39344,79910.2,3.0529,62648.8
3840,4864,5376,2.49155,80601.7,3.19648,62826.4
3840,4864,5632,2.58979,81236.8,3.07782,68355.5
3840,4864,5888,2.7048,81318.1,3.20461,68635.3
3840,4864,6144,2.94134,78029.7,3.24246,70783.3
3840,5120,256,0.2448,41120.6,0.555168,18132
3840,5120,512,0.359264,56038.6,0.6496,30992.4
3840,5120,768,0.485184,62242.3,0.787424,38351.6
3840,5120,1024,0.599776,67133.9,0.931872,43209.1
3840,5120,1280,0.737888,68210.4,1.01488,49593.7
3840,5120,1536,0.845568,71428.9,1.14765,52627.6
3840,5120,1792,0.95984,73412.6,1.22723,57417.3
3840,5120,2048,1.05936,76018.2,1.32755,60661
3840,5120,2304,1.1976,75648.8,1.49818,60471.5
3840,5120,2560,1.32131,76184.4,1.6287,61805.8
3840,5120,2816,1.41325,78351.2,1.70093,65099.5
3840,5120,3072,1.55363,77750.7,1.83885,65691.1
3840,5120,3328,1.65366,79134.7,2.02499,64623.6
3840,5120,3584,1.77402,79440.4,2.22397,63368.1
3840,5120,3840,1.91674,78777.1,2.24976,67116
3840,5120,4096,1.98733,81044.1,2.30634,69834.3
3840,5120,4352,2.13872,80014,2.66477,64218.6
3840,5120,4608,2.2512,80487.7,2.75766,65705.6
3840,5120,4864,2.3505,81370.2,2.82774,67637
3840,5120,5120,2.51571,80027.7,3.16317,63647.1
3840,5120,5376,2.60646,81103.3,3.20835,65888.3
3840,5120,5632,2.70906,81747.8,3.28992,67314.5
3840,5120,5888,2.82333,82004.5,3.29398,70287.4
3840,5120,6144,2.95469,81765.6,3.39235,71216.6
3840,5376,256,0.248768,42488,0.559712,18884.1
3840,5376,512,0.364832,57942.5,0.741824,28496.4
3840,5376,768,0.49136,64533,0.795808,39845
3840,5376,1024,0.610528,69249.2,0.976256,43306.9
3840,5376,1280,0.73696,71711.1,1.0543,50126.2
3840,5376,1536,0.85312,74336.4,1.13194,56026
3840,5376,1792,0.968416,76400.6,1.27274,58132.7
3840,5376,2048,1.06918,79085.7,1.35152,62564.5
3840,5376,2304,1.20282,79086.8,1.50128,63363.8
3840,5376,2560,1.33146,79384.1,1.61178,65577.6
3840,5376,2816,1.42019,81866.5,1.79046,64936.3
3840,5376,3072,1.56035,81286.6,1.90518,66574
3840,5376,3328,1.67392,82086,2.10208,65366.4
3840,5376,3584,1.78387,82951.6,2.2839,64790.4
3840,5376,3840,1.92621,82309.2,2.35344,67367.2
3840,5376,4096,1.99741,84666.9,2.53046,66831.4
3840,5376,4352,2.15395,83420.6,2.78867,64433.5
3840,5376,4608,2.25891,84223.6,2.84074,66973.4
3840,5376,4864,2.3704,84721.3,2.98074,67373.7
3840,5376,5120,2.51603,84018.4,3.29738,64109.4
3840,5376,5376,2.61011,85039.5,3.44742,64385.1
3840,5376,5632,2.71354,85693.4,3.37203,68959.1
3840,5376,5888,2.83946,85615.6,3.4152,71182.3
3840,5376,6144,2.97341,85313.4,3.56307,71194.6
3840,5632,256,0.263264,42060.3,0.625216,17710.6
3840,5632,512,0.394528,56132.7,0.714432,30997.9
3840,5632,768,0.553632,60001.7,0.902272,36816.9
3840,5632,1024,0.679424,65190.3,1.00938,43880.4
3840,5632,1280,0.81216,68169.8,1.15104,48099.8
3840,5632,1536,0.95696,69425.9,1.28,51904.5
3840,5632,1792,1.06362,72874.7,1.34397,57673.1
3840,5632,2048,1.19206,74311.2,1.49312,59327.9
3840,5632,2304,1.34621,74027.7,1.56762,63572.1
3840,5632,2560,1.49555,74039.3,1.7321,63928.1
3840,5632,2816,1.54842,78662.7,1.86474,65318.9
3840,5632,3072,1.74797,76017.2,1.98675,66880.8
3840,5632,3328,1.87837,76634.9,2.28573,62977.1
3840,5632,3584,2.00125,77462.4,2.39786,64650
3840,5632,3840,2.1607,76870.5,2.52752,65714.4
3840,5632,4096,2.17747,81363.8,2.6175,67685.6
3840,5632,4352,2.42227,77712.3,3.04858,61747
3840,5632,4608,2.5312,78742.6,3.01382,66133
3840,5632,4864,2.66403,78972.9,3.09402,67997.8
3840,5632,5120,2.82182,78480.9,3.37037,65707.7
3840,5632,5376,2.85962,81315.9,3.56947,65144.7
3840,5632,5632,2.96669,82113.5,3.61178,67447.5
3840,5632,5888,3.09626,82253.6,3.59034,70934.3
3840,5632,6144,3.33539,79676.1,3.73837,71087.5
3840,5888,256,0.271712,42605,0.646176,17915.1
3840,5888,512,0.410688,56375.1,0.73952,31307.5
3840,5888,768,0.554112,62674.8,0.927232,37454.3
3840,5888,1024,0.685088,67590,1.01584,45583.1
3840,5888,1280,0.841312,68799,1.13965,50788.8
3840,5888,1536,0.973536,71345.8,1.31379,52868.1
3840,5888,1792,1.08787,74488.5,1.38614,58460
3840,5888,2048,1.2009,77117.6,1.47254,62891.3
3840,5888,2304,1.35715,76768.5,1.87056,55698
3840,5888,2560,1.50586,76875.1,2.00608,57706
3840,5888,2816,1.60102,79536,2.12496,59925.4
3840,5888,3072,1.76374,78761.6,2.32816,59667.4
3840,5888,3328,1.89891,79251.5,2.40854,62482.4
3840,5888,3584,2.0175,80330.9,2.58784,62626.7
3840,5888,3840,2.18048,79635.8,2.70518,64189.4
3840,5888,4096,2.24451,82521.5,2.82304,65610.3
3840,5888,4352,2.43651,80769.9,3.15178,62440
3840,5888,4608,2.5585,81443.6,3.08579,67526.6
3840,5888,4864,2.68621,81881,3.23504,67989.7
3840,5888,5120,2.85539,81083.6,3.69962,62581
3840,5888,5376,2.9783,81624.3,3.69571,65779.4
3840,5888,5632,3.07802,82741,3.62384,70278.5
3840,5888,5888,3.21104,82918.4,3.71965,71580.5
3840,5888,6144,3.36672,82522.7,3.8431,72293.3
3840,6144,256,0.277088,43594.8,0.595904,20271
3840,6144,512,0.41424,58321.7,0.699072,34558.9
3840,6144,768,0.556736,65091.5,0.926464,39115.2
3840,6144,1024,0.68944,70083.5,1.07091,45118.9
3840,6144,1280,0.843712,71586,1.14912,52560.2
3840,6144,1536,0.977952,74111.6,1.4408,50303.7
3840,6144,1792,1.10403,76589.4,1.4303,59118.3
3840,6144,2048,1.20394,80267.4,1.59891,60439.1
3840,6144,2304,1.3727,79198.7,1.99648,54454
3840,6144,2560,1.51181,79901.6,2.01427,59970
3840,6144,2816,1.60406,82836.8,2.1536,61699.3
3840,6144,3072,1.75821,82444.8,2.3031,62939
3840,6144,3328,1.89306,82953,2.43034,64614.4
3840,6144,3584,2.01466,83942,2.54464,66459
3840,6144,3840,2.17798,83193.4,2.70992,66863.2
3840,6144,4096,2.24797,85977,3.01635,64075.3
3840,6144,4352,2.43229,84428,3.08147,66641.2
3840,6144,4608,2.55027,85258.6,3.39981,63954.4
3840,6144,4864,2.68093,85609.3,3.39814,67540.5
3840,6144,5120,2.83968,85077.2,3.6392,66386
3840,6144,5376,2.96106,85669.3,3.93293,64499.4
3840,6144,5632,3.07027,86556.2,3.70781,71673.4
3840,6144,5888,3.20499,86686.9,3.94486,70428.5
3840,6144,6144,3.35238,86478.8,3.93907,73598.6
4096,256,256,0.023712,22641.3,0.350528,1531.61
4096,256,512,0.034112,31477,0.360224,2980.76
4096,256,768,0.045152,35670.9,0.41136,3915.34
4096,256,1024,0.054208,39615.6,0.412832,5201.83
4096,256,1280,0.062464,42974.4,0.44992,5966.29
4096,256,1536,0.07408,43483.1,0.39376,8180.68
4096,256,1792,0.083296,45117.4,0.516288,7279.07
4096,256,2048,0.088992,48262.4,0.600896,7147.61
4096,256,2304,0.10256,47112.3,0.504576,9576.04
4096,256,2560,0.1104,48629.6,0.588096,9128.97
4096,256,2816,0.121248,48706.6,0.518176,11396.9
4096,256,3072,0.131712,48913.2,0.498816,12915.5
4096,256,3328,0.140032,49840.9,0.610496,11432.2
4096,256,3584,0.148704,50544.7,0.504576,14896.1
4096,256,3840,0.158944,50666,0.693664,11609.5
4096,256,4096,0.16224,52945.8,0.982752,8740.69
4096,256,4352,0.177856,51315.7,0.514976,17722.8
4096,256,4608,0.18768,51490.2,0.562016,17194.7
4096,256,4864,0.199136,51224,0.530176,19239.9
4096,256,5120,0.21216,50610,0.596384,18004.2
4096,256,5376,0.219648,51328.9,0.681024,16554.9
4096,256,5632,0.22928,51514.1,0.611584,19312.4
4096,256,5888,0.237216,52054,0.57104,21623.8
4096,256,6144,0.245888,52401.5,0.610144,21117.8
4096,512,256,0.032544,32993.5,0.407456,2635.23
4096,512,512,0.04784,44888.9,0.382272,5617.68
4096,512,768,0.062048,51915.1,0.423808,7600.67
4096,512,1024,0.077344,55530.7,0.43744,9818.41
4096,512,1280,0.090816,59116.3,0.445056,12063
4096,512,1536,0.108416,59423.4,0.59344,10856.1
4096,512,1792,0.119776,62752.1,0.468704,16036.1
4096,512,2048,0.134848,63700.9,0.502144,17106.5
4096,512,2304,0.148416,65112.1,0.474912,20348.4
4096,512,2560,0.163456,65690,0.498528,21538.2
4096,512,2816,0.178112,66313.1,0.58528,20180.4
4096,512,3072,0.196704,65504,0.618272,20840.2
4096,512,3328,0.206208,67692.1,0.5664,24644.5
4096,512,3584,0.219872,68368.8,0.5944,25290
4096,512,3840,0.23488,68571.7,0.609536,26423.6
4096,512,4096,0.248256,69202.2,0.64336,26703.4
4096,512,4352,0.263712,69218,0.677664,26936.1
4096,512,4608,0.276864,69808.1,0.63792,30297.5
4096,512,4864,0.292704,69698.7,0.767616,26577.2
4096,512,5120,0.304672,70485.1,0.695968,30856.1
4096,512,5376,0.31872,70747.3,0.885056,25477
4096,512,5632,0.333312,70871.5,0.740864,31884.8
4096,512,5888,0.349504,70660.3,0.74608,33101.1
4096,512,6144,0.363424,70908.4,0.780768,33005.7
4096,768,256,0.052224,30840.5,0.385376,4179.33
4096,768,512,0.07376,43671.7,0.406368,7926.87
4096,768,768,0.098144,49232.1,0.418592,11543.1
4096,768,1024,0.120256,53572.8,0.507328,12698.8
4096,768,1280,0.147296,54672.7,0.613536,13125.7
4096,768,1536,0.169664,56957.7,0.655488,14742.7
4096,768,1792,0.195072,57795.5,0.644448,17494.5
4096,768,2048,0.214048,60196.3,0.653504,19716.6
4096,768,2304,0.240096,60373.8,0.669088,21664.6
4096,768,2560,0.266304,60480.2,0.625408,25753
4096,768,2816,0.288672,61373.3,0.625248,28335.5
4096,768,3072,0.314272,61498.8,0.659776,29293.8
4096,768,3328,0.335136,62476,0.689696,30358.3
4096,768,3584,0.358016,62982,0.796832,28297.8
4096,768,3840,0.383648,62972.3,0.797504,30293.5
4096,768,4096,0.399008,64584.7,0.803392,32076.3
4096,768,4352,0.428704,63867.9,0.752064,36407
4096,768,4608,0.452928,64008,0.80928,35823.2
4096,768,4864,0.47712,64138.2,0.8008,38213.8
4096,768,5120,0.504256,63880.8,0.898624,35846.2
4096,768,5376,0.525184,64401.9,0.906944,37293.2
4096,768,5632,0.549952,64430.1,0.847424,41813.2
4096,768,5888,0.575136,64409.3,0.85952,43098.6
4096,768,6144,0.592288,65263.4,0.916448,42178.8
4096,1024,256,0.061696,34807.5,0.38288,5608.76
4096,1024,512,0.09024,47594.9,0.397248,10811.8
4096,1024,768,0.11712,55007.3,0.471744,13656.7
4096,1024,1024,0.14672,58546.4,0.455072,18876
4096,1024,1280,0.17568,61119.2,0.50656,21196.7
4096,1024,1536,0.203712,63250.6,0.59136,21788.6
4096,1024,1792,0.23424,64175.1,0.6064,24789.6
4096,1024,2048,0.259584,66182.3,0.648384,26496.4
4096,1024,2304,0.288544,66982.3,0.676928,28551.6
4096,1024,2560,0.32048,67008.4,0.765632,28048.5
4096,1024,2816,0.345184,68434,0.739136,31959.4
4096,1024,3072,0.374336,68841.4,0.778624,33096.6
4096,1024,3328,0.40288,69294.3,0.895136,31187.8
4096,1024,3584,0.431808,69625.3,0.908704,33085.3
4096,1024,3840,0.46192,69735.6,0.875712,36784.1
4096,1024,4096,0.48768,70455.5,1.01018,34013.6
4096,1024,4352,0.518208,70449,0.887232,41147.3
4096,1024,4608,0.548832,70430.9,1.01859,37949.2
4096,1024,4864,0.574976,70963.3,0.926688,44030.1
4096,1024,5120,0.606304,70838.5,1.04381,41147.1
4096,1024,5376,0.631488,71414.1,1.06742,42248.6
4096,1024,5632,0.6616,71409.7,0.986592,47886.7
4096,1024,5888,0.689408,71644.3,1.01341,48738.6
4096,1024,6144,0.716064,71976.3,1.02339,50361.6
4096,1280,256,0.064224,41796.8,0.401152,6691.61
4096,1280,512,0.092384,58113,0.431392,12445.1
4096,1280,768,0.121344,66365.6,0.42784,18822.6
4096,1280,1024,0.14976,71697.5,0.484256,22173
4096,1280,1280,0.179104,74938.4,0.53856,24921.6
4096,1280,1536,0.20624,78094.1,0.584192,27569.9
4096,1280,1792,0.235168,79902.4,0.652096,28815.5
4096,1280,2048,0.262048,81950,0.636928,33716.3
4096,1280,2304,0.293696,82259.2,0.762304,31692.3
4096,1280,2560,0.32144,83510.3,0.67088,40012.4
4096,1280,2816,0.350336,84284.5,0.731008,40393.4
4096,1280,3072,0.376064,85656.3,0.709824,45380.6
4096,1280,3328,0.404896,86186.6,0.737984,47286.4
4096,1280,3584,0.433792,86633.6,0.838304,44829.8
4096,1280,3840,0.464512,86683.1,0.798112,50450.7
4096,1280,4096,0.489728,87701.1,0.840224,51116.9
4096,1280,4352,0.52048,87676.8,0.999552,45654.5
4096,1280,4608,0.545376,88596.5,1.07222,45063.7
4096,1280,4864,0.579008,88086.4,0.98544,51756.3
4096,1280,5120,0.606112,88576.2,1.08694,49392.7
4096,1280,5376,0.631584,89254.1,1.10525,51003.4
4096,1280,5632,0.661664,89253.5,1.10438,53474
4096,1280,5888,0.691616,89269.4,1.12106,55073.2
4096,1280,6144,0.725696,88776.2,1.21168,53169.6
4096,1536,256,0.079008,40770.9,0.410368,7849.6
4096,1536,512,0.1296,49710.3,0.520512,12377.1
4096,1536,768,0.176032,54897.3,0.566144,17069.3
4096,1536,1024,0.215296,59847.4,0.557888,23095.9
4096,1536,1280,0.258976,62191.6,0.591616,27224
4096,1536,1536,0.300064,64410.8,0.624384,30954.3
4096,1536,1792,0.311936,72285.9,0.667552,33778
4096,1536,2048,0.381024,67633,0.706048,36498.7
4096,1536,2304,0.43024,67383.4,0.815808,35536.6
4096,1536,2560,0.476224,67641,0.823616,39110.8
4096,1536,2816,0.5144,68883.1,0.89984,39377.5
4096,1536,3072,0.560704,68939.6,0.894112,43232.5
4096,1536,3328,0.599968,69796.9,0.932896,44888.1
4096,1536,3584,0.644416,69981.4,0.978368,46094.3
4096,1536,3840,0.621312,77768.3,1.05235,45914.7
4096,1536,4096,0.726016,70989.6,1.07165,48093.8
4096,1536,4352,0.692384,79090.3,1.13757,48138.5
4096,1536,4608,0.816064,71050.9,1.15254,50307.9
4096,1536,4864,0.85808,71325.8,1.24662,49095.2
4096,1536,5120,0.908832,70887.1,1.35379,47588.2
4096,1536,5376,0.94656,71464.8,1.35725,49840.4
4096,1536,5632,0.986368,71846.4,1.28422,55182.7
4096,1536,5888,0.919904,80539,1.28707,57563.4
4096,1536,6144,1.08032,71561.6,1.40685,54952.2
4096,1792,256,0.089056,42199.2,0.589728,6372.59
4096,1792,512,0.134816,55751.5,0.465312,16153
4096,1792,768,0.176224,63977,0.539232,20908
4096,1792,1024,0.217952,68971.1,0.531008,28309.2
4096,1792,1280,0.264576,71021.1,0.653376,28759.1
4096,1792,1536,0.3056,73784.6,0.656288,34357.7
4096,1792,1792,0.346496,75922,0.664896,39565.1
4096,1792,2048,0.387296,77627.4,0.705408,42620.4
4096,1792,2304,0.43056,78555.5,0.952288,35517.5
4096,1792,2560,0.4776,78687.1,1.10762,33929.6
4096,1792,2816,0.520256,79459.1,1.1121,37172.2
4096,1792,3072,0.562368,80191.5,1.14752,39299.7
4096,1792,3328,0.60544,80693.8,1.2025,40628.2
4096,1792,3584,0.64592,81454.9,1.2495,42107.4
4096,1792,3840,0.694784,81135.2,1.2624,44654.2
4096,1792,4096,0.728768,82508.5,1.33891,44909.3
4096,1792,4352,0.778944,82018.3,1.28842,49586.2
4096,1792,4608,0.817248,82772.6,1.32659,50992.1
4096,1792,4864,0.85888,83136,1.35974,52512.7
4096,1792,5120,0.911296,82478.1,1.40493,53498.8
4096,1792,5376,0.949792,83091.9,1.55693,50689.6
4096,1792,5632,0.989728,83536.2,1.48797,55564.4
4096,1792,5888,1.03222,83737.8,1.49654,57757.2
4096,1792,6144,1.07798,83669.4,1.53216,58867.4
4096,2048,256,0.106592,40293.5,0.487584,8808.67
4096,2048,512,0.172064,49922.9,0.463232,18543.5
4096,2048,768,0.217408,59266,0.573472,22468.2
4096,2048,1024,0.267936,64119.3,0.581536,29542.2
4096,2048,1280,0.326048,65864,0.716448,29974
4096,2048,1536,0.376928,68368,0.775392,33234.5
4096,2048,1792,0.42704,70402.7,0.815808,36852.8
4096,2048,2048,0.471328,72899.8,0.873024,39357.2
4096,2048,2304,0.533184,72497.9,0.88496,43679.6
4096,2048,2560,0.58832,73003.9,0.884768,48543.4
4096,2048,2816,0.634944,74407.6,0.984352,47995.7
4096,2048,3072,0.696224,74027.3,1.00394,51337.5
4096,2048,3328,0.74976,74469.9,1.13466,49208.4
4096,2048,3584,0.794272,75704,1.17738,51070.8
4096,2048,3840,0.846848,76075.6,1.25062,51513.9
4096,2048,4096,0.878464,78226.9,1.34595,51056.4
4096,2048,4352,0.949536,76894.9,1.3472,54197.2
4096,2048,4608,1.00275,77097.2,1.39152,55557.5
4096,2048,4864,1.05184,77582.5,1.43411,56902.4
4096,2048,5120,1.12694,76223.3,1.55629,55195
4096,2048,5376,1.16282,77565.4,1.6047,56206.2
4096,2048,5632,1.21786,77586.6,1.5888,59472.1
4096,2048,5888,1.26701,77966.6,1.63139,60552.1
4096,2048,6144,1.32714,77670.4,1.67629,61492.5
4096,2304,256,0.113344,42629.9,0.44352,10894.3
4096,2304,512,0.178048,54275.7,0.510176,18941.8
4096,2304,768,0.236064,61405,0.586144,24730.3
4096,2304,1024,0.289984,66649.7,0.675392,28616.5
4096,2304,1280,0.350784,68872,0.715968,33743.4
4096,2304,1536,0.406048,71398,0.724384,40021.6
4096,2304,1792,0.462496,73131.2,0.802272,42158.9
4096,2304,2048,0.518016,74620.7,0.921344,41954.7
4096,2304,2304,0.577312,75325.9,0.989024,43969.1
4096,2304,2560,0.641312,75343,0.9936,48629.6
4096,2304,2816,0.693792,76608.3,1.01421,52405.6
4096,2304,3072,0.751968,77107.1,1.12131,51709.1
4096,2304,3328,0.807744,77764.6,1.10726,56728.9
4096,2304,3584,0.864704,78229.9,1.16483,58073.4
4096,2304,3840,0.930048,77928.9,1.24896,58030.3
4096,2304,4096,0.971104,79609.8,1.31878,58621.7
4096,2304,4352,1.04272,78775.9,1.49987,54765.5
4096,2304,4608,1.09114,79708.8,1.52554,57011.5
4096,2304,4864,1.15203,79689.6,1.54429,59448.1
4096,2304,5120,1.22861,78655.5,1.72288,56090.2
4096,2304,5376,1.27184,79781,1.77789,57072.6
4096,2304,5632,1.32298,80349.5,1.66666,63780.7
4096,2304,5888,1.38618,80171.8,1.74406,63720.3
4096,2304,6144,1.44723,80128.2,1.83203,63298.1
4096,2560,256,0.121376,44232,0.480192,11180.3
4096,2560,512,0.180768,59398.9,0.527232,20365.6
4096,2560,768,0.24144,66708.6,0.565088,28502
4096,2560,1024,0.293984,73047.6,0.619424,34669
4096,2560,1280,0.35696,75200.4,0.688704,38976.9
4096,2560,1536,0.411456,78288.5,0.766432,42028.8
4096,2560,1792,0.467168,80444.2,0.81136,46318.5
4096,2560,2048,0.521088,82423.1,0.851456,50442.6
4096,2560,2304,0.580416,83247.8,0.955872,50549
4096,2560,2560,0.641376,83706.1,1.00499,53420.4
4096,2560,2816,0.692064,85332.9,1.05638,55903.7
4096,2560,3072,0.75632,85181.5,1.11274,57897.4
4096,2560,3328,0.809024,86268.4,1.1448,60965.4
4096,2560,3584,0.864864,86906.1,1.17011,64234.8
4096,2560,3840,0.930304,86563.8,1.3377,60201
4096,2560,4096,0.9704,88519.5,1.30525,65810.7
4096,2560,4352,1.03837,87895.7,1.55523,58684.5
4096,2560,4608,1.09552,88210.9,1.63702,59032
4096,2560,4864,1.1497,88723.9,1.67411,60931.1
4096,2560,5120,1.22077,87956.3,1.85069,58018.5
4096,2560,5376,1.26669,89006,1.87744,60051.4
4096,2560,5632,1.32154,89374.5,1.84822,63905.5
4096,2560,5888,1.37805,89605.2,1.88515,65501.5
4096,2560,6144,1.43738,89641.8,1.94621,66205.2
4096,2816,256,0.135072,43721.7,0.4952,11925.6
4096,2816,512,0.208704,56592.9,0.55376,21329
4096,2816,768,0.292896,60488.2,0.5712,31016.7
4096,2816,1024,0.361952,65263.7,0.700192,33736.9
4096,2816,1280,0.44032,67060.1,0.945888,31217.1
4096,2816,1536,0.511968,69210.3,0.939232,37726
4096,2816,1792,0.579552,71329.3,1.05629,39136.2
4096,2816,2048,0.644576,73295.7,1.12592,41960.9
4096,2816,2304,0.723104,73502.9,1.18989,44668.3
4096,2816,2560,0.799488,73867,1.26246,46778.2
4096,2816,2816,0.86,75536.5,1.31382,49444.5
4096,2816,3072,0.939648,75418.6,1.32893,53326.4
4096,2816,3328,1.00787,76172.9,1.45126,52900.5
4096,2816,3584,1.07334,77028.5,1.49283,55383.4
4096,2816,3840,1.15958,76392.7,1.58221,55987.4
4096,2816,4096,1.12794,83771.8,1.53584,61522.9
4096,2816,4352,1.30282,77059.9,1.74518,57526.8
4096,2816,4608,1.36854,77674.1,1.83907,57801.1
4096,2816,4864,1.44157,77836.1,1.85616,60450.6
4096,2816,5120,1.53302,77044.9,2.10224,56183.7
4096,2816,5376,1.59293,77854.9,2.12762,58289.3
4096,2816,5632,1.66099,78220,2.07254,62687.6
4096,2816,5888,1.73405,78330.2,2.15875,62919.8
4096,2816,6144,1.80496,78524.7,2.22093,63817.4
4096,3072,256,0.144064,44719.4,0.482848,13342.6
4096,3072,512,0.224128,57489,0.573632,22462
4096,3072,768,0.300672,64280.5,0.701248,27561.4
4096,3072,1024,0.374752,68765,0.747872,34457.5
4096,3072,1280,0.455168,70770,0.861024,37411.6
4096,3072,1536,0.524288,73728,0.93056,41539.2
4096,3072,1792,0.586784,76854.8,0.980832,45978.5
4096,3072,2048,0.645792,79808.4,1.02445,50309.6
4096,3072,2304,0.724896,79986.7,1.39702,41504
4096,3072,2560,0.805536,79977.2,1.4665,43930.9
4096,3072,2816,0.8672,81719.3,1.60406,44179.6
4096,3072,3072,0.946272,81698.9,1.52214,50789.8
4096,3072,3328,1.01424,82576,1.58374,52882.2
4096,3072,3584,1.08477,83146.2,1.66144,54286.8
4096,3072,3840,1.168,82737,1.76522,54745
4096,3072,4096,1.21699,84700,1.83558,56156.1
4096,3072,4352,1.30739,83771.1,1.8591,58911
4096,3072,4608,1.37469,84356.7,1.93178,60029.8
4096,3072,4864,1.44646,84624.7,1.98979,61517.3
4096,3072,5120,1.5513,83059,2.1984,58610.4
4096,3072,5376,1.60723,84176.7,2.22534,60795.8
4096,3072,5632,1.68317,84206.6,2.21581,63964.9
4096,3072,5888,1.74454,84937,2.288,64762.4
4096,3072,6144,1.8207,84922.5,2.32403,66530.4
4096,3328,256,0.164384,42457.4,0.53312,13091.5
4096,3328,512,0.254944,54751.8,0.604,23110.3
4096,3328,768,0.35408,59133.4,0.66224,31616.9
4096,3328,1024,0.42976,64960.2,0.69248,40314.9
4096,3328,1280,0.522624,66771.9,0.886464,39366.1
4096,3328,1536,0.599456,69856.6,0.963008,43484.5
4096,3328,1792,0.66848,73084.1,1.09811,44490.2
4096,3328,2048,0.734368,76030.8,1.12285,49725.9
4096,3328,2304,0.833504,75361.2,1.26896,49500.3
4096,3328,2560,0.9208,75796.3,1.43382,48676.3
4096,3328,2816,0.986304,77838.6,1.41955,54082.2
4096,3328,3072,1.08474,77209.4,1.49683,55952.7
4096,3328,3328,1.16045,78186.3,1.59222,56983.9
4096,3328,3584,1.24038,78774.4,1.70586,57279.5
4096,3328,3840,1.3345,78449,1.84144,56852.2
4096,3328,4096,1.37776,81051.2,1.81206,61625.4
4096,3328,4352,1.49693,79261.3,1.988,59682.3
4096,3328,4608,1.57456,79786,2.06528,60828.5
4096,3328,4864,1.66221,79777.7,2.13597,62082.9
4096,3328,5120,1.7848,78208.4,2.37075,58878.5
4096,3328,5376,1.83066,80061.9,2.46822,59381.1
4096,3328,5632,1.91142,80330.2,2.39184,64195.4
4096,3328,5888,1.99914,80296.9,2.44838,65563.4
4096,3328,6144,2.05875,81361.8,2.46026,68083.9
4096,3584,256,0.176192,42659.1,0.498752,15070
4096,3584,512,0.271808,55305.2,0.58224,25818.2
4096,3584,768,0.361472,62379.9,0.70688,31898.7
4096,3584,1024,0.451936,66524.4,0.752192,39969.5
4096,3584,1280,0.540096,69582,0.893632,42054.2
4096,3584,1536,0.61408,73438.6,0.903936,49889.8
4096,3584,1792,0.700832,75072.7,1.02864,51148.5
4096,3584,2048,0.778208,77266.7,1.13674,52896.7
4096,3584,2304,0.874624,77342.6,1.18861,56911.7
4096,3584,2560,0.970976,77408.6,1.2895,58287.5
4096,3584,2816,1.04211,79337.1,1.50397,54973.3
4096,3584,3072,1.1344,79508.4,1.43331,62927.2
4096,3584,3328,1.22186,79968.9,1.7265,56594.7
4096,3584,3584,1.3025,80788.5,1.84227,57117.9
4096,3584,3840,1.41251,79817.3,1.95283,57733
4096,3584,4096,1.46358,82167.5,2.04611,58774.4
4096,3584,4352,1.57869,80937.6,2.04534,62471.3
4096,3584,4608,1.66138,81433.4,2.24566,60245.6
4096,3584,4864,1.7512,81548.5,2.24502,63610.8
4096,3584,5120,1.87798,80045.3,2.54413,59086.6
4096,3584,5376,1.9359,81533,2.57443,61310.6
4096,3584,5632,2.00288,82559.2,2.45709,67297.6
4096,3584,5888,2.08694,82835.2,2.54765,67855.7
4096,3584,6144,2.1791,82781.1,2.57853,69958
4096,3840,256,0.182848,44042.4,0.506112,15911.6
4096,3840,512,0.272192,59171.9,0.613792,26240.4
4096,3840,768,0.364,66371.4,0.723648,33385.3
4096,3840,1024,0.449632,71641.4,0.790304,40759.3
4096,3840,1280,0.54128,74389.1,0.946112,42558.7
4096,3840,1536,0.622336,77640.3,1.04634,46178.6
4096,3840,1792,0.706528,79786.6,0.995808,56608.7
4096,3840,2048,0.781824,82402.8,1.14336,56346.7
4096,3840,2304,0.876288,82709.8,1.19046,60881.8
4096,3840,2560,0.97072,82959.7,1.26061,63882.4
4096,3840,2816,1.04547,84730.8,1.42685,62083.5
4096,3840,3072,1.13853,84878.7,1.55514,62140.4
4096,3840,3328,1.21942,85851.9,1.69696,61692.6
4096,3840,3584,1.30848,86163.3,1.712,65854.5
4096,3840,3840,1.40851,85761.4,1.86269,64850.3
4096,3840,4096,1.46675,87846.5,1.87043,68887.3
4096,3840,4352,1.58106,86589,2.17002,63088.1
4096,3840,4608,1.67456,86563.1,2.2536,64321.6
4096,3840,4864,1.76349,86764.5,2.47494,61822.9
4096,3840,5120,1.86499,86360.3,2.66211,60501.3
4096,3840,5376,1.92214,87982.1,2.68301,63031.6
4096,3840,5632,2.00314,88445,2.58365,68572.6
4096,3840,5888,2.08451,88855.6,2.83722,65282.5
4096,3840,6144,2.17664,88794.4,2.80816,68825.7
4096,4096,256,0.206624,41572.8,0.528416,16256
4096,4096,512,0.313568,54788.3,0.64624,26584.3
4096,4096,768,0.421024,61207.4,0.713984,36093
4096,4096,1024,0.514848,66737.6,0.866208,39666.8
4096,4096,1280,0.625472,68667.6,0.935968,45888
4096,4096,1536,0.718912,71691.1,1.02822,50124.9
4096,4096,1792,0.815168,73763.4,1.13219,53109
4096,4096,2048,0.908512,75639.6,1.36365,50393.9
4096,4096,2304,0.98544,78451.7,1.34099,57650.9
4096,4096,2560,1.13453,75713.7,1.47926,58069
4096,4096,2816,1.21568,77725.5,1.54358,61214.2
4096,4096,3072,1.3263,77719.1,1.60198,64344.7
4096,4096,3328,1.42486,78371.8,1.77562,62890.4
4096,4096,3584,1.52835,78685.5,1.78963,67197.7
4096,4096,3840,1.65094,78045.7,1.90688,67570.6
4096,4096,4096,1.71664,80062.8,2.02291,67941.1
4096,4096,4352,1.84784,79026.8,2.37126,61582.7
4096,4096,4608,1.97165,78421.1,2.42381,63791.7
4096,4096,4864,1.9687,82901.6,2.51744,64831.2
4096,4096,5120,2.17821,78871.6,2.7927,61517
4096,4096,5376,2.24371,80397.4,3.07338,58694
4096,4096,5632,2.33469,80943.8,2.81533,67124.9
4096,4096,5888,2.4327,81213.5,2.89763,68182.7
4096,4096,6144,2.54333,81058.5,3.00538,68596.5
4096,4352,256,0.214848,42480.3,0.564096,16179.5
4096,4352,512,0.315936,57776.3,0.653952,27912.8
4096,4352,768,0.424992,64425.7,0.735936,37204.9
4096,4352,1024,0.52352,69734.2,0.996448,36637.4
4096,4352,1280,0.627392,72736.1,1.08723,41972.7
4096,4352,1536,0.728192,75201.1,1.11194,49248.2
4096,4352,1792,0.82336,77593.8,1.14819,55641.9
4096,4352,2048,0.911616,80093.4,1.29901,56207.8
4096,4352,2304,1.02771,79926.3,1.36157,60328.4
4096,4352,2560,1.14291,79855.7,1.3983,65270.5
4096,4352,2816,1.2223,82135.8,1.49261,67261.4
4096,4352,3072,1.34016,81722.8,1.74838,62641.7
4096,4352,3328,1.44144,82312.5,1.86893,63484.8
4096,4352,3584,1.5384,83057.2,1.81014,70588.5
4096,4352,3840,1.6655,82198.6,1.90554,71844.4
4096,4352,4096,1.71987,84906.8,2.17709,67075.3
4096,4352,4352,1.86614,83142.4,2.52989,61329.1
4096,4352,4608,1.95024,84237.1,2.56707,63996.1
4096,4352,4864,2.04048,84984.6,2.93043,59175.3
4096,4352,5120,2.17242,84024.5,3.06944,59468.9
4096,4352,5376,2.25248,85089.7,3.05101,62819.5
4096,4352,5632,2.34547,85607.4,2.94685,68137.1
4096,4352,5888,2.44522,85847.8,3.22166,65157.8
4096,4352,6144,2.54378,86109.5,3.136,69848
4096,4608,256,0.228832,42230.4,0.548448,17620
4096,4608,512,0.353568,54663.8,0.770528,25083.3
4096,4608,768,0.470848,61572,0.781568,37093.4
4096,4608,1024,0.575136,67209.7,1.1032,35038.7
4096,4608,1280,0.697792,69244.7,1.10826,43598.6
4096,4608,1536,0.809536,71623.8,1.31434,44115.1
4096,4608,1792,0.909536,74373.9,1.46186,46273.9
4096,4608,2048,0.994304,77752.3,1.37299,56307.3
4096,4608,2304,1.14298,76093.5,1.3969,62261.7
4096,4608,2560,1.26499,76393.2,1.60026,60388.3
4096,4608,2816,1.35344,78540.9,1.79424,59245.4
4096,4608,3072,1.48307,78191.8,1.79837,64483
4096,4608,3328,1.59149,78937.3,1.89466,66306.4
4096,4608,3584,1.70394,79399.4,1.97018,68669.7
4096,4608,3840,1.90502,76091,2.08026,69681.4
4096,4608,4096,1.89254,81698.9,2.2968,67319.2
4096,4608,4352,2.04944,80159.7,2.83274,57994.3
4096,4608,4608,2.15152,80848,2.73424,63617.7
4096,4608,4864,2.25504,81422,2.74515,66885.1
4096,4608,5120,2.38931,80890.9,2.98768,64690.2
4096,4608,5376,2.57056,78946.7,3.2608,62235.4
4096,4608,5632,2.58579,82218.9,3.04429,69836
4096,4608,5888,2.78829,79713.6,3.3177,66993.6
4096,4608,6144,2.81024,82529.7,3.24954,71372.7
4096,4864,256,0.242048,42142.7,0.590816,17265.2
4096,4864,512,0.359488,56750.4,0.796064,25627.5
4096,4864,768,0.481568,63545.8,0.83456,36668
4096,4864,1024,0.599488,68061.7,1.07312,38022
4096,4864,1280,0.723392,70505,1.08992,46794.9
4096,4864,1536,0.833184,73457.1,1.27741,47912.1
4096,4864,1792,0.944352,75611.5,1.2927,55236
4096,4864,2048,1.04147,78354.8,1.41616,57623.7
4096,4864,2304,1.18189,77676.5,1.49526,61397.1
4096,4864,2560,1.3145,77600.4,1.5728,64856
4096,4864,2816,1.4065,79777,1.71584,65394.2
4096,4864,3072,1.54746,79101.8,1.76349,69411.6
4096,4864,3328,1.65232,80255.1,1.88378,70394.3
4096,4864,3584,1.77187,80597.1,1.98618,71900.8
4096,4864,3840,1.90922,80141.9,2.11782,72247.8
4096,4864,4096,1.97085,82811.4,2.1929,74426.1
4096,4864,4352,2.13027,81402.4,2.66912,64968.7
4096,4864,4608,2.23222,82254.2,2.72541,67369.7
4096,4864,4864,2.33946,82844.2,2.82512,68602.5
4096,4864,5120,2.49072,81908.4,3.11296,65536
4096,4864,5376,2.58026,83019.5,3.32976,64332.4
4096,4864,5632,2.68749,83502.5,3.24528,69150.3
4096,4864,5888,2.80854,83535.3,3.31021,70875.5
4096,4864,6144,2.94346,83172,3.40032,71997.1
4096,5120,256,0.240288,44685.6,0.610624,17584.3
4096,5120,512,0.361952,59330.6,0.703232,30537.3
4096,5120,768,0.485824,66304.4,0.815552,39497.5
4096,5120,1024,0.596832,71962.8,0.922592,46553.3
4096,5120,1280,0.723456,74209.2,1.04438,51405.5
4096,5120,1536,0.84016,76681.2,1.11699,57676.8
4096,5120,1792,0.952896,78877.4,1.21571,61825.4
4096,5120,2048,1.04483,82213.5,1.33434,64376.1
4096,5120,2304,1.18106,81822.3,1.45315,66501.5
4096,5120,2560,1.31053,81932,1.57802,68043.8
4096,5120,2816,1.40339,84161.5,1.72038,68654.2
4096,5120,3072,1.5433,83489.5,1.84845,69706.6
4096,5120,3328,1.65162,84515.1,2.10656,66262.7
4096,5120,3584,1.76547,85146.6,2.22198,67653
4096,5120,3840,1.91168,84251.2,2.33478,68983.4
4096,5120,4096,1.97357,87049.8,2.4151,71135.1
4096,5120,4352,2.12045,86083.7,2.83926,64289.9
4096,5120,4608,2.22947,86690.3,2.84989,67817.9
4096,5120,4864,2.33885,87227.1,3.00691,67847.3
4096,5120,5120,2.47654,86712.9,3.23514,66380
4096,5120,5376,2.57523,87559.4,3.40435,66234.6
4096,5120,5632,2.68227,88068.3,3.32915,70956
4096,5120,5888,2.79674,88303.2,3.40608,72505.8
4096,5120,6144,2.92182,88197.7,3.4576,74530.9
4096,5376,256,0.26592,42397.3,0.644896,17482.3
4096,5376,512,0.404096,55800.1,0.687712,32787.8
4096,5376,768,0.551584,61319.5,0.920384,36748.6
4096,5376,1024,0.67472,66838.3,1.06429,42373.1
4096,5376,1280,0.825376,68297.9,1.17158,48115.6
4096,5376,1536,0.943328,71709.7,1.22218,55348.6
4096,5376,1792,1.07382,73494.4,1.34739,58572.4
4096,5376,2048,1.18432,76157,1.4952,60322.6
4096,5376,2304,1.34355,75522.6,1.62285,62525
4096,5376,2560,1.49357,75485.6,1.85661,60725.2
4096,5376,2816,1.58525,78232,2.0408,60768.9
4096,5376,3072,1.74835,77382.3,2.06189,65615.3
4096,5376,3328,1.8719,78297.7,2.21587,66143.6
4096,5376,3584,1.9944,79141.6,2.29363,68816.6
4096,5376,3840,2.16285,78190.6,2.46115,68713.5
4096,5376,4096,2.22374,81119.3,2.6048,69252.4
4096,5376,4352,2.41754,79280.3,3.04189,63007.9
4096,5376,4608,2.52816,80270.7,3.13334,64767
4096,5376,4864,2.63581,81269.8,3.1528,67943.3
4096,5376,5120,2.80653,80343.3,3.60205,62599.3
4096,5376,5376,2.91686,81169.4,3.67283,64462.5
4096,5376,5632,3.03232,81796.9,3.59901,68917.4
4096,5376,5888,3.1585,82098.8,3.64483,71144.2
4096,5376,6144,3.31069,81730.1,3.72058,72726.1
4096,5632,256,0.270368,43685.5,0.586976,20122
4096,5632,512,0.409152,57734.8,0.669376,35290.1
4096,5632,768,0.549536,64478.9,0.850688,41652.7
4096,5632,1024,0.676736,69812.5,1.03475,45657.9
4096,5632,1280,0.820832,71946.3,1.25514,47051.3
4096,5632,1536,0.9536,74315.2,1.24314,57006.6
4096,5632,1792,1.08666,76084.9,1.35942,60818.5
4096,5632,2048,1.18381,79818.1,1.60957,58704.7
4096,5632,2304,1.35222,78611.6,1.59331,66716.6
4096,5632,2560,1.49885,78801.6,1.72813,68346.6
4096,5632,2816,1.59398,81508.2,1.88003,69106.7
4096,5632,3072,1.75437,80789.2,1.98173,71520.4
4096,5632,3328,1.88416,81492.6,2.33776,65680.4
4096,5632,3584,2.00819,82340.8,2.49488,66278.2
4096,5632,3840,2.1729,81535.2,2.66352,66516.3
4096,5632,4096,2.22394,84974.8,2.75296,68645.6
4096,5632,4352,2.42912,82659.4,3.14762,63791
4096,5632,4608,2.54634,83492.9,3.18778,66692.5
4096,5632,4864,2.65939,84384.7,3.29395,68128.5
4096,5632,5120,2.84144,83135,3.67952,64199.5
4096,5632,5376,2.94954,84092.7,3.8288,64781.2
4096,5632,5632,3.05382,85088.6,3.76515,69013.3
4096,5632,5888,3.18208,85370.8,3.76573,72139.2
4096,5632,6144,3.35658,84451.5,3.87686,73117.8
4096,5888,256,0.283456,43562.4,0.60464,20422.1
4096,5888,512,0.434912,56784,0.721056,34249.9
4096,5888,768,0.594368,62325.2,0.989152,37450.4
4096,5888,1024,0.738624,66870.5,1.06976,46171.2
4096,5888,1280,0.903872,68306.3,1.18387,52151
4096,5888,1536,1.03578,71529.2,1.30742,56667.3
4096,5888,1792,1.17792,73380.4,1.47363,58655.2
4096,5888,2048,1.27056,77748.6,1.58342,62386.5
4096,5888,2304,1.47014,75592.8,1.95498,56845.9
4096,5888,2560,1.63066,75724.3,2.11379,58416.5
4096,5888,2816,1.72061,78942.1,2.25536,60224.7
4096,5888,3072,1.89709,78107.3,2.44845,60518.5
4096,5888,3328,2.03565,78856.7,2.50954,63965.8
4096,5888,3584,2.16602,79811.2,2.73293,63255.4
4096,5888,3840,2.40429,77037.6,2.81718,65746.7
4096,5888,4096,2.46083,80285.2,2.95526,66853.1
4096,5888,4352,2.60614,80546.8,3.1376,66903.5
4096,5888,4608,2.7297,81424.7,3.24592,68475.1
4096,5888,4864,2.86464,81899.5,3.37632,69487.7
4096,5888,5120,3.12013,79150.8,3.73638,66096.2
4096,5888,5376,3.16944,81815.3,3.91261,66275.1
4096,5888,5632,3.29475,82451.3,3.76294,72192.6
4096,5888,5888,3.43005,82799,3.95411,71825.2
4096,5888,6144,3.69674,80166.1,4.0457,73251.4
4096,6144,256,0.298624,43147.6,0.618912,20818.6
4096,6144,512,0.44992,57276.4,0.77552,33229.1
4096,6144,768,0.615328,62819.7,0.95472,40488
4096,6144,1024,0.760608,67761.1,1.06262,48502.2
4096,6144,1280,0.931296,69177.3,1.20947,53266.6
4096,6144,1536,1.0759,71855.3,1.4001,55217.2
4096,6144,1792,1.21552,74202.2,1.55379,58047.9
4096,6144,2048,1.32544,77769.8,1.66707,61832.5
4096,6144,2304,1.52509,76037.7,2.05139,56529.5
4096,6144,2560,1.6951,76012.5,2.21485,58175.1
4096,6144,2816,1.78243,79517.2,2.4135,58725.4
4096,6144,3072,1.97133,78433.8,2.54269,60809.2
4096,6144,3328,2.1201,79007.6,2.65597,63066.9
4096,6144,3584,2.26192,79750.2,2.81744,64025.7
4096,6144,3840,2.44141,79164.8,2.98662,64713
4096,6144,4096,2.47738,83216.4,3.0911,66694.1
4096,6144,4352,2.72282,80447.4,3.22083,68008.3
4096,6144,4608,2.84986,81382.4,3.36678,68887.2
4096,6144,4864,3.00272,81530.5,3.49258,70095.3
4096,6144,5120,3.17229,81234.1,3.8457,67009.5
4096,6144,5376,3.29632,82086.4,3.98314,67932.1
4096,6144,5632,3.44947,82177.2,4.01872,70536.8
4096,6144,5888,3.58822,82590.4,4.04464,73270.5
4096,6144,6144,3.7689,82049.9,4.14506,74604
4352,256,256,0.025216,22621.6,0.461408,1236.27
4352,256,512,0.035008,32588.3,0.3936,2898.5
4352,256,768,0.046592,36729,0.498656,3431.78
4352,256,1024,0.055808,40884.8,0.462944,4928.68
4352,256,1280,0.064128,44475.5,0.36096,7901.5
4352,256,1536,0.0728,47013.1,0.393248,8703.29
4352,256,1792,0.086048,46404.1,0.45136,8846.55
4352,256,2048,0.091616,49810.1,0.417472,10931
4352,256,2304,0.104192,49272.8,0.443904,11565.2
4352,256,2560,0.110624,51564.3,0.456448,12497.1
4352,256,2816,0.121088,51819.2,0.433408,14477.5
4352,256,3072,0.133152,51408.2,0.496576,13784.6
4352,256,3328,0.139584,53125.9,0.580544,12773.4
4352,256,3584,0.147552,54123,0.468544,17044.2
4352,256,3840,0.155104,55165.4,0.482464,17734.8
4352,256,4096,0.164352,55532.1,0.551712,16542.7
4352,256,4352,0.176672,54888.3,0.661056,14669.3
4352,256,4608,0.18672,54989.6,0.598944,17142.9
4352,256,4864,0.200608,54026.2,0.627168,17281
4352,256,5120,0.21056,54181.7,0.579872,19674.2
4352,256,5376,0.217696,55026,0.548832,21826.2
4352,256,5632,0.230336,54482.8,0.571296,21966.5
4352,256,5888,0.237792,55173.4,0.626688,20935.1
4352,256,6144,0.24368,56181.1,0.697056,19640
4352,512,256,0.034752,32828.3,0.392384,2907.49
4352,512,512,0.048768,46786.9,0.37248,6125.7
4352,512,768,0.06288,54429.9,0.398208,8594.89
4352,512,1024,0.077568,58831,0.473856,9630.36
4352,512,1280,0.090816,62811.1,0.5416,10532.2
4352,512,1536,0.106688,64160,0.470336,14553.6
4352,512,1792,0.120512,66266.9,0.522016,15298.3
4352,512,2048,0.132896,68676.3,0.485472,18799.9
4352,512,2304,0.14848,69151.8,0.519904,19749.1
4352,512,2560,0.162912,70028.6,0.522176,21848
4352,512,2816,0.1768,70980.5,0.52384,23956.5
4352,512,3072,0.192032,71291.3,0.52448,26102.4
4352,512,3328,0.206048,71978.7,0.543968,27264.6
4352,512,3584,0.220608,72399.5,0.548416,29123.7
4352,512,3840,0.234528,72966.8,0.558912,30618
4352,512,4096,0.249088,73281.8,0.57056,31992.4
4352,512,4352,0.263072,73723,0.6832,28387.7
4352,512,4608,0.27712,74102.6,0.64832,31674.7
4352,512,4864,0.292096,74209,0.616928,35135.6
4352,512,5120,0.308608,73935.3,0.682304,33441.1
4352,512,5376,0.319872,74898.3,0.833568,28741.3
4352,512,5632,0.335904,74719.9,0.676672,37091.4
4352,512,5888,0.34944,75090.3,0.750496,34963
4352,512,6144,0.364928,75029.6,0.77216,35459.5
4352,768,256,0.052576,32548.6,0.353952,4834.77
4352,768,512,0.075296,45454.6,0.386112,8864.14
4352,768,768,0.099136,51785.7,0.546848,9388.03
4352,768,1024,0.124192,55117.1,0.547808,12495.4
4352,768,1280,0.150496,56854.5,0.566688,15098.9
4352,768,1536,0.173312,59243.8,0.597984,17170.5
4352,768,1792,0.197056,60789.5,0.67104,17851.3
4352,768,2048,0.219232,62446.2,0.765984,17872.7
4352,768,2304,0.24336,63286.8,0.760544,20250.6
4352,768,2560,0.268352,63769.8,0.638304,26809.7
4352,768,2816,0.292192,64423.5,0.7272,25885.6
4352,768,3072,0.315616,65064.2,0.800256,25660.9
4352,768,3328,0.339328,65560.7,0.70064,31751.8
4352,768,3584,0.363456,65916.8,0.8736,27424.3
4352,768,3840,0.387904,66174,0.718272,35737.4
4352,768,4096,0.40496,67612.6,0.82784,33074.5
4352,768,4352,0.43552,66797.6,0.769184,37821.5
4352,768,4608,0.45904,67103,0.863424,35675.4
4352,768,4864,0.48224,67423.4,0.846464,38411.8
4352,768,5120,0.506176,67615.9,0.868288,39417.2
4352,768,5376,0.529664,67848.3,0.95952,37452.9
4352,768,5632,0.552896,68092.5,0.8688,43333.4
4352,768,5888,0.577984,68097.6,0.880448,44703.8
4352,768,6144,0.601408,68290.8,0.950432,43212.6
4352,1024,256,0.062624,36434.9,0.373632,6106.81
4352,1024,512,0.092928,49106.9,0.42256,10799.4
4352,1024,768,0.118656,57688.6,0.425888,16072.5
4352,1024,1024,0.147008,62083.7,0.469408,19443.2
4352,1024,1280,0.177408,64306.6,0.596704,19119.2
4352,1024,1536,0.203936,67129.9,0.575008,23808.7
4352,1024,1792,0.23216,68797,0.645792,24732.3
4352,1024,2048,0.261568,69785.3,0.610816,29884
4352,1024,2304,0.289088,71034.8,0.69104,29716.5
4352,1024,2560,0.319584,71396,0.781312,29203.5
4352,1024,2816,0.347296,72268.9,0.840672,29855.5
4352,1024,3072,0.377088,72610.1,0.829312,33015.8
4352,1024,3328,0.402624,73672,0.860832,34457.5
4352,1024,3584,0.433216,73736.5,0.804192,39721.6
4352,1024,3840,0.462688,73971.1,0.829536,41258.6
4352,1024,4096,0.48976,74541,0.990912,36842
4352,1024,4352,0.520064,74584.9,0.907072,42762.8
4352,1024,4608,0.5488,74837.1,0.89104,46092.9
4352,1024,4864,0.575168,75373.3,0.882208,49140.7
4352,1024,5120,0.606912,75190.5,0.977024,46707.2
4352,1024,5376,0.633696,75613.1,0.998624,47981.8
4352,1024,5632,0.660832,75961,1.08253,46370.6
4352,1024,5888,0.691552,75886,1.1161,47020.3
4352,1024,6144,0.71936,76124.4,1.02838,53249.4
4352,1280,256,0.078176,36483.4,0.41424,6885.2
4352,1280,512,0.118144,48282.2,0.45248,12606.6
4352,1280,768,0.154048,55543.6,0.488288,17523.2
4352,1280,1024,0.194048,58792.2,0.538752,21175.8
4352,1280,1280,0.234944,60698,0.576384,24741.5
4352,1280,1536,0.271648,62996.1,0.6232,27459.5
4352,1280,1792,0.310144,64373,0.66432,30053.1
4352,1280,2048,0.341184,66876,0.708704,32195.4
4352,1280,2304,0.385312,66619.1,0.871264,29462
4352,1280,2560,0.422816,67455.5,0.803712,35486.9
4352,1280,2816,0.4632,67731.9,0.888768,35299.9
4352,1280,3072,0.507968,67377.3,0.977888,34999.4
4352,1280,3328,0.539616,68711.2,0.945952,39196.1
4352,1280,3584,0.578848,68981.4,0.989088,40370.3
4352,1280,3840,0.613728,69708.2,1.01782,42032.7
4352,1280,4096,0.643552,70909.6,1.07597,42412.1
4352,1280,4352,0.6872,70556.1,1.0473,46296.5
4352,1280,4608,0.72368,70940.6,3.15136,16290.8
4352,1280,4864,0.763232,71001.2,1.09997,49265.4
4352,1280,5120,0.807776,70616.8,1.18141,48283.5
4352,1280,5376,0.851072,70375.6,1.1897,50344.5
4352,1280,5632,0.877152,71534.7,1.27024,49397.6
4352,1280,5888,0.9128,71865.6,1.34208,48878.5
4352,1280,6144,0.95376,71769.7,1.25901,54369
4352,1536,256,0.09392,36441.1,0.456,7505.6
4352,1536,512,0.134784,50785.7,0.501696,13643.9
4352,1536,768,0.178784,57430.5,0.499296,20564.3
4352,1536,1024,0.218496,62656.6,0.593696,23059.3
4352,1536,1280,0.266048,64322.1,0.621376,27540.1
4352,1536,1536,0.308448,66576.3,0.665792,30843.4
4352,1536,1792,0.35056,68341.7,0.682272,35114.8
4352,1536,2048,0.392288,69796.7,0.757344,36153.2
4352,1536,2304,0.435232,70773.7,0.792,38892.6
4352,1536,2560,0.482336,70957.8,0.836352,40922.4
4352,1536,2816,0.5216,72178.1,0.848608,44364.5
4352,1536,3072,0.56848,72246.4,0.907456,45259.1
4352,1536,3328,0.60832,73141.1,0.921632,48276.5
4352,1536,3584,0.655136,73138.6,0.963904,49710.1
4352,1536,3840,0.702976,73029.9,1.03523,49591.1
4352,1536,4096,0.735776,74426,1.04483,52411.1
4352,1536,4352,0.783776,74234.7,1.21299,47966.8
4352,1536,4608,0.829824,74239.8,1.14243,53925.3
4352,1536,4864,0.866624,75036.6,1.25546,51796.7
4352,1536,5120,0.92096,74325.7,1.23219,55552.3
4352,1536,5376,0.961888,74721.4,1.26877,56648.3
4352,1536,5632,1.00291,75077.5,1.32109,56995.6
4352,1536,5888,1.0425,75509.8,1.40275,56117.3
4352,1536,6144,1.09059,75318,1.3695,59978.8
4352,1792,256,0.093536,42689.2,0.459296,8693.69
4352,1792,512,0.1416,56398,0.467904,17067.5
4352,1792,768,0.182304,65708.6,0.635744,18842.4
4352,1792,1024,0.223392,71497.2,0.643424,24823.3
4352,1792,1280,0.268928,74238.8,0.639168,31235.7
4352,1792,1536,0.310848,77072.6,0.675296,35477.6
4352,1792,1792,0.35296,79189.8,0.690528,40477.5
4352,1792,2048,0.393184,81243.9,0.700224,45619.4
4352,1792,2304,0.437856,82074.5,1.0128,35482.6
4352,1792,2560,0.48752,81903.9,1.02454,38973.2
4352,1792,2816,0.524864,83684.1,1.0961,40072
4352,1792,3072,0.572352,83717.2,1.16998,40954.2
4352,1792,3328,0.612736,84716.3,1.24704,41625.5
4352,1792,3584,0.655968,85220.1,1.20291,46472
4352,1792,3840,0.700352,85520.8,1.29312,46317.9
4352,1792,4096,0.736416,86754.8,1.30685,48886.8
4352,1792,4352,0.7824,86759.5,1.11382,60943.8
4352,1792,4608,0.826784,86931.5,1.16976,61443
4352,1792,4864,0.868704,87333,1.3152,57684.4
4352,1792,5120,0.92032,86773.7,1.28458,62168
4352,1792,5376,0.9568,87638.5,1.36691,61344.5
4352,1792,5632,0.997152,88096.4,1.38112,63604.5
4352,1792,5888,1.04422,87949,1.44429,63587.4
4352,1792,6144,1.09219,87742.3,1.46998,65192.2
4352,2048,256,0.10784,42316.4,0.440512,10359.3
4352,2048,512,0.176832,51612.9,0.480224,19005.3
4352,2048,768,0.234112,58477.2,0.579552,23622.1
4352,2048,1024,0.292064,62498.7,0.652032,27995
4352,2048,1280,0.35136,64939.1,0.688192,33155
4352,2048,1536,0.406592,67341.3,0.788608,34719.9
4352,2048,1792,0.463968,68849.2,0.922176,34639.6
4352,2048,2048,0.515648,70798.7,0.839008,43512.4
4352,2048,2304,0.575296,71390.4,0.924736,44413.4
4352,2048,2560,0.637696,71560.8,0.926208,49269.7
4352,2048,2816,0.690944,72650.5,1.01181,49611.6
4352,2048,3072,0.749216,73090.8,1.06685,51329.6
4352,2048,3328,0.808192,73403.6,1.11533,53189.9
4352,2048,3584,0.86528,73834.6,1.16646,54770.3
4352,2048,3840,0.927136,73830.6,1.21062,56542
4352,2048,4096,0.973408,75009.1,1.34285,54372.8
4352,2048,4352,1.04125,74504.7,1.33654,58043.6
4352,2048,4608,1.09059,75318,1.42144,57787.3
4352,2048,4864,1.15475,75085.1,1.51187,57349.2
4352,2048,5120,1.22096,74751.1,1.56714,58238.8
4352,2048,5376,1.26979,75470.2,1.62032,59143.5
4352,2048,5632,1.32736,75635,1.66048,60461.3
4352,2048,5888,1.38118,75991.5,1.72298,60916.8
4352,2048,6144,1.45008,75528,1.936,56571.1
4352,2304,256,0.123072,41714,0.534144,9611.32
4352,2304,512,0.182176,56361.2,0.607232,16909
4352,2304,768,0.23968,64258.5,0.558464,27578.3
4352,2304,1024,0.29584,69413.6,0.816448,25152
4352,2304,1280,0.359616,71379.3,0.685472,37447.4
4352,2304,1536,0.415168,74194,0.721312,42704.1
4352,2304,1792,0.466912,76967,0.953024,37708.2
4352,2304,2048,0.52432,78331.2,0.922496,44521.2
4352,2304,2304,0.585856,78866.6,1.0697,43194
4352,2304,2560,0.645984,79473,1.02768,49955.5
4352,2304,2816,0.697312,80985.4,1.20355,46921.2
4352,2304,3072,0.760416,81016.1,1.2799,48133.2
4352,2304,3328,0.816256,81763.3,1.25866,53024.6
4352,2304,3584,0.870336,82581.4,1.31392,54701.7
4352,2304,3840,0.937312,82157.7,1.28464,59944.8
4352,2304,4096,0.981696,83672.8,1.28592,63877.4
4352,2304,4352,1.04797,83280.3,1.40304,62204.3
4352,2304,4608,1.1009,83939.7,1.47734,62550.7
4352,2304,4864,1.15987,84097.8,1.65299,59009.8
4352,2304,5120,1.232,83341.4,1.56275,65702.4
4352,2304,5376,1.27693,84429.5,1.57626,68396.5
4352,2304,5632,1.33267,84750.2,1.66928,67660.4
4352,2304,5888,1.39568,84602.5,1.87104,63108.2
4352,2304,6144,1.45158,84881,1.78592,68990.7
4352,2560,256,0.140704,40540.8,0.481792,11839.7
4352,2560,512,0.207296,55034.9,0.606816,18800.6
4352,2560,768,0.278784,61383.6,0.690592,24779.8
4352,2560,1024,0.34608,65929.9,0.678528,33627.2
4352,2560,1280,0.4208,67778.7,0.76864,37106.1
4352,2560,1536,0.511136,66959.7,0.884192,38708.2
4352,2560,1792,0.552128,72319.8,0.906976,44025.2
4352,2560,2048,0.60656,75234.2,0.983744,46388.1
4352,2560,2304,0.721856,71119.8,1.08422,47350.3
4352,2560,2560,0.760576,74999.1,1.16435,48990.8
4352,2560,2816,0.816512,76847.4,1.21674,51569.8
4352,2560,3072,0.945504,72396.4,1.46781,46634.9
4352,2560,3328,0.955456,77612.5,1.33376,55598.7
4352,2560,3584,1.02202,78139.2,1.38765,57550.3
4352,2560,3840,1.16013,73753.8,1.47562,57985.1
4352,2560,4096,1.21821,74919.9,1.52605,59806.8
4352,2560,4352,1.22285,79300.4,1.69597,57178.1
4352,2560,4608,1.37046,74921,1.86512,55050.9
4352,2560,4864,1.43648,75448.9,1.74042,62272.9
4352,2560,5120,1.53251,74443.2,1.80966,63042.1
4352,2560,5376,1.59306,75194.7,1.94112,61711.4
4352,2560,5632,1.66192,75511.2,1.9857,63198.8
4352,2560,5888,1.72816,75917.6,2.07264,63299.9
4352,2560,6144,1.80467,75859.8,2.11021,64876.1
4352,2816,256,0.1488,42168.5,0.472416,13282.1
4352,2816,512,0.22672,55351.8,0.535616,23429.8
4352,2816,768,0.299168,62921.3,0.66432,28335.8
4352,2816,1024,0.379648,66110.5,0.711808,35260.5
4352,2816,1280,0.44944,69805.5,1.00557,31199.7
4352,2816,1536,0.519136,72520.6,1.02522,36722.1
4352,2816,1792,0.588608,74621.4,1.21946,36018.3
4352,2816,2048,0.655616,76565.3,1.11616,44973.3
4352,2816,2304,0.736672,76658.4,1.16275,48567.6
4352,2816,2560,0.817504,76754.1,1.35357,46356.6
4352,2816,2816,0.885248,77968.5,1.33578,51671.4
4352,2816,3072,0.958944,78519.9,1.49117,50494.7
4352,2816,3328,1.02765,79376.2,1.55018,52620.4
4352,2816,3584,1.09494,80228.3,1.66051,52902.7
4352,2816,3840,1.18397,79495.5,1.61008,58456.8
4352,2816,4096,1.23162,81514.7,1.64387,61072.2
4352,2816,4352,1.3201,80804.4,1.62688,65566.9
4352,2816,4608,1.38976,81268.9,1.68592,66992.6
4352,2816,4864,1.45594,81884.7,1.7897,66614
4352,2816,5120,1.55952,80469.4,1.88554,66555.9
4352,2816,5376,1.61565,81557.5,1.96378,67099.4
4352,2816,5632,1.68106,82116.8,2.20813,62515.8
4352,2816,5888,1.75424,82267.9,2.03069,71068.3
4352,2816,6144,1.82694,82428.5,2.15866,69762.1
4352,3072,256,0.166144,41199.8,0.586304,11675
4352,3072,512,0.253024,54106.4,0.621952,22011.7
4352,3072,768,0.338688,60631.9,0.698592,29395.3
4352,3072,1024,0.421056,65028,0.786144,34828.8
4352,3072,1280,0.509952,67115.2,0.833952,41040.2
4352,3072,1536,0.594496,69084.8,0.927328,44289.2
4352,3072,1792,0.674368,71052.8,1.06138,45144.9
4352,3072,2048,0.742784,73723.8,1.12842,48528.9
4352,3072,2304,0.834752,73801.5,1.42659,43184
4352,3072,2560,0.92736,73812.8,1.47504,46406.2
4352,3072,2816,0.9976,75477.3,1.6112,46733
4352,3072,3072,1.09146,75258.4,1.67014,49182.1
4352,3072,3328,1.16525,76366.9,1.5992,55644.3
4352,3072,3584,1.24176,77173.9,1.82045,52641.7
4352,3072,3840,1.33642,76829.8,1.81446,56587.8
4352,3072,4096,1.3929,78628.7,1.89882,57678.9
4352,3072,4352,1.49392,77893.6,1.82784,63663.5
4352,3072,4608,1.57382,78288.2,1.91261,64420.9
4352,3072,4864,1.65309,78675.2,2.02691,64165.1
4352,3072,5120,1.7591,77824.9,2.14042,63960.5
4352,3072,5376,1.82538,78749.4,2.17494,66092.4
4352,3072,5632,1.89994,79261.8,2.25056,66913.3
4352,3072,5888,1.9801,79510,2.39072,65853.6
4352,3072,6144,2.06467,79568.3,2.41427,68046.4
4352,3328,256,0.17552,42248.9,0.50848,14583.7
4352,3328,512,0.272224,54481.1,0.548256,27051.3
4352,3328,768,0.361056,61615.3,0.65376,34028.7
4352,3328,1024,0.444128,66787.3,0.772832,38381.1
4352,3328,1280,0.543904,68169.5,1.03472,35833.5
4352,3328,1536,0.626112,71062.7,0.9672,46002
4352,3328,1792,0.706784,73443.5,1.14467,45348.1
4352,3328,2048,0.789056,75183.8,1.15251,51473.9
4352,3328,2304,0.882848,75596,1.35203,49362.6
4352,3328,2560,0.982528,75474,1.46915,50474.9
4352,3328,2816,1.05581,77259.1,1.51952,53682
4352,3328,3072,1.14864,77471.1,1.6056,55422.5
4352,3328,3328,1.23398,78122.5,1.80931,53281
4352,3328,3584,1.31776,78783.2,1.81318,57257
4352,3328,3840,1.4176,78465.7,1.95475,56903.9
4352,3328,4096,1.48099,80114.2,2.0343,58323.9
4352,3328,4352,1.59261,79155.7,1.93958,64995.4
4352,3328,4608,1.6759,79646.3,2.03117,65715.7
4352,3328,4864,1.75389,80333,2.03654,69183.4
4352,3328,5120,1.8719,79229.8,2.14205,69237.8
4352,3328,5376,1.9368,80403.8,2.27101,68571.4
4352,3328,5632,2.01904,80801.6,2.45699,66398.9
4352,3328,5888,2.10326,81091.7,2.42883,70221.9
4352,3328,6144,2.1959,81047.6,2.49315,71384.6
4352,3584,256,0.18288,43667.7,0.54048,14775.7
4352,3584,512,0.27008,59137.7,0.593824,26896.7
4352,3584,768,0.363584,65893.6,0.698464,34300.8
4352,3584,1024,0.452576,70582.2,0.811968,39341.2
4352,3584,1280,0.546016,73129.3,0.8856,45087.8
4352,3584,1536,0.630816,75958.3,0.941312,50903.1
4352,3584,1792,0.714816,78204.3,1.09722,50948.7
4352,3584,2048,0.795648,80296.4,1.18026,54130.3
4352,3584,2304,0.889152,80833.9,1.19414,60188.4
4352,3584,2560,0.986624,80942.2,1.35085,59118.1
4352,3584,2816,1.05936,82923.2,1.36838,64196.5
4352,3584,3072,1.15754,82789.2,1.49363,64160
4352,3584,3328,1.23907,83786.4,1.80682,57458.8
4352,3584,3584,1.3217,84590.8,1.85862,60153.8
4352,3584,3840,1.41933,84398.6,1.96358,61005.4
4352,3584,4096,1.48592,85990.7,2.05974,62034.5
4352,3584,4352,1.58947,85412.8,1.88122,72166.7
4352,3584,4608,1.67718,85707.5,1.95568,73502.4
4352,3584,4864,1.75606,86405.2,2.11466,71753.1
4352,3584,5120,1.8671,85543.8,2.22736,71707.8
4352,3584,5376,1.93725,86568.7,2.25571,74346.8
4352,3584,5632,2.01805,87059.9,2.36694,74226.9
4352,3584,5888,2.10563,87231.3,2.40278,76443.4
4352,3584,6144,2.20304,86999.3,2.48941,76991.4
4352,3840,256,0.201632,42435.6,0.544224,15722.2
4352,3840,512,0.308832,55411.2,0.615744,27792
4352,3840,768,0.417312,61510.7,0.738976,34736.1
4352,3840,1024,0.523296,65403.7,0.853792,40086.5
4352,3840,1280,0.63408,67470.8,0.987936,43304.3
4352,3840,1536,0.733344,70005.7,1.13174,45362.1
4352,3840,1792,0.826848,72437.3,1.21066,49472.9
4352,3840,2048,0.924576,74035.1,1.30819,52324.9
4352,3840,2304,1.03085,74703,1.336,57640.3
4352,3840,2560,1.13885,75131.9,1.46534,58391.6
4352,3840,2816,1.23462,76233.9,1.53248,61416.9
4352,3840,3072,1.33907,76677.4,1.62288,63268.1
4352,3840,3328,1.44634,76906.7,1.78499,62315.7
4352,3840,3584,1.54006,77782,1.884,63582.4
4352,3840,3840,1.65526,77537.9,2.01123,63814.5
4352,3840,4096,1.73107,79085.1,2.0513,66739.3
4352,3840,4352,1.8521,78537.2,2.09907,69296.6
4352,3840,4608,1.96131,78526.4,2.27485,67703.4
4352,3840,4864,2.04701,79418.9,2.38134,68268.7
4352,3840,5120,2.17098,78825.2,2.52998,67639.8
4352,3840,5376,2.26352,79382.5,2.60531,68968.3
4352,3840,5632,2.35283,80005.9,2.65843,70808.8
4352,3840,5888,2.45885,80036.2,2.80822,70078.7
4352,3840,6144,2.57466,79759.4,2.89974,70817.7
4352,4096,256,0.20784,43912.7,0.539072,16930.6
4352,4096,512,0.3192,57185.5,0.627264,29100.4
4352,4096,768,0.428704,63867.9,0.74912,36550.1
4352,4096,1024,0.52864,69058.8,0.8752,41713
4352,4096,1280,0.637152,71621.9,1.00358,45471.1
4352,4096,1536,0.740096,73991.5,1.1687,46856
4352,4096,1792,0.83376,76625.9,1.20445,53043.1
4352,4096,2048,0.92528,78910.6,1.30102,56120.8
4352,4096,2304,1.04358,78710.7,1.40077,58640.2
4352,4096,2560,1.15658,78912.3,1.47616,61828
4352,4096,2816,1.23632,81204.6,1.54342,65046.8
4352,4096,3072,1.35107,81062.8,1.63194,67111.5
4352,4096,3328,1.45715,81424.9,1.69523,69989.5
4352,4096,3584,1.54995,82438.2,2.06099,61997
4352,4096,3840,1.67136,81910.6,1.9009,72019.8
4352,4096,4096,1.74163,83846,2.20304,66285.2
4352,4096,4352,1.86038,83399.8,2.13936,72524.4
4352,4096,4608,1.96547,83584.2,2.28442,71914.4
4352,4096,4864,2.05632,84329.9,2.38662,72658.8
4352,4096,5120,2.18813,83421.1,2.46051,74186.2
4352,4096,5376,2.27014,84427.6,2.57792,74347.9
4352,4096,5632,2.36381,84943.3,2.62547,76477.6
4352,4096,5888,2.46832,85044.3,2.74624,76437.8
4352,4096,6144,2.57126,85189,2.90243,75468.9
4352,4352,256,0.227936,42543.7,0.52832,18354.8
4352,4352,512,0.348992,55572.8,0.686816,28238.2
4352,4352,768,0.470784,61794.1,0.798528,36431.6
4352,4352,1024,0.60208,64424.9,0.912704,42498.9
4352,4352,1280,0.708672,68418.3,1.04781,46273.9
4352,4352,1536,0.835424,69645.3,1.13584,51225
4352,4352,1792,0.928,73147.2,1.28003,53030.4
4352,4352,2048,1.05555,73495,1.40061,55388.7
4352,4352,2304,1.15549,75530.9,1.44714,60308.8
4352,4352,2560,1.31171,73928,1.56326,62031.9
4352,4352,2816,1.4144,75416.8,1.63315,65315.1
4352,4352,3072,1.48742,78233.8,1.93763,60056.2
4352,4352,3328,1.60445,78571.6,1.92278,65563.3
4352,4352,3584,1.76605,76872.9,2.19059,61974.7
4352,4352,3840,1.90582,76323.1,2.25622,64469.9
4352,4352,4096,1.91165,81163.3,2.21581,70022.2
4352,4352,4352,2.13597,77179.5,2.40454,68558.9
4352,4352,4608,2.23325,78159.8,2.54128,68685.9
4352,4352,4864,2.3479,78473.1,2.5943,71020
4352,4352,5120,2.48947,77905.9,2.80422,69161.6
4352,4352,5376,2.59155,78579.1,3.04326,66915.6
4352,4352,5632,2.69635,79121.4,3.08986,69045
4352,4352,5888,2.7231,81905.2,3.17123,70331.1
4352,4352,6144,2.94928,78912,3.60826,64500.3
4352,4608,256,0.242432,42352.7,0.602496,17041.9
4352,4608,512,0.364928,56272.2,0.702624,29226.6
4352,4608,768,0.485728,63416.1,0.825856,37298.2
4352,4608,1024,0.604704,67918.6,0.994368,41303.2
4352,4608,1280,0.733024,70036.3,1.1881,43210.5
4352,4608,1536,0.847552,72686.9,1.27146,48453.1
4352,4608,1792,0.955232,75242,1.35926,52876.8
4352,4608,2048,1.06602,77054.4,1.48749,55221.5
4352,4608,2304,1.19078,77603.4,1.62301,56936.8
4352,4608,2560,1.32275,77623.4,1.61059,63750.8
4352,4608,2816,1.4169,79712.4,1.72026,65655.5
4352,4608,3072,1.55162,79408.7,1.98192,62167.9
4352,4608,3328,1.66035,80392.3,1.95302,68345.1
4352,4608,3584,1.76934,81243.2,1.99667,71993.4
4352,4608,3840,1.91638,80367.4,2.07056,74383.2
4352,4608,4096,2.00211,82054.6,2.21066,74313.9
4352,4608,4352,2.14083,81533.8,2.54848,68491.9
4352,4608,4608,2.25306,82029.8,2.5721,71854.9
4352,4608,4864,2.36131,82617.4,2.68685,72607.6
4352,4608,5120,2.51318,81710.3,2.7393,74965.7
4352,4608,5376,2.62211,82231.7,2.8983,74395.5
4352,4608,5632,2.70778,83422.1,2.91846,77399.8
4352,4608,5888,2.8361,83268,3.23894,72911.4
4352,4608,6144,2.98038,82681.9,3.23306,76220.1
4352,4864,256,0.256704,42220.2,0.534624,20272.3
4352,4864,512,0.39392,55026.8,0.67504,32110.9
4352,4864,768,0.52592,61823.6,0.892992,36410.5
4352,4864,1024,0.653312,66357.8,0.980256,44225.5
4352,4864,1280,0.784992,69033.1,1.1599,46719.7
4352,4864,1536,0.9136,71178.3,1.26234,51514.4
4352,4864,1792,1.03917,73007,1.556,48757.4
4352,4864,2048,1.14781,75539.3,1.4969,57923
4352,4864,2304,1.28819,75720.6,1.55034,62917.2
4352,4864,2560,1.47232,73612.3,1.6633,65160.3
4352,4864,2816,1.53706,77563.1,1.76224,67651.9
4352,4864,3072,1.67882,77469.5,1.91648,67862.4
4352,4864,3328,1.7991,78314,2.07011,68061.6
4352,4864,3584,1.92006,79025,2.39792,63277
4352,4864,3840,2.07021,78528.9,2.31101,70346.5
4352,4864,4096,2.15331,80531.4,2.41686,71749.7
4352,4864,4352,2.30592,79901.9,2.56253,71900.6
4352,4864,4608,2.43098,80249.9,2.72275,71650.1
4352,4864,4864,2.54707,80847.2,2.91037,70755.2
4352,4864,5120,2.70301,80192.7,2.98058,72724.7
4352,4864,5376,2.81472,80860.5,3.09997,73420
4352,4864,5632,2.92512,81513.8,3.16218,75403.1
4352,4864,5888,3.05229,81668.5,3.32384,74996.4
4352,4864,6144,3.19184,81493.4,3.5544,73180.8
4352,5120,256,0.27168,41992.4,0.556544,20498.8
4352,5120,512,0.403968,56482.2,0.706976,32274.1
4352,5120,768,0.546144,62667.6,0.838944,40796
4352,5120,1024,0.680096,67099.4,1.03469,44104.1
4352,5120,1280,0.828736,68830.8,1.11219,51288.4
4352,5120,1536,0.952928,71832.3,1.20173,56960.5
4352,5120,1792,1.08246,73775.7,1.34458,59393.9
4352,5120,2048,1.19174,76583.6,1.55853,58560.4
4352,5120,2304,1.34243,76485.5,1.63898,62646.8
4352,5120,2560,1.4887,76633.8,1.79414,63587.5
4352,5120,2816,1.58448,79201.7,1.98093,63350.9
4352,5120,3072,1.74301,78543.6,2.00758,68192.5
4352,5120,3328,1.86944,79334.2,2.25091,65889.1
4352,5120,3584,2.00186,79785.5,2.40291,66469
4352,5120,3840,2.1631,79112.1,2.4864,68825.5
4352,5120,4096,2.24752,81216.7,2.58214,70691.7
4352,5120,4352,2.4097,80485.1,2.63859,73503.1
4352,5120,4608,2.53005,81165.7,2.83658,72394.7
4352,5120,4864,2.65078,81772.6,2.92198,74183
4352,5120,5120,2.8239,80799.5,2.99402,76208.7
4352,5120,5376,2.93923,81510.6,3.10778,77090.1
4352,5120,5632,3.04822,82338.8,3.35488,74812.6
4352,5120,5888,3.18045,82502.7,3.48698,75250.2
4352,5120,6144,3.35123,81702.5,3.65309,74951.4
4352,5376,256,0.278944,42943.9,0.586464,20425.7
4352,5376,512,0.412064,58141.1,0.680256,35218.9
4352,5376,768,0.552352,65061.4,1.00394,35795.9
4352,5376,1024,0.692448,69197.6,0.982112,48788.5
4352,5376,1280,0.833888,71825.8,1.11533,53701.4
4352,5376,1536,0.960128,74858.3,1.22928,58468
4352,5376,1792,1.08842,77040.9,1.39699,60023.6
4352,5376,2048,1.20195,79729.9,1.48656,64465.2
4352,5376,2304,1.35213,79733.9,1.62925,66171.9
4352,5376,2560,1.49782,79975.6,1.82963,65471.8
4352,5376,2816,1.59552,82586.4,1.87875,70136.1
4352,5376,3072,1.75366,81969.6,2.10624,68248.2
4352,5376,3328,1.88026,82821.8,2.47978,62798.5
4352,5376,3584,2.01197,83353.7,2.49014,67347.5
4352,5376,3840,2.16515,82989.1,2.69859,66584.3
4352,5376,4096,2.25549,84976.3,2.9376,65244.7
4352,5376,4352,2.41475,84332.4,2.71539,74995.4
4352,5376,4608,2.54301,84789.7,2.78451,77435.8
4352,5376,4864,2.67046,85228.5,2.97504,76503.1
4352,5376,5120,2.82141,84914.6,3.11878,76818
4352,5376,5376,2.94006,85561.9,3.22874,77912.1
4352,5376,5632,3.05811,86176.2,3.23459,81474.4
4352,5376,5888,3.18528,86496.5,3.37261,81692.1
4352,5376,6144,3.34301,85998.7,3.54403,81120.7
4352,5632,256,0.303424,41359.1,0.559232,22440.3
4352,5632,512,0.449312,55860.3,0.805632,31154.1
4352,5632,768,0.606624,62061.6,0.942144,39960
4352,5632,1024,0.756512,66353.8,1.07958,46497
4352,5632,1280,0.926528,67722.5,1.32038,47521.6
4352,5632,1536,1.06986,70379.7,1.35402,55609.5
4352,5632,1792,1.21421,72348,1.49622,58711.5
4352,5632,2048,1.32614,75704.3,1.61354,62220.4
4352,5632,2304,1.50646,74973.1,1.72234,65576.2
4352,5632,2560,1.66797,75237.4,1.89626,66179.7
4352,5632,2816,1.76835,78063,2.13939,64524.4
4352,5632,3072,1.94867,77279.4,2.37632,63372.1
4352,5632,3328,2.09309,77943,2.46886,66079.6
4352,5632,3584,2.2336,78658.2,2.64602,66398.3
4352,5632,3840,2.41408,77976,2.79728,67294.1
4352,5632,4096,2.5008,80290.2,2.97558,67479.1
4352,5632,4352,2.70144,78972.4,2.87296,74257.6
4352,5632,4608,2.83619,79645,3.16378,71398.4
4352,5632,4864,2.97408,80171.9,3.3049,72146.8
4352,5632,5120,3.13971,79939.5,3.44752,72802.2
4352,5632,5376,3.27789,80398.3,3.58198,73572.8
4352,5632,5632,3.40666,81043.1,3.62291,76205.5
4352,5632,5888,3.55283,81240.9,3.78515,76254.6
4352,5632,6144,3.71088,81162.6,3.93229,76592.7
4352,5888,256,0.308256,42561.3,0.64864,20226.6
4352,5888,512,0.45728,57381.8,0.773216,33935.6
4352,5888,768,0.62336,63140.6,1.01718,38694.4
4352,5888,1024,0.761664,68900.6,1.35363,38769.1
4352,5888,1280,0.93456,70192.3,1.23725,53020
4352,5888,1536,1.08358,72646.6,1.34355,58590
4352,5888,1792,1.21834,75380.3,1.50534,61008.3
4352,5888,2048,1.3384,78420.7,1.60963,65206.4
4352,5888,2304,1.51741,77815.6,2.07222,56981.3
4352,5888,2560,1.68074,78059.8,2.22317,59013.9
4352,5888,2816,1.784,80895.5,2.41594,59735.7
4352,5888,3072,1.9624,80227,2.52765,62286.1
4352,5888,3328,2.10253,81120,2.67133,63847.3
4352,5888,3584,2.24093,81964.7,2.85654,64300.4
4352,5888,3840,2.43533,80809.1,2.96163,66448.7
4352,5888,4096,2.50182,83905.4,3.12883,67091
4352,5888,4352,2.7175,82074,2.91712,76457.7
4352,5888,4608,2.84122,83118,3.0535,77339.4
4352,5888,4864,2.99446,83245.6,3.22947,77187.8
4352,5888,5120,3.17293,82698.3,3.38646,77483.7
4352,5888,5376,3.30346,83402.2,3.57152,77142.3
4352,5888,5632,3.43939,83920.4,3.71411,77713.1
4352,5888,5888,3.57821,84331.3,3.78573,79708.6
4352,5888,6144,3.74998,83967,3.97216,79270.4
4352,6144,256,0.317056,43179.1,0.61728,22178.3
4352,6144,512,0.493568,55474.5,0.789888,34663.7
4352,6144,768,0.670144,61286.3,0.973248,42199.5
4352,6144,1024,0.830656,65924.8,1.16771,46895.8
4352,6144,1280,1.00554,68074.2,1.3153,52042.3
4352,6144,1536,1.16333,70608.8,1.48867,55177.5
4352,6144,1792,1.3088,73220.9,1.67114,57345.1
4352,6144,2048,1.45072,75494.7,1.81053,60491.6
4352,6144,2304,1.62662,75747,2.15328,57220.6
4352,6144,2560,1.7968,76192.2,2.352,58206.7
4352,6144,2816,1.94285,77511.1,2.48371,60631.9
4352,6144,3072,2.14682,76523.8,2.65024,61987.8
4352,6144,3328,2.2569,78857.3,2.79462,63684
4352,6144,3584,2.40032,79848.9,2.95053,64958.9
4352,6144,3840,2.58547,79425.8,3.10106,66220.4
4352,6144,4096,2.74886,79685,3.21482,68135.6
4352,6144,4352,2.89267,80456.2,3.08874,75349.1
4352,6144,4608,3.10867,79269.8,3.31594,74315
4352,6144,4864,3.1952,81407.7,3.4503,75388.7
4352,6144,5120,3.45542,79238.9,3.64282,75162.8
4352,6144,5376,3.61149,79605.5,3.89661,73780.7
4352,6144,5632,3.75091,80296.4,3.84931,78243.7
4352,6144,5888,3.9073,80586.4,3.97622,79189.4
4352,6144,6144,4.08835,80366.1,4.08202,80490.9
4608,256,256,0.025376,23801.2,0.38048,1587.42
4608,256,512,0.036256,33317.5,0.512704,2356.06
4608,256,768,0.046656,38836.1,0.528032,3431.5
4608,256,1024,0.055904,43215.5,0.398848,6057.24
4608,256,1280,0.066272,45568.2,0.375232,8048.08
4608,256,1536,0.074496,48645.3,0.372544,9727.38
4608,256,1792,0.08448,50045.7,0.434304,9734.79
4608,256,2048,0.09104,53073.8,0.543552,8889.38
4608,256,2304,0.103264,52640,0.397792,13665
4608,256,2560,0.113856,53047.7,0.42992,14048.7
4608,256,2816,0.120512,55129.6,0.585408,11349
4608,256,3072,0.1304,55581,0.583264,12426.2
4608,256,3328,0.139072,56458.1,0.621312,12637.3
4608,256,3584,0.148192,57059.2,0.500544,16893.1
4608,256,3840,0.158784,57056.7,0.639072,14176.3
4608,256,4096,0.168,57521.9,0.551488,17522.9
4608,256,4352,0.177568,57823.8,0.567008,18108.5
4608,256,4608,0.18928,57436.8,0.503776,21580.3
4608,256,4864,0.203296,56447.8,0.598464,19175.1
4608,256,5120,0.209792,57578.9,0.576576,20950.6
4608,256,5376,0.2192,57863,0.565376,22433.9
4608,256,5632,0.228128,58246.1,0.579616,22924.8
4608,256,5888,0.234688,59191.5,0.587648,23639.2
4608,256,6144,0.245984,58928.7,0.640768,22622.1
4608,512,256,0.035072,34442.3,0.322816,3741.94
4608,512,512,0.047552,50805.8,0.397664,6075.28
4608,512,768,0.064832,55896.4,0.394336,9189.82
4608,512,1024,0.07824,61756.6,0.419168,11527.2
4608,512,1280,0.092544,65264.1,0.458368,13176.7
4608,512,1536,0.107168,67629.9,0.414816,17472.2
4608,512,1792,0.120096,70408,0.47776,17698.7
4608,512,2048,0.134368,71919.5,0.494208,19553.9
4608,512,2304,0.149664,72640.3,0.529856,20518.1
4608,512,2560,0.164064,73627.3,0.489088,24698.2
4608,512,2816,0.1768,75155.9,0.50528,26297.4
4608,512,3072,0.192704,75221.7,0.548192,26442.4
4608,512,3328,0.205504,76414.4,0.506176,31023.7
4608,512,3584,0.221504,76348.2,0.574784,29422.2
4608,512,3840,0.235648,76891.8,0.560896,32304.4
4608,512,4096,0.248192,77872.6,0.561248,34436.4
4608,512,4352,0.264288,77700.5,0.592832,34639.3
4608,512,4608,0.277344,78398.2,0.61792,35187.8
4608,512,4864,0.292352,78505.5,0.677856,33858.6
4608,512,5120,0.308992,78187.1,0.671712,35966.6
4608,512,5376,0.321056,79011.6,0.715232,35467
4608,512,5632,0.335584,79190.6,0.666144,39893.9
4608,512,5888,0.346496,80182.9,0.727168,38207.2
4608,512,6144,0.362624,79947.9,0.7416,39092.5
4608,768,256,0.053184,34069.3,0.418848,4326.01
4608,768,512,0.0752,48189.9,0.43968,8242.08
4608,768,768,0.116384,46705.9,0.49584,10962.8
4608,768,1024,0.124832,58060.1,0.464224,15612.6
4608,768,1280,0.14992,60430.2,0.570272,15886.6
4608,768,1536,0.174208,62406.1,0.593056,18331.5
4608,768,1792,0.197024,64375.8,0.556128,22806.9
4608,768,2048,0.218752,66264.6,0.69952,20722.1
4608,768,2304,0.24416,66790,0.667392,24434.6
4608,768,2560,0.270624,66954.1,0.701312,25836.4
4608,768,2816,0.293952,67804.7,0.792576,25147.5
4608,768,3072,0.318688,68227.5,0.748544,29047.4
4608,768,3328,0.33872,69541.8,0.75744,31098.5
4608,768,3584,0.361184,70233.3,0.834848,30385.4
4608,768,3840,0.386656,70292.7,0.814208,33381
4608,768,4096,0.400608,72367.6,0.877056,33054.9
4608,768,4352,0.518848,59368,0.778752,39554.3
4608,768,4608,0.456672,71418.7,0.79904,40817.6
4608,768,4864,0.480736,71612.8,0.873216,39425.4
4608,768,5120,0.510144,71036.4,0.832832,43512.7
4608,768,5376,0.637824,59657.1,0.928352,40987.4
4608,768,5632,0.661248,60284,0.919936,43332
4608,768,5888,0.576256,72319.6,0.917376,45428.1
4608,768,6144,0.724192,60048.4,0.912832,47639.2
4608,1024,256,0.063232,38207.2,0.416896,5795.02
4608,1024,512,0.091616,52740.1,0.407168,11866.9
4608,1024,768,0.118624,61098.6,0.523456,13846
4608,1024,1024,0.147104,65692.8,0.50528,19125.4
4608,1024,1280,0.17776,67954.5,0.587648,20555.8
4608,1024,1536,0.205152,70657.4,0.585344,24764.1
4608,1024,1792,0.23248,72743.6,0.564032,29983.1
4608,1024,2048,0.259712,74418.4,0.616448,31352.8
4608,1024,2304,0.29024,74914.8,0.79456,27365.2
4608,1024,2560,0.320704,75331.7,0.754912,32002.7
4608,1024,2816,0.347584,76456.7,0.790272,33627.8
4608,1024,3072,0.376384,77025.1,0.878976,32982.7
4608,1024,3328,0.40416,77709.2,0.811008,38725.8
4608,1024,3584,0.429632,78725.2,0.88112,38386.2
4608,1024,3840,0.463936,78111.6,0.902048,40173.9
4608,1024,4096,0.48816,79184.5,0.983808,39290.9
4608,1024,4352,0.521792,78710.7,0.851072,48257.5
4608,1024,4608,0.549504,79137.8,0.937696,46376
4608,1024,4864,0.573088,80096.7,0.951808,48226.6
4608,1024,5120,0.60848,79408.3,1.00877,47898.4
4608,1024,5376,0.634016,80020.5,0.961088,52788.4
4608,1024,5632,0.662688,80204,1.03603,51301.7
4608,1024,5888,0.686848,80900.2,1.00454,55314.8
4608,1024,6144,0.718944,80648.9,1.11152,52164.7
4608,1280,256,0.080384,37568.4,0.437216,6907.11
4608,1280,512,0.118976,50764.8,0.450944,13393.7
4608,1280,768,0.156032,58063.1,0.48256,18774.2
4608,1280,1024,0.19424,62189,0.56528,21369.2
4608,1280,1280,0.2344,64417.6,0.624256,24188
4608,1280,1536,0.272736,66435.6,0.612,29606.9
4608,1280,1792,0.31088,67998.2,0.662912,31888.5
4608,1280,2048,0.346432,69737.2,0.686624,35185.5
4608,1280,2304,0.387008,70228.8,0.813056,33428.3
4608,1280,2560,0.424192,71191.8,0.88224,34229.9
4608,1280,2816,0.461568,71969.7,0.904992,36706.3
4608,1280,3072,0.501504,72260.2,0.940096,38548
4608,1280,3328,0.537312,73065,0.97728,40171.4
4608,1280,3584,0.63904,66159.5,0.964096,43853.1
4608,1280,3840,0.616,73536.5,1.11581,40597
4608,1280,4096,0.642944,75151.8,1.05504,45797.7
4608,1280,4352,0.690304,74370.5,1.05197,48802.1
4608,1280,4608,0.727648,74703.9,1.16749,46559.9
4608,1280,4864,0.765792,74926.5,1.1721,48953.4
4608,1280,5120,0.905024,66736.3,1.15261,52401.1
4608,1280,5376,0.841888,75328.2,1.17552,53948.8
4608,1280,5632,0.88288,75251.2,1.20698,55044.8
4608,1280,5888,0.917728,75684.4,1.3096,53037.3
4608,1280,6144,0.956288,75790.5,1.3015,55687.6
4608,1536,256,0.090912,39861.4,0.436064,8310.43
4608,1536,512,0.134272,53978.2,0.49184,14736
4608,1536,768,0.176384,61636.2,0.523584,20763.9
4608,1536,1024,0.219616,66003.9,0.536416,27022.9
4608,1536,1280,0.262784,68951.7,0.605376,29930.8
4608,1536,1536,0.305856,71089.9,0.623648,34864.7
4608,1536,1792,0.348,72894.1,0.671328,37786.5
4608,1536,2048,0.38896,74534.7,0.724512,40014.6
4608,1536,2304,0.434816,75008.5,0.804576,40536.8
4608,1536,2560,0.487424,74347.6,0.839744,43154.6
4608,1536,2816,0.519776,76692,0.873824,45618.6
4608,1536,3072,0.564512,77033.9,0.921952,47167.9
4608,1536,3328,0.605248,77836.6,0.949184,49632.6
4608,1536,3584,0.648896,78185.6,0.977824,51884.9
4608,1536,3840,0.69904,77761.2,1.04624,51955.7
4608,1536,4096,0.731232,79293.7,1.07232,54071.6
4608,1536,4352,0.781248,78855.8,1.18115,52157.5
4608,1536,4608,0.819392,79607.6,1.21238,53802.9
4608,1536,4864,0.86192,79884.1,1.22093,56394.6
4608,1536,5120,0.91648,79082.5,1.26909,57110
4608,1536,5376,0.953184,79839.2,1.2408,61332.6
4608,1536,5632,0.99648,80007,1.27165,62694.5
4608,1536,5888,1.03334,80659.7,1.33843,62273.8
4608,1536,6144,1.08077,80473.4,1.39034,62555.4
4608,1792,256,0.107008,39509.7,0.453632,9320.02
4608,1792,512,0.161824,52252.6,0.493376,17138.5
4608,1792,768,0.214688,59079.1,0.516736,24545.6
4608,1792,1024,0.268256,63042.1,0.675552,25033.5
4608,1792,1280,0.32752,64543.5,0.62192,33990.4
4608,1792,1536,0.378944,66941.7,0.660928,38381.1
4608,1792,1792,0.43024,68787.2,0.786464,37630.5
4608,1792,2048,0.474336,71305.7,0.793408,42629.9
4608,1792,2304,0.533248,71356.5,1.0272,37043.2
4608,1792,2560,0.585984,72149.7,1.11546,37902.5
4608,1792,2816,0.636416,73075.5,1.18733,39169
4608,1792,3072,0.696832,72807.1,1.22765,41326.4
4608,1792,3328,0.744352,73838.9,1.25683,43730.7
4608,1792,3584,0.797216,74245.9,1.41347,41875.6
4608,1792,3840,0.852032,74431.3,1.38128,45912.4
4608,1792,4096,0.889504,76048.8,1.43216,47233.4
4608,1792,4352,0.953216,75401.2,1.28128,56095.1
4608,1792,4608,1.00717,75559.8,1.32067,57623.3
4608,1792,4864,1.05517,76129.4,1.38006,58206.9
4608,1792,5120,1.12579,75109,1.52326,55510.5
4608,1792,5376,1.16656,76108.4,1.53891,57693.4
4608,1792,5632,1.21341,76654.3,1.65066,56349
4608,1792,5888,1.26237,77030.4,1.66445,58422.2
4608,1792,6144,1.32013,76862.7,1.77834,57058.2
4608,2048,256,0.118528,40765.4,0.478688,10093.9
4608,2048,512,0.179232,53917.1,0.54128,17853.4
4608,2048,768,0.236448,61305.3,0.560864,25845
4608,2048,1024,0.291904,66211.3,0.618624,31242.5
4608,2048,1280,0.35104,68821.8,0.694528,34785.1
4608,2048,1536,0.406656,71291.3,0.777856,37270.4
4608,2048,1792,0.485856,69615,0.884352,38245.9
4608,2048,2048,0.518688,74524,0.927904,41658.1
4608,2048,2304,0.57936,75059.6,0.95136,45709.9
4608,2048,2560,0.640192,75474.8,1.01834,47448.4
4608,2048,2816,0.691104,76906.3,1.04755,50737.5
4608,2048,3072,0.757856,76508,1.09619,52894.1
4608,2048,3328,0.809824,77564.9,1.12051,56058.2
4608,2048,3584,0.871424,77626.7,1.2216,55374.7
4608,2048,3840,0.929856,77944.9,1.26269,57399.4
4608,2048,4096,0.976544,79166.3,1.30128,59410.3
4608,2048,4352,1.03917,79045.2,1.43005,57439.5
4608,2048,4608,1.09786,79220.8,1.47453,58983.7
4608,2048,4864,1.15814,79269,1.46234,62779.6
4608,2048,5120,1.22192,79086,1.52902,63201.6
4608,2048,5376,1.27162,79795,1.60976,63033.4
4608,2048,5632,1.32192,80413.7,1.66982,63659.7
4608,2048,5888,1.38109,80467.2,1.76154,63088.3
4608,2048,6144,1.44522,80240,1.73782,66729.5
4608,2304,256,0.135904,39997.5,0.486304,11177.8
4608,2304,512,0.207648,52356.1,0.530336,20499.5
4608,2304,768,0.270176,60358.6,0.62112,26254.9
4608,2304,1024,0.341536,63663.2,0.718912,30244.7
4608,2304,1280,0.408,66615.4,0.799424,33998.3
4608,2304,1536,0.475328,68615.6,0.82032,39758.8
4608,2304,1792,0.538624,70644.3,0.869088,43782.4
4608,2304,2048,0.60304,72112.2,0.95008,45771.5
4608,2304,2304,0.67488,72490.5,1.06733,45836.3
4608,2304,2560,0.749376,72537.9,1.14333,47543.8
4608,2304,2816,0.80848,73958.5,1.21389,49258.2
4608,2304,3072,0.879392,74176,1.30125,50128.7
4608,2304,3328,0.940352,75148.1,1.27453,55444.6
4608,2304,3584,1.00566,75672.8,1.30083,58502.1
4608,2304,3840,1.08234,75334.5,1.40678,57960
4608,2304,4096,1.13219,76818.3,1.4231,61115.1
4608,2304,4352,1.21226,76228.9,1.60378,57619.6
4608,2304,4608,1.27782,76571.4,1.69882,57595.8
4608,2304,4864,1.34467,76807.2,1.6457,62758
4608,2304,5120,1.42202,76452.3,1.85002,58765.1
4608,2304,5376,1.47866,77200,1.83581,62180.9
4608,2304,5632,1.53744,77783.8,1.94928,61349.8
4608,2304,5888,1.608,77751.1,1.96816,63523.2
4608,2304,6144,1.67389,77938.1,2.06656,63128.9
4608,2560,256,0.146048,41354.9,0.465312,12980.1
4608,2560,512,0.222304,54338.2,0.571424,21139.5
4608,2560,768,0.2952,61380.1,0.661184,27404.5
4608,2560,1024,0.364128,66348.1,0.74688,32346.8
4608,2560,1280,0.439744,68674,0.781024,38665.9
4608,2560,1536,0.50976,71089.9,0.846112,42829.8
4608,2560,1792,0.578336,73103.8,0.950752,44468.6
4608,2560,2048,0.649632,74378.1,0.993696,48624.9
4608,2560,2304,0.72752,74717.1,1.1105,48949.5
4608,2560,2560,0.802688,75244.6,1.18374,51022.8
4608,2560,2816,0.864704,76833,1.2391,53617.6
4608,2560,3072,0.944608,76727.7,1.37738,52620
4608,2560,3328,1.01062,77692,1.30925,59971.4
4608,2560,3584,1.0784,78409.8,1.40522,60173.8
4608,2560,3840,1.16275,77916,1.47629,61368.1
4608,2560,4096,1.22256,79044.6,1.54541,62531.6
4608,2560,4352,1.30602,78618.2,1.67482,61306.2
4608,2560,4608,1.37638,78986.9,1.69286,64220.4
4608,2560,4864,1.44086,79644,1.73066,66307.9
4608,2560,5120,1.5351,78689.1,1.86019,64937.4
4608,2560,5376,1.58643,79950.3,1.91338,66289
4608,2560,5632,1.65798,80142.8,2.02192,65717.5
4608,2560,5888,1.72595,80486.2,2.04806,67827.6
4608,2560,6144,1.80061,80503.4,2.09712,69121.1
4608,2816,256,0.152256,43635.6,0.484032,13725.9
4608,2816,512,0.227072,58516.9,0.580544,22888.1
4608,2816,768,0.299264,66601.2,0.632192,31527.3
4608,2816,1024,0.37024,71778.1,0.744992,35671.7
4608,2816,1280,0.446112,74463.1,0.922464,36011
4608,2816,1536,0.520032,76654.3,0.995712,40034.3
4608,2816,1792,0.591296,78651.7,1.0969,42398.2
4608,2816,2048,0.65248,81458.8,1.25501,42350.5
4608,2816,2304,0.727328,82210.5,1.27382,46940.5
4608,2816,2560,0.810784,81942.6,1.37885,48183.5
4608,2816,2816,0.867712,84223.3,1.35136,54080
4608,2816,3072,0.94864,84041.7,1.43213,55669.1
4608,2816,3328,1.01718,84910,1.53014,56445.1
4608,2816,3584,1.08678,85585.4,1.65072,56346.9
4608,2816,3840,1.16954,85210.4,1.63334,61013.9
4608,2816,4096,1.22541,86747,1.6296,65231
4608,2816,4352,1.30784,86359.4,1.67958,67245.4
4608,2816,4608,1.37434,87015.1,1.75482,68148.5
4608,2816,4864,1.44304,87476.3,1.75594,71888.6
4608,2816,5120,1.53814,86386.9,1.87907,70713.4
4608,2816,5376,1.59245,87613.1,1.88925,73849.1
4608,2816,5632,1.65798,88157.1,1.98886,73490.8
4608,2816,5888,1.73251,88199.6,2.05078,74511.4
4608,2816,6144,1.80986,88101.3,2.13946,74528.6
4608,3072,256,0.170432,42525.8,0.46736,15507.9
4608,3072,512,0.264288,54847.4,0.608864,23807.5
4608,3072,768,0.355168,61219.7,0.719264,30229.9
4608,3072,1024,0.43776,66225.9,0.806368,35952.6
4608,3072,1280,0.534336,67820.2,0.94144,38492.9
4608,3072,1536,0.613696,70860.1,0.934496,46534.8
4608,3072,1792,0.696,72894.1,1.05533,48074.4
4608,3072,2048,0.780256,74311.6,1.17955,49156
4608,3072,2304,0.871392,74857,1.5464,42181.7
4608,3072,2560,0.965472,75069.6,1.62576,44580.7
4608,3072,2816,1.03622,76938.3,1.70266,46824.1
4608,3072,3072,1.13232,76809.6,1.78688,48673.2
4608,3072,3328,1.21632,77463.9,1.73405,54335.8
4608,3072,3584,1.29664,78255,1.81005,56058.5
4608,3072,3840,1.40362,77454.5,1.84362,58969.1
4608,3072,4096,1.47162,78800.5,1.91814,60456.4
4608,3072,4352,1.57091,78433.3,1.87891,65576.2
4608,3072,4608,1.65062,79036.6,1.95661,66676.4
4608,3072,4864,1.73245,79487.2,2.11994,64958.3
4608,3072,5120,1.8407,78749.8,2.13357,67940.2
4608,3072,5376,1.91245,79585.4,2.2752,66896.5
4608,3072,5632,1.99274,80015.9,2.43379,65515.3
4608,3072,5888,2.08,80143.5,2.42278,68804.5
4608,3072,6144,2.17517,79969.1,2.48464,70008.6
4608,3328,256,0.176448,44498.9,0.548352,14318.8
4608,3328,512,0.272576,57611.4,0.61472,25545.7
4608,3328,768,0.360992,65251.3,0.73328,32123.1
4608,3328,1024,0.447232,70225.2,0.957984,32784.4
4608,3328,1280,0.542912,72311.3,0.983136,39932.1
4608,3328,1536,0.6216,75789,1.0072,46773.7
4608,3328,1792,0.704896,77972,1.15056,47769.9
4608,3328,2048,0.783968,80123,1.30122,48273.2
4608,3328,2304,0.877984,80486.2,1.39718,50577.2
4608,3328,2560,0.973664,80641.1,1.45123,54103.9
4608,3328,2816,1.04531,82625.2,1.48003,58356.2
4608,3328,3072,1.14016,82638.3,1.5968,59006
4608,3328,3328,1.2232,83447.2,1.7559,58131.1
4608,3328,3584,1.30749,84072.9,1.81203,60663.6
4608,3328,3840,1.4103,83511.1,1.91696,61439
4608,3328,4096,1.4808,84837.8,2.03309,61791.6
4608,3328,4352,1.57843,84564.6,1.9033,70130.7
4608,3328,4608,1.66192,85041,1.96842,71799.5
4608,3328,4864,1.73936,85768.9,2.11034,70691.6
4608,3328,5120,1.85376,84711.5,2.12698,73830
4608,3328,5376,1.9192,85914.2,2.22723,74032
4608,3328,5632,1.99939,86395.4,2.32637,74252.3
4608,3328,5888,2.08906,86445.7,2.36656,76309.1
4608,3328,6144,2.17763,86535.1,2.52518,74624.9
4608,3584,256,0.196768,42973,0.52848,16000.1
4608,3584,512,0.30256,55894.5,0.649568,26034.9
4608,3584,768,0.400864,63281.2,0.756608,33527.5
4608,3584,1024,0.498528,67845.5,0.856672,39481.7
4608,3584,1280,0.60816,69518.8,0.982368,43037.4
4608,3584,1536,0.700448,72431.2,1.11414,45536.6
4608,3584,1792,0.791264,74804.4,1.23322,47996.5
4608,3584,2048,0.872768,77507.1,1.28624,52591.8
4608,3584,2304,1.02432,74294.6,1.34922,56404.2
4608,3584,2560,1.13734,74346.2,1.42534,59324
4608,3584,2816,1.16637,79745.7,1.51238,61500.8
4608,3584,3072,1.27526,79566.7,1.62749,62346.8
4608,3584,3328,1.37155,80145.9,1.85626,59218.3
4608,3584,3584,1.51824,77971.9,1.95853,60443.4
4608,3584,3840,1.57709,80424,2.06739,61350.6
4608,3584,4096,1.64352,82318.1,2.13014,63512.8
4608,3584,4352,1.83728,78239.1,2.14134,67129.4
4608,3584,4608,1.93123,78811.3,2.31338,65792.6
4608,3584,4864,1.95834,82038.3,2.40938,66680.6
4608,3584,5120,2.14925,78685.4,2.48982,67922.2
4608,3584,5376,2.23386,79490.4,2.556,69471.9
4608,3584,5632,2.22963,83433.4,2.60515,71406.9
4608,3584,5888,2.32806,83537.9,2.74022,70972.8
4608,3584,6144,2.53562,80034.7,2.89139,70186.7
4608,3840,256,0.208128,43529.4,0.545248,16615.7
4608,3840,512,0.31456,57602.3,0.645792,28057.6
4608,3840,768,0.417824,65049.1,0.743488,36556.2
4608,3840,1024,0.51984,69711.4,0.89264,40597.3
4608,3840,1280,0.626912,72256.5,0.998048,45387.1
4608,3840,1536,0.726112,74862,1.09936,49445.3
4608,3840,1792,0.81904,77429.5,1.12314,56465
4608,3840,2048,0.920256,78758.1,1.23094,58879.7
4608,3840,2304,1.02954,79198.1,1.33878,60904
4608,3840,2560,1.1401,79464.3,1.42723,63477.4
4608,3840,2816,1.21987,81694.4,1.50899,66041.9
4608,3840,3072,1.33651,81343.3,1.62979,66705.7
4608,3840,3328,1.43498,82075.3,1.90285,61894.6
4608,3840,3584,1.53098,82846.3,2.0216,62740.3
4608,3840,3840,1.65277,82222.9,2.13536,63640.5
4608,3840,4096,1.7273,83920.3,2.16397,66985.8
4608,3840,4352,1.8527,83129.8,2.11786,72722.1
4608,3840,4608,1.94259,83946.9,2.2009,74094.6
4608,3840,4864,2.03533,84573.2,2.36992,72632.9
4608,3840,5120,2.16384,83737.2,2.46675,73454.5
4608,3840,5376,2.24403,84782.1,2.51638,75606
4608,3840,5632,2.34442,85016.2,2.60848,76409.8
4608,3840,5888,2.43859,85448.1,2.70298,77090.2
4608,3840,6144,2.55904,84966.5,2.86941,75776.2
4608,4096,256,0.229568,42095,0.533216,18123.4
4608,4096,512,0.352096,54892.3,0.732896,26371.2
4608,4096,768,0.47488,61049.2,0.81376,35626
4608,4096,1024,0.573632,67385.9,0.958496,40328.5
4608,4096,1280,0.701664,68862.6,1.06637,45311.2
4608,4096,1536,0.808064,71754.3,1.13674,51007.5
4608,4096,1792,0.913024,74089.8,1.29667,52168.7
4608,4096,2048,1.00291,77084.9,1.45917,52981.8
4608,4096,2304,1.14093,76230.1,1.52048,57201.1
4608,4096,2560,1.25914,76748.5,1.58192,61088.3
4608,4096,2816,1.34483,79043.7,1.75766,60478.2
4608,4096,3072,1.47347,78701.3,1.84346,62905.8
4608,4096,3328,1.58483,79268.8,1.86637,67311.4
4608,4096,3584,1.69171,79973.1,2.00042,67631.7
4608,4096,3840,1.82771,79309.6,2.08272,69599
4608,4096,4096,1.89459,81610.6,2.15293,71817.9
4608,4096,4352,2.03782,80616.6,2.24656,73126.2
4608,4096,4608,2.13955,81300.3,2.36816,73452
4608,4096,4864,2.24198,81896.2,2.70307,67926.4
4608,4096,5120,2.38384,81076.5,2.72458,70937.1
4608,4096,5376,2.47312,82057.2,2.90429,69875
4608,4096,5632,2.57754,82482.2,2.97885,71370.2
4608,4096,5888,2.68611,82745.8,3.05222,72820.5
4608,4096,6144,2.80986,82541,3.1487,73658.3
4608,4352,256,0.239424,42884.8,0.563072,18235.1
4608,4352,512,0.360352,56986.8,0.689376,29788.3
4608,4352,768,0.480416,64117.3,0.82192,37476.8
4608,4352,1024,0.593952,69148.1,0.917792,44749.4
4608,4352,1280,0.721376,71167.2,1.08624,47262.4
4608,4352,1536,0.836928,73609.6,1.1793,52239.6
4608,4352,1792,0.945216,76039.3,1.37277,52356.7
4608,4352,2048,1.0488,78319.3,1.41786,57933.4
4608,4352,2304,1.18042,78285,1.50134,61550.8
4608,4352,2560,1.30701,78558.5,1.58947,64597.9
4608,4352,2816,1.39757,80814.8,1.67126,67580.1
4608,4352,3072,1.5336,80341.6,1.83546,67128.8
4608,4352,3328,1.64083,81348.7,1.90365,70117.8
4608,4352,3584,1.75907,81717.6,1.96259,73243.5
4608,4352,3840,1.89722,81179.4,2.11203,72922.6
4608,4352,4096,1.98912,82590.5,2.26118,72653.3
4608,4352,4352,2.11587,82495.6,2.41827,72179.7
4608,4352,4608,2.22253,83156.6,2.47034,74814.8
4608,4352,4864,2.33658,83492,2.61699,74545.7
4608,4352,5120,2.48141,82756.7,2.78496,73736.5
4608,4352,5376,2.58483,83417.7,2.83635,76020.5
4608,4352,5632,2.68333,84182.2,2.91363,77528.1
4608,4352,5888,2.80451,84205.8,3.136,75304.9
4608,4352,6144,2.9337,83997.7,3.16189,77935.6
4608,4608,256,0.250944,43323,0.566784,19181.3
4608,4608,512,0.386624,56238.8,0.735552,29560.5
4608,4608,768,0.520864,62616.9,0.879264,37093.4
4608,4608,1024,0.646784,67235,0.99072,43893.9
4608,4608,1280,0.789984,68809.2,1.09443,49667.9
4608,4608,1536,0.903936,72162,1.22093,53426.4
4608,4608,1792,1.02906,73952.7,1.33347,57070.2
4608,4608,2048,1.13619,76547.9,1.41747,61357.9
4608,4608,2304,1.28214,76313.4,1.57904,61964.7
4608,4608,2560,1.41818,76659.3,1.69738,64049.7
4608,4608,2816,1.51488,78942.2,1.80531,66242.3
4608,4608,3072,1.66019,78581.1,1.9728,66129.2
4608,4608,3328,1.77955,79419.6,2.06941,68295.5
4608,4608,3584,1.90275,79990.9,2.22957,68265.6
4608,4608,3840,2.04874,79597.6,2.31965,70301.4
4608,4608,4096,2.1369,81401.3,2.42618,71695.6
4608,4608,4352,2.28893,80744.3,2.47987,74527.2
4608,4608,4608,2.40694,81302,2.65725,73643.7
4608,4608,4864,2.53056,81626.6,2.74083,75364.4
4608,4608,5120,2.68614,80946,2.94515,73827.3
4608,4608,5376,2.78502,81975.7,3.08928,73902.1
4608,4608,5632,2.9049,82335.5,3.18067,75196.7
4608,4608,5888,3.02499,82660.6,3.34355,74785
4608,4608,6144,3.16467,82447.5,3.64093,71662.8
4608,4864,256,0.262752,43674.7,0.617024,18598.3
4608,4864,512,0.404704,56711.2,0.69808,32877.7
4608,4864,768,0.544032,63280.9,0.850752,40466.4
4608,4864,1024,0.672608,68245.5,1.00426,45707.9
4608,4864,1280,0.8216,69837,1.14874,49948.9
4608,4864,1536,0.936032,73559.1,1.2655,54408.1
4608,4864,1792,1.06854,75176.4,1.43635,55925.9
4608,4864,2048,1.18304,77600.9,1.7135,53577.3
4608,4864,2304,1.32902,77711.6,1.59795,64633.1
4608,4864,2560,1.48518,77267.3,1.75834,65264.1
4608,4864,2816,1.58438,79672.5,1.84886,68275.3
4608,4864,3072,1.72998,79600.4,1.96995,69903.9
4608,4864,3328,1.85222,80542.6,2.10643,70822.6
4608,4864,3584,1.97987,81146,2.20646,72812.7
4608,4864,3840,2.1431,80320.1,2.43882,70581.1
4608,4864,4096,2.23312,82221.2,2.51395,73036.3
4608,4864,4352,2.3959,81424.6,2.69539,72377.4
4608,4864,4608,2.51414,82159.6,2.73056,75647.9
4608,4864,4864,2.63411,82774.3,2.87629,75804.9
4608,4864,5120,2.80352,81865.8,3.1032,73959.9
4608,4864,5376,2.90714,82895.3,3.15667,76342.4
4608,4864,5632,3.02525,83452.2,3.24995,77682.2
4608,4864,5888,3.1527,83718.3,3.35802,78599.7
4608,4864,6144,3.31498,83082,3.47901,79164.7
4608,5120,256,0.270528,44651.9,0.593952,20337.7
4608,5120,512,0.411712,58679.8,0.708352,34106.2
4608,5120,768,0.550688,65806.4,0.88528,40934.8
4608,5120,1024,0.677056,71365.4,1.024,47185.9
4608,5120,1280,0.823424,73349.8,1.1433,52827.9
4608,5120,1536,0.948,76453.1,1.23853,58519.1
4608,5120,1792,1.0727,78826.2,1.35917,62212.4
4608,5120,2048,1.18941,81247.8,1.4599,66193.9
4608,5120,2304,1.33402,81495.5,1.60883,67574.7
4608,5120,2560,1.48381,81409.4,1.76003,68632.8
4608,5120,2816,1.57891,84156.4,1.94816,68205.7
4608,5120,3072,1.73638,83481,1.96634,73718.4
4608,5120,3328,1.85584,84616.5,2.34227,67043.8
4608,5120,3584,1.97674,85552.3,2.51238,67312.3
4608,5120,3840,2.13949,84690.3,2.63814,68682.4
4608,5120,4096,2.22746,86768.7,2.73885,70567.5
4608,5120,4352,2.39107,85883.3,2.6736,76807.7
4608,5120,4608,2.5087,86671.3,2.76317,78689.6
4608,5120,4864,2.62979,87273.9,2.91408,78759.8
4608,5120,5120,2.78883,86628.4,3.01338,80173.2
4608,5120,5376,2.90608,87289.9,3.11421,81456.2
4608,5120,5632,3.02454,87864.8,3.29565,80637
4608,5120,5888,3.15434,88079,3.4481,80575.1
4608,5120,6144,3.29866,87887.4,3.53795,81943
4608,5376,256,0.301344,42090,0.60688,20899.6
4608,5376,512,0.450048,56365.4,0.778528,32583.5
4608,5376,768,0.607744,62609.8,0.947744,40148.7
4608,5376,1024,0.749504,67690.5,1.06512,47632.5
4608,5376,1280,0.919136,68997.3,1.1873,53413.7
4608,5376,1536,1.06218,71646.7,1.35574,56132.6
4608,5376,1792,1.18941,74646.4,1.46349,60666.7
4608,5376,2048,1.32019,76859,1.60317,63292.6
4608,5376,2304,1.48765,76733.3,1.79978,63425.8
4608,5376,2560,1.64931,76902.2,1.89149,67056.1
4608,5376,2816,1.75302,79587.8,2.05155,68006.7
4608,5376,3072,1.93123,78811.3,2.21341,68764.1
4608,5376,3328,2.06947,79675.6,2.544,64813.9
4608,5376,3584,2.20803,80420.1,2.58797,68613.7
4608,5376,3840,2.38032,79927.8,2.81818,67509.5
4608,5376,4096,2.48112,81792.6,2.93824,69067.6
4608,5376,4352,2.67853,80499.7,2.89098,74584.1
4608,5376,4608,2.80256,81462.8,3.01165,75807.1
4608,5376,4864,2.93194,82194.1,3.21405,74979.6
4608,5376,5120,3.12288,81230,3.34419,75854.3
4608,5376,5376,3.24752,82018,3.47821,76578.2
4608,5376,5632,3.37165,82760.3,3.5112,79471
4608,5376,5888,3.51322,83035.7,3.71971,78426
4608,5376,6144,3.68835,82531.7,3.94125,77235.9
4608,5632,256,0.30864,43052,0.612832,21682.2
4608,5632,512,0.453024,58661.6,0.74096,35865.8
4608,5632,768,0.609504,65401.8,0.917024,43469.6
4608,5632,1024,0.758976,70028.9,1.08573,48953.5
4608,5632,1280,0.9208,72152.2,1.19648,55527.7
4608,5632,1536,1.06256,75031.4,1.34262,59380.2
4608,5632,1792,1.19754,77670.2,1.45382,63978.1
4608,5632,2048,1.32294,80351.4,1.6833,63150.2
4608,5632,2304,1.49158,80175.2,1.75382,68187
4608,5632,2560,1.6569,80195.5,1.93552,68651.1
4608,5632,2816,1.75757,83162.1,2.0953,69757.7
4608,5632,3072,1.94125,82138.2,2.17024,73471.4
4608,5632,3328,2.07795,83129.1,2.5639,67373.1
4608,5632,3584,2.2153,83973.3,2.75571,67505.5
4608,5632,3840,2.39446,83239.2,2.8687,69478.5
4608,5632,4096,2.48998,85382.4,2.91376,72964.4
4608,5632,4352,2.67834,84339.1,2.94499,76702.6
4608,5632,4608,2.80061,85401.5,3.07181,77861.6
4608,5632,4864,2.94458,85738.5,3.13427,80549.3
4608,5632,5120,3.12509,85038,3.33571,79668.5
4608,5632,5376,3.25354,85764.7,3.47325,80339.4
4608,5632,5632,3.38362,86394.6,3.51981,83051.7
4608,5632,5888,3.52141,86787.4,3.75651,81355.7
4608,5632,6144,3.69626,86276.9,3.8959,81855.5
4608,5888,256,0.32288,43023.8,0.622048,22331.9
4608,5888,512,0.493888,56253.8,0.772224,35978
4608,5888,768,0.66112,63036.4,0.996544,41819.1
4608,5888,1024,0.812928,68353.1,1.15011,48313.7
4608,5888,1280,1.01357,68527.9,1.3336,52082.8
4608,5888,1536,1.17354,71024,1.43613,58037.5
4608,5888,1792,1.33008,73108.9,1.55414,62568.7
4608,5888,2048,1.40989,78823.5,1.79456,61927.3
4608,5888,2304,1.61568,77381.5,2.34586,53295.6
4608,5888,2560,1.82746,76015.7,2.3073,60207
4608,5888,2816,1.88829,80923.5,2.4648,61995.7
4608,5888,3072,2.14016,77890.6,2.62742,63445.6
4608,5888,3328,2.2903,78849.8,2.78362,64876
4608,5888,3584,2.4431,79604.3,2.95677,65775
4608,5888,3840,2.63693,79021.1,3.12026,66780.7
4608,5888,4096,2.7257,81544.1,3.29827,67388.2
4608,5888,4352,2.9519,80001.3,3.19965,73806.9
4608,5888,4608,3.08438,81068.9,3.25258,76876.8
4608,5888,4864,3.25453,81099.1,3.46835,76099.3
4608,5888,5120,3.4432,80689.7,3.61693,76814
4608,5888,5376,3.58278,81423.3,3.73232,78161.1
4608,5888,5632,3.72208,82108.3,3.8911,78541.7
4608,5888,5888,3.88554,82229.4,4.03155,79251.2
4608,5888,6144,4.08582,81598.4,4.20608,79265.5
4608,6144,256,0.33712,42998.1,0.643936,22510.8
4608,6144,512,0.501568,57800.8,0.776576,37331.9
4608,6144,768,0.67824,64116.7,0.985792,44113.3
4608,6144,1024,0.834752,69460.2,1.14077,50827.2
4608,6144,1280,1.02525,70692.7,1.32269,54795.7
4608,6144,1536,1.18579,73346,1.53168,56782.8
4608,6144,1792,1.33027,76276.6,1.65274,61394.3
4608,6144,2048,1.45293,79814.1,1.81581,63863.6
4608,6144,2304,1.6609,78547.7,2.28784,57023.1
4608,6144,2560,1.84573,78535.5,2.38419,60798.4
4608,6144,2816,1.93939,82216.8,2.61213,61042.4
4608,6144,3072,2.14618,81049.3,2.7703,62789.6
4608,6144,3328,2.3072,81675.5,2.95222,63830.4
4608,6144,3584,2.4519,82767.2,3.09872,65490.7
4608,6144,3840,2.6592,81766.2,3.21043,67726.9
4608,6144,4096,2.72685,85053.6,3.3959,68296.5
4608,6144,4352,2.97277,82893.7,3.1167,79065.5
4608,6144,4608,3.11274,83823.1,3.30486,78950.1
4608,6144,4864,3.26752,84288.6,3.44864,79861.8
4608,6144,5120,3.46387,83695.4,3.6591,79229.9
4608,6144,5376,3.60762,84378.7,3.79101,80296.8
4608,6144,5632,3.75296,84973.3,3.93546,81032.9
4608,6144,5888,3.90538,85368.7,4.07437,81827.9
4608,6144,6144,4.13466,84140.6,4.268,81511.8
4864,256,256,0.025216,25282.9,0.377888,1687.1
4864,256,512,0.036064,35355.7,0.39648,3215.97
4864,256,768,0.046688,40965.6,0.340928,5609.99
4864,256,1024,0.055616,45852.6,0.384288,6636
4864,256,1280,0.065472,48687.5,0.386176,8254.45
4864,256,1536,0.076064,50289.3,0.405824,9425.77
4864,256,1792,0.08272,53949.9,0.37584,11874
4864,256,2048,0.091648,55650.7,0.439712,11599.1
4864,256,2304,0.103936,55205.2,0.48,11953.8
4864,256,2560,0.111744,57053.1,0.48368,13180.9
4864,256,2816,0.119328,58769.7,0.49072,14291
4864,256,3072,0.132896,57566.9,0.555968,13760.5
4864,256,3328,0.140736,58890,0.493984,16777.8
4864,256,3584,0.148544,60086.4,0.485728,18375.5
4864,256,3840,0.159072,60117.5,0.512704,18652.1
4864,256,4096,0.163456,62405.5,0.487968,20904.1
4864,256,4352,0.176864,61279.2,0.583232,18582.8
4864,256,4608,0.190048,60382.7,0.596064,19252.3
4864,256,4864,0.198144,61133.1,0.620736,19514.2
4864,256,5120,0.209184,60954.4,0.555872,22938.2
4864,256,5376,0.217184,61644.6,0.5832,22956.5
4864,256,5632,0.225472,62206.2,0.526464,26641.4
4864,256,5888,0.237952,61622.9,0.654816,22393
4864,256,6144,0.245664,62283.5,0.69232,22100.8
4864,512,256,0.036224,35199.5,0.36752,3469.39
4864,512,512,0.050336,50662.3,0.413216,6171.44
4864,512,768,0.065856,58084.4,0.426912,8960.17
4864,512,1024,0.079296,64319.4,0.439776,11597.4
4864,512,1280,0.092288,69080.9,0.38576,16526.7
4864,512,1536,0.107136,71408.4,0.429152,17826.8
4864,512,1792,0.121184,73652.3,0.475168,18783.8
4864,512,2048,0.133792,76241.8,0.490624,20791
4864,512,2304,0.149792,76610.3,0.501664,22875.1
4864,512,2560,0.163584,77945.8,0.521568,24446.8
4864,512,2816,0.178848,78422.8,0.5096,27523.1
4864,512,3072,0.19376,78967.9,0.588512,25999.2
4864,512,3328,0.208384,79544.9,0.583648,28400.5
4864,512,3584,0.221632,80543.2,0.579648,30796.2
4864,512,3840,0.235808,81108.5,0.58208,32858.1
4864,512,4096,0.249152,81882.1,0.5736,35566.8
4864,512,4352,0.263328,82316.2,0.590272,36722.3
4864,512,4608,0.277632,82667.8,0.67936,33783.6
4864,512,4864,0.292032,82957.7,0.705152,34356.1
4864,512,5120,0.30752,82925.9,0.64048,39816
4864,512,5376,0.322272,83086.5,0.730432,36658.4
4864,512,5632,0.334912,83757.8,0.74,37907.4
4864,512,5888,0.348128,84240.8,0.674688,43466.9
4864,512,6144,0.364704,83908.2,0.701984,43593.1
4864,768,256,0.05312,36005.3,0.414592,4613.22
4864,768,512,0.074976,51019.1,0.4368,8757.34
4864,768,768,0.099648,57580.8,0.483456,11868.3
4864,768,1024,0.123712,61840.5,0.557728,13717.1
4864,768,1280,0.152064,62888.1,0.569952,16778.6
4864,768,1536,0.20336,56430.1,0.504256,22757.5
4864,768,1792,0.230528,58076.3,0.561952,23824.5
4864,768,2048,0.258624,59162.4,0.60368,25345.9
4864,768,2304,0.287968,59775.5,0.71088,24214.2
4864,768,2560,0.269024,71094.1,0.645408,29634
4864,768,2816,0.346336,60746.3,0.80064,26277.3
4864,768,3072,0.375424,61134.2,0.82944,27670.8
4864,768,3328,0.341568,72793.2,0.7696,32307.5
4864,768,3584,0.36336,73691.2,0.865568,30935.1
4864,768,3840,0.466592,61486.3,0.792224,36213.3
4864,768,4096,0.405088,75543.2,0.886912,34503.6
4864,768,4352,0.521984,62289.7,0.814848,39902.2
4864,768,4608,0.55328,62223.2,0.793728,43373.6
4864,768,4864,0.48144,75480.7,0.882624,41172.1
4864,768,5120,0.61168,62536.1,0.918656,41639.1
4864,768,5376,0.636064,63145.6,0.904256,44417.4
4864,768,5632,0.554304,75910.1,0.956576,43987.4
4864,768,5888,0.687616,63974.5,0.975776,45081.9
4864,768,6144,0.726432,63188.9,0.920096,49888.8
4864,1024,256,0.061792,41269.7,0.409664,6224.95
4864,1024,512,0.09152,55728.5,0.421504,12100.2
4864,1024,768,0.119168,64198.5,0.44928,17028.2
4864,1024,1024,0.147712,69057,0.457696,22286.7
4864,1024,1280,0.178496,71434,0.562752,22657.7
4864,1024,1536,0.207296,73811.5,0.578112,26466.9
4864,1024,1792,0.233152,76563.6,0.61552,29001.4
4864,1024,2048,0.259808,78523.7,0.606624,33630.5
4864,1024,2304,0.291008,78868,0.696544,32950.2
4864,1024,2560,0.320448,79580.4,0.810496,31463.9
4864,1024,2816,0.347328,80763.7,0.831808,33723.5
4864,1024,3072,0.37776,81008.2,0.859744,35593.9
4864,1024,3328,0.40368,82123.9,0.813728,40740.6
4864,1024,3584,0.433216,82411.3,0.908096,39315.1
4864,1024,3840,0.46336,82553.6,0.98976,38647.8
4864,1024,4096,0.489792,83305.1,0.955104,42720.2
4864,1024,4352,0.520928,83221.3,0.93904,46166.6
4864,1024,4608,0.54944,83544.1,0.889728,51591.6
4864,1024,4864,0.576992,83974.5,0.960352,50453
4864,1024,5120,0.6064,84107.4,0.95088,53637.4
4864,1024,5376,0.633856,84487.4,1.02822,52082.9
4864,1024,5632,0.658528,85194.6,1.04698,53585.8
4864,1024,5888,0.689248,85097.3,1.0975,53442.3
4864,1024,6144,0.718336,85201.5,1.04301,58679.6
4864,1280,256,0.078656,40526.7,0.446944,7132.15
4864,1280,512,0.130208,48962.8,0.437088,14585.9
4864,1280,768,0.17312,55239.2,0.53504,17873.5
4864,1280,1024,0.215584,59144.9,0.530304,24044.1
4864,1280,1280,0.25904,61528.5,0.60048,26542.7
4864,1280,1536,0.29904,63958.1,0.660928,28938.1
4864,1280,1792,0.311264,71687.4,0.642528,34728
4864,1280,2048,0.384448,66332.4,0.703264,36261.4
4864,1280,2304,0.390848,73402,0.922464,31100.4
4864,1280,2560,0.474272,67211.9,0.842784,37823.1
4864,1280,2816,0.513312,68310.1,0.949056,36946.6
4864,1280,3072,0.55808,68542.2,0.936992,40824.3
4864,1280,3328,0.59952,69121.5,0.931232,44499.9
4864,1280,3584,0.641248,69594.6,1.07661,41451.9
4864,1280,3840,0.690976,69199.3,1.08282,44158.1
4864,1280,4096,0.727296,70126.5,1.10211,46277.3
4864,1280,4352,0.772128,70183.2,1.02234,53006.5
4864,1280,4608,0.814944,70407.4,1.0448,54917.8
4864,1280,4864,0.76704,78960.4,1.25382,48304.8
4864,1280,5120,0.909888,70067.3,1.2303,51819.2
4864,1280,5376,0.947552,70646.3,1.24112,53936
4864,1280,5632,0.987392,71024.2,1.2039,58251.1
4864,1280,5888,1.02829,71299.5,1.34413,54545.7
4864,1280,6144,1.07382,71244.5,1.33411,57344.6
4864,1536,256,0.089824,42585.6,0.441792,8658.38
4864,1536,512,0.133632,57249.8,0.53472,14307.3
4864,1536,768,0.17792,64498.7,0.534432,21472.5
4864,1536,1024,0.21968,69650.5,0.545312,28058.8
4864,1536,1280,0.267904,71391.3,0.621408,30778.5
4864,1536,1536,0.307424,74656.6,0.666656,34427.4
4864,1536,1792,0.347072,77149.5,0.647872,41329.8
4864,1536,2048,0.39024,78417.5,0.705824,43355.9
4864,1536,2304,0.438656,78482.6,0.809792,42513.2
4864,1536,2560,0.481952,79369,0.814848,46943.8
4864,1536,2816,0.519488,80997.6,0.8624,48790.9
4864,1536,3072,0.56512,81226,0.898816,51069.9
4864,1536,3328,0.606176,82035,0.963616,51605.3
4864,1536,3584,0.645472,82967,1.04486,51253.4
4864,1536,3840,0.695808,82462.5,1.00429,57133.1
4864,1536,4096,0.732288,83578.2,1.12173,54561.6
4864,1536,4352,0.779392,83434.9,1.25094,51983.5
4864,1536,4608,0.81968,84000.7,1.1928,57724.4
4864,1536,4864,0.861056,84406.7,1.27277,57103
4864,1536,5120,0.912672,83824.3,1.3312,57470
4864,1536,5376,0.950464,84515.9,1.34192,59861.5
4864,1536,5632,0.991552,84871.5,1.31885,63809.1
4864,1536,5888,1.03581,84938.3,1.47456,59665.1
4864,1536,6144,1.07933,85057.5,1.53021,59995.1
4864,1792,256,0.105632,42248,0.546048,8172.8
4864,1792,512,0.162112,55057.5,0.591776,15082.5
4864,1792,768,0.229472,58343.6,0.585024,22884.9
4864,1792,1024,0.288096,61961.8,0.65808,27125.8
4864,1792,1280,0.327616,68109.3,0.704064,31692.7
4864,1792,1536,0.378976,70654.7,0.727904,36785.7
4864,1792,1792,0.4584,68148.3,0.773216,40401.6
4864,1792,2048,0.474944,75170.8,0.849856,42009.4
4864,1792,2304,0.533216,75325.3,1.1288,35581.7
4864,1792,2560,0.59136,75465.7,1.22259,36502.3
4864,1792,2816,0.636736,77096.5,1.21754,40319.2
4864,1792,3072,0.695808,76965,1.24643,42964.9
4864,1792,3328,0.804864,72081.3,1.40032,41430.3
4864,1792,3584,0.796864,78405.3,1.40326,44523.6
4864,1792,3840,0.853024,78475,1.45971,45859.1
4864,1792,4096,0.892672,79988.9,1.5031,47504.3
4864,1792,4352,1.03661,73187.3,1.37795,55057.5
4864,1792,4608,1.09082,73641.5,1.41277,56859.5
4864,1792,4864,1.05594,80300.4,1.43274,59181.9
4864,1792,5120,1.21581,73411.9,1.56246,57124.4
4864,1792,5376,1.26554,74053.6,1.5615,60017.5
4864,1792,5632,1.21155,81036.8,1.63859,59917.5
4864,1792,5888,1.26323,81254.3,1.61661,63492.8
4864,1792,6144,1.31715,81316.2,1.65197,64835.2
4864,2048,256,0.117088,43559.3,0.44128,11557.9
4864,2048,512,0.180992,56359.1,0.529632,19259.7
4864,2048,768,0.23712,64527.8,0.59248,25825
4864,2048,1024,0.292352,69782.6,0.6504,31367
4864,2048,1280,0.35264,72315.6,0.718144,35510.1
4864,2048,1536,0.406784,75228.2,0.752,40693.7
4864,2048,1792,0.46224,77236.7,0.878144,40656.1
4864,2048,2048,0.51904,78610.9,0.991296,41160.5
4864,2048,2304,0.576384,79638.7,0.935552,49064.6
4864,2048,2560,0.634816,80342.6,0.985184,51769.8
4864,2048,2816,0.691136,81175.1,1.03437,54238.9
4864,2048,3072,0.752672,81314.7,1.07376,56999
4864,2048,3328,0.8064,82221.7,1.15133,57588.8
4864,2048,3584,0.860096,83018.4,1.19232,59886.5
4864,2048,3840,0.926048,82613.5,1.24125,61634.8
4864,2048,4096,0.973536,83822.7,1.31418,62095.5
4864,2048,4352,1.03795,83534.4,1.3513,64164.1
4864,2048,4608,1.08771,84401.9,1.3961,65758.3
4864,2048,4864,1.1471,84478.1,1.51206,64088
4864,2048,5120,1.21693,83822.1,1.55437,65625
4864,2048,5376,1.26739,84508.8,1.57882,67839.3
4864,2048,5632,1.31875,85085,1.66586,67356.4
4864,2048,5888,1.37866,85087.4,1.75811,66722.9
4864,2048,6144,1.43741,85157.8,1.78893,68424.5
4864,2304,256,0.140544,40825.7,0.460128,12470
4864,2304,512,0.217216,52830.4,0.561536,20436.1
4864,2304,768,0.292288,58892,0.598656,28753.4
4864,2304,1024,0.36016,63725.1,0.690848,33221.8
4864,2304,1280,0.418176,68605.2,0.805312,35624.8
4864,2304,1536,0.481024,71569.9,0.922944,37301.1
4864,2304,1792,0.546176,73537.9,0.941344,42667.4
4864,2304,2048,0.642592,71433.3,1.06806,42977.3
4864,2304,2304,0.680736,75859.5,1.07523,48027.1
4864,2304,2560,0.751104,76391.7,1.14045,50311.9
4864,2304,2816,0.810848,77839.4,1.22099,51692.3
4864,2304,3072,0.884448,77849.3,1.40134,49134
4864,2304,3328,0.946144,78837.4,1.3199,56512.8
4864,2304,3584,1.0103,79510,1.38272,58095.1
4864,2304,3840,1.08387,79407.1,1.39216,61822.7
4864,2304,4096,1.13981,80544.2,1.39862,65639.5
4864,2304,4352,1.21638,80190.7,1.67789,58134.2
4864,2304,4608,1.28621,80298.5,1.74477,59194.4
4864,2304,4864,1.34765,80895.3,1.69302,64392.7
4864,2304,5120,1.52816,75094.3,1.92384,59649.5
4864,2304,5376,1.4848,81151.6,1.8416,65429
4864,2304,5632,1.54637,81631.1,1.87462,67337.1
4864,2304,5888,1.61718,81604.6,2.03392,64884.4
4864,2304,6144,1.67994,81971.8,2.0775,66285
4864,2560,256,0.14608,43642.8,0.516256,12349.2
4864,2560,512,0.224096,56898.3,0.61184,20839.9
4864,2560,768,0.294752,64888.5,0.65888,29028.1
4864,2560,1024,0.366688,69545.1,0.721408,35349.4
4864,2560,1280,0.441888,72137.5,0.801248,39783.8
4864,2560,1536,0.512608,74622.4,0.85072,44964.3
4864,2560,1792,0.579456,77016,0.956512,46656.4
4864,2560,2048,0.64736,78785.7,1.03898,49089.4
4864,2560,2304,0.724128,79237.5,1.11667,51383.1
4864,2560,2560,0.79904,79787.5,1.16704,54628.3
4864,2560,2816,0.8648,81092.5,1.23478,56794.4
4864,2560,3072,0.944064,81037,1.26992,60243.2
4864,2560,3328,1.0103,82034.2,1.30288,63612.5
4864,2560,3584,1.0823,82467.4,1.38086,64636.9
4864,2560,3840,1.16074,82387.5,1.45274,65827.6
4864,2560,4096,1.22285,83416.3,1.47229,69283.6
4864,2560,4352,1.30464,83073.3,1.64253,65984.1
4864,2560,4608,1.3681,83880.2,1.66726,68829
4864,2560,4864,1.4384,84212.7,1.73165,69951.6
4864,2560,5120,1.53024,83324.7,1.90538,66919.5
4864,2560,5376,1.58963,84222.1,1.86038,71964.8
4864,2560,5632,1.65606,84693.3,1.98762,70565.7
4864,2560,5888,1.72803,84855.4,2.05501,71353.9
4864,2560,6144,1.80381,84825.1,2.20211,69482.5
4864,2816,256,0.166944,42007.4,0.489088,14338.7
4864,2816,512,0.261568,53621.8,0.606336,23132
4864,2816,768,0.34,61878.3,0.72208,29136.1
4864,2816,1024,0.419616,66850.4,0.772448,36315.1
4864,2816,1280,0.510272,68717,0.961024,36486.5
4864,2816,1536,0.590528,71253.6,1.05488,39888.2
4864,2816,1792,0.665568,73756.8,1.18838,41308.3
4864,2816,2048,0.737632,76058.3,1.18893,47187.9
4864,2816,2304,0.827872,76238.7,1.2695,49717
4864,2816,2560,0.92128,76121,1.35517,51749.1
4864,2816,2816,0.987936,78083.6,1.50381,51297.5
4864,2816,3072,1.0808,77863.2,1.59549,52745.3
4864,2816,3328,1.15626,78847.1,1.60013,56975.1
4864,2816,3584,1.2336,79588.4,1.73606,56553.4
4864,2816,3840,1.32438,79428,1.77184,59369.4
4864,2816,4096,1.38685,80907.2,1.86515,60159.2
4864,2816,4352,1.48502,80280.8,1.9631,60729.8
4864,2816,4608,1.56381,80720.8,1.96054,64386.1
4864,2816,4864,1.6401,81242,2.09664,63551.5
4864,2816,5120,1.74922,80183.1,2.13917,65566.4
4864,2816,5376,1.80912,81404.4,2.20973,66646.4
4864,2816,5632,1.88627,81792.7,2.3407,65913.2
4864,2816,5888,1.96547,82064.8,2.33824,68981.9
4864,2816,6144,2.16842,77618.4,2.51178,67008
4864,3072,256,0.1712,44687,0.520448,14699.7
4864,3072,512,0.267584,57181.4,0.590688,25903.4
4864,3072,768,0.35824,64066.6,0.683008,33603.2
4864,3072,1024,0.440544,69463.3,0.827296,36990
4864,3072,1280,0.534528,71562.3,0.836768,45714
4864,3072,1536,0.616896,74408.8,0.936704,49004.2
4864,3072,1792,0.700704,76427.2,1.09341,48977.9
4864,3072,2048,0.780704,78395,1.1919,51349.2
4864,3072,2304,0.873408,78833.4,1.6784,41023.4
4864,3072,2560,0.969536,78908,1.65706,46168.7
4864,3072,2816,1.04125,80820.8,1.76013,47811.6
4864,3072,3072,1.13658,80773.2,1.98166,46327.2
4864,3072,3328,1.21872,81606.4,1.81923,54668.9
4864,3072,3584,1.30323,82184.7,1.85245,57818.5
4864,3072,3840,1.40566,81638.4,2.01222,57029.5
4864,3072,4096,1.47363,83064.5,1.9657,62271.4
4864,3072,4352,1.57155,82757,1.91181,68028.3
4864,3072,4608,1.65206,83354.8,1.95101,70582.7
4864,3072,4864,1.73379,83838.1,2.09427,69407.3
4864,3072,5120,1.85507,82481,2.17859,70232.6
4864,3072,5376,1.9225,83567.7,2.18819,73420.7
4864,3072,5632,1.99338,84434.2,2.43965,68989.1
4864,3072,5888,2.08483,84399.8,2.40768,73082.6
4864,3072,6144,2.18013,84219.8,2.4881,73795.3
4864,3328,256,0.196096,42264.7,0.504256,16436
4864,3328,512,0.297888,55644.7,0.564384,29369.9
4864,3328,768,0.395552,62858.6,0.765984,32460
4864,3328,1024,0.497792,66597.7,0.853856,38826
4864,3328,1280,0.603424,68674.3,0.99136,41800.9
4864,3328,1536,0.695776,71470.8,1.10019,45199.1
4864,3328,1792,0.78768,73653.8,1.15581,50194.9
4864,3328,2048,0.868768,76319.1,1.26954,52226.6
4864,3328,2304,0.978592,76223.3,1.46074,51064.3
4864,3328,2560,1.08115,76658.5,1.52339,54404.5
4864,3328,2816,1.16547,78223.6,1.57446,57903.8
4864,3328,3072,1.26912,78365.6,1.73734,57245.6
4864,3328,3328,1.36317,79038.9,1.87981,57316.1
4864,3328,3584,1.45552,79718.1,1.972,58839.4
4864,3328,3840,1.56381,79497.7,2.11677,58730.7
4864,3328,4096,1.63629,81041.4,2.1448,61827.3
4864,3328,4352,1.75962,80071.5,2.01898,69785.4
4864,3328,4608,1.8425,80967.9,2.26557,65847.9
4864,3328,4864,1.93904,81210.8,2.38966,65896.7
4864,3328,5120,2.06234,80374.3,2.52326,65692.3
4864,3328,5376,2.14106,81290.2,2.49232,69833.3
4864,3328,5632,2.2233,82011,2.66627,68385.7
4864,3328,5888,2.3224,82080.1,2.77885,68597.8
4864,3328,6144,2.42262,82105.5,2.8441,69938.1
4864,3584,256,0.203104,43945.4,0.500768,17823.6
4864,3584,512,0.309952,57592.7,0.662784,26933.3
4864,3584,768,0.412896,64850.3,0.781632,34257.1
4864,3584,1024,0.51728,69018.6,0.884544,40361.9
4864,3584,1280,0.627968,71066.3,1.01158,44116.3
4864,3584,1536,0.72384,73984.4,1.10512,48458.9
4864,3584,1792,0.821728,76032.9,1.17274,53275.7
4864,3584,2048,0.91552,77992.6,1.27069,56193
4864,3584,2304,1.0241,78439.2,1.32307,60714.2
4864,3584,2560,1.13629,78549.4,1.43187,62334.3
4864,3584,2816,1.22189,80351.3,1.54314,63623.9
4864,3584,3072,1.32563,80796,1.74493,61381.2
4864,3584,3328,1.42918,81187,2.01498,57584.4
4864,3584,3584,1.52806,81774.5,2.11373,59116.7
4864,3584,3840,1.64538,81368.7,2.15539,62115
4864,3584,4096,1.72442,82815.1,2.31085,61798.8
4864,3584,4352,1.84534,82224.9,2.20896,68689.9
4864,3584,4608,1.93344,83094.7,2.21142,72649.4
4864,3584,4864,2.02902,83579.2,2.37082,71529.8
4864,3584,5120,2.16109,82601.7,2.51354,71019.3
4864,3584,5376,2.24134,83626.2,2.53853,73836.1
4864,3584,5632,2.33251,84184.2,2.58672,75911
4864,3584,5888,2.43494,84308.3,2.72714,75275.3
4864,3584,6144,2.55491,83843,2.87578,74488.2
4864,3840,256,0.2208,43310.7,0.527936,18114
4864,3840,512,0.337504,56669,0.715904,26715.9
4864,3840,768,0.456064,62905.7,0.822272,34890
4864,3840,1024,0.567168,67444,0.930944,41089.5
4864,3840,1280,0.691136,69183.3,0.991264,48236.5
4864,3840,1536,0.796416,72045.4,1.16861,49099.5
4864,3840,1792,0.901952,74218,1.28,52297.7
4864,3840,2048,1.00029,76482.1,1.33981,57100.8
4864,3840,2304,1.12621,76422,1.3951,61692.3
4864,3840,2560,1.24467,76831.6,1.55123,61647.9
4864,3840,2816,1.33792,78624.4,1.63872,64192.3
4864,3840,3072,1.46451,78358,1.74813,65645.2
4864,3840,3328,1.5681,79280.3,1.98672,62575.1
4864,3840,3584,1.66832,80249.7,2.09731,63835.1
4864,3840,3840,1.80163,79619.6,2.46208,58261.8
4864,3840,4096,1.88755,81061.7,2.51824,60760
4864,3840,4352,2.01654,80618.7,2.23018,72896.1
4864,3840,4608,2.12038,81180.7,2.42442,71000.3
4864,3840,4864,2.22339,81720.7,2.46691,73653.7
4864,3840,5120,2.35917,81071.1,2.62371,72896.8
4864,3840,5376,2.45482,81807.9,2.89376,69398.7
4864,3840,5632,2.55754,82261.3,2.95693,71150.3
4864,3840,5888,2.67011,82374.6,3.13741,70105.4
4864,3840,6144,2.79072,82241.3,3.20976,71504.5
4864,4096,256,0.234112,43571.2,0.561312,18172.7
4864,4096,512,0.360096,56654.6,0.677568,30109.3
4864,4096,768,0.48048,63689.7,0.835648,36620.3
4864,4096,1024,0.59232,68885.4,0.891456,45770.3
4864,4096,1280,0.718592,70975.9,1.0703,47652.6
4864,4096,1536,0.827264,73982.8,1.12301,54499.4
4864,4096,1792,0.937376,76174.2,1.23453,57839
4864,4096,2048,1.04541,78059.8,1.41264,57767.3
4864,4096,2304,1.17594,78069.7,1.47299,62325.5
4864,4096,2560,1.30166,78365.4,1.57222,64879.7
4864,4096,2816,1.39549,80406.3,1.64902,68043.9
4864,4096,3072,1.52589,80219.9,1.8784,65165.3
4864,4096,3328,1.63626,81043,1.93869,68400.4
4864,4096,3584,1.74694,81747.1,2.02096,70663.3
4864,4096,3840,1.89235,80856.1,2.1391,71529.1
4864,4096,4096,1.97766,82526,2.31018,70647.8
4864,4096,4352,2.11354,82047,2.43722,71150.6
4864,4096,4608,2.21789,82785.9,2.5424,72219.1
4864,4096,4864,2.32499,83359.6,2.67491,72454.9
4864,4096,5120,2.46701,82695.7,2.70902,75307.9
4864,4096,5376,2.57184,83291.1,2.85882,74930.1
4864,4096,5632,2.67581,83867,2.99811,74851.1
4864,4096,5888,2.7935,83985.1,3.02189,77637.8
4864,4096,6144,2.93222,83490.6,3.1801,76982.9
4864,4352,256,0.253344,42780.1,0.517472,20944.3
4864,4352,512,0.385664,56204.8,0.682816,31745.2
4864,4352,768,0.516288,62977,0.929568,34977.8
4864,4352,1024,0.637088,68047.6,1.02384,42342.9
4864,4352,1280,0.781248,69363.9,1.17155,46255.2
4864,4352,1536,0.89936,72305.3,1.31254,49543.9
4864,4352,1792,1.02051,74341.7,1.43629,52821.3
4864,4352,2048,1.12963,76754.8,1.58202,54806.4
4864,4352,2304,1.27354,76592.1,1.53587,63509.7
4864,4352,2560,1.41094,76814.4,1.70771,63465.5
4864,4352,2816,1.51082,78910.3,1.8199,65508.3
4864,4352,3072,1.6535,78655.4,1.97917,65713
4864,4352,3328,1.77491,79381.4,2.09821,67150.2
4864,4352,3584,1.89136,80224.4,2.19866,69011.8
4864,4352,3840,2.04086,79658,2.29869,70723.5
4864,4352,4096,2.13914,81065.1,2.49206,69584.6
4864,4352,4352,2.28083,80780.8,2.54067,72519.2
4864,4352,4608,2.39757,81368.1,2.65917,73363.3
4864,4352,4864,2.51776,81788.4,2.80314,73461.8
4864,4352,5120,2.67078,81160.3,2.88464,75143.4
4864,4352,5376,2.78371,81761.2,3.0255,75227
4864,4352,5632,2.89139,82464.7,3.12419,76319.8
4864,4352,5888,3.0175,82610,3.25091,76678.8
4864,4352,6144,3.15603,82418,3.68656,70557.4
4864,4608,256,0.268896,42676.8,0.618208,18562.7
4864,4608,512,0.40544,56608.2,0.732704,31324
4864,4608,768,0.544384,63240,0.875904,39304.4
4864,4608,1024,0.667488,68769,1.02298,44871.5
4864,4608,1280,0.814912,70410.2,1.1056,51897.7
4864,4608,1536,0.93856,73361,1.21805,56527.9
4864,4608,1792,1.06003,75780.1,1.38013,58204.2
4864,4608,2048,1.17997,77802.9,1.49994,61205.9
4864,4608,2304,1.32669,77848.4,1.59373,64804.4
4864,4608,2560,1.47299,77906.8,1.7048,67313.6
4864,4608,2816,1.5744,80177.7,1.84595,68383
4864,4608,3072,1.73562,79342.1,1.96432,70104.4
4864,4608,3328,1.85114,80590,2.11037,70690.5
4864,4608,3584,1.97517,81339.2,2.23942,71741
4864,4608,3840,2.13286,80705.7,2.32864,73920.5
4864,4608,4096,2.24362,81836.6,2.43818,75306.2
4864,4608,4352,2.38451,81813.6,2.62506,74316.7
4864,4608,4608,2.50045,82609.6,2.75482,74981.8
4864,4608,4864,2.62362,83105.4,2.84278,76698.3
4864,4608,5120,2.7856,82392.4,3.00461,76386.8
4864,4608,5376,2.90918,82837,3.12749,77054.8
4864,4608,5632,3.01488,83739.2,3.28576,76835.7
4864,4608,5888,3.15171,83744.7,3.42086,77155.7
4864,4608,6144,3.32416,82852.4,3.59696,76568.8
4864,4864,256,0.271744,44575.6,0.566528,21381.4
4864,4864,512,0.42368,57180.7,0.849312,28524.6
4864,4864,768,0.578752,62789.3,1.04067,34919.2
4864,4864,1024,0.71728,67550.5,1.09821,44119.7
4864,4864,1280,0.867424,69822.5,1.34336,45085.3
4864,4864,1536,1.0015,72569.8,1.36269,53335
4864,4864,1792,1.13766,74531.7,1.51814,55852.4
4864,4864,2048,1.26026,76893.3,1.73677,55796.3
4864,4864,2304,1.41459,77067,1.71536,63554.2
4864,4864,2560,1.56867,77219.1,1.84224,65752.3
4864,4864,2816,1.68131,79250.4,1.8927,70399.1
4864,4864,3072,1.83923,79031.8,2.07882,69923.4
4864,4864,3328,1.9737,79784.8,2.22278,70844
4864,4864,3584,2.11184,80301.6,2.43187,69734
4864,4864,3840,2.2713,79997.2,2.64954,68577
4864,4864,4096,2.38438,81283.2,2.6984,71824.2
4864,4864,4352,2.54381,80950.9,2.81654,73112.1
4864,4864,4608,2.67482,81514.7,2.90925,74946.1
4864,4864,4864,2.80557,82033.2,3.06256,75149.5
4864,4864,5120,2.98019,81291.1,3.19677,75783.7
4864,4864,5376,3.10387,81954.5,3.29517,77196.7
4864,4864,5632,3.23008,82502.4,3.43091,77673
4864,4864,5888,3.36851,82707.9,3.62848,76782.1
4864,4864,6144,3.52147,82555.1,3.68352,78923.3
4864,5120,256,0.300832,42384.7,0.600736,21225.1
4864,5120,512,0.450528,56603.3,0.7392,34498.6
4864,5120,768,0.605568,63167.2,0.913568,41871.1
4864,5120,1024,0.748352,68153.4,1.0839,47054.7
4864,5120,1280,0.91376,69770.4,1.17901,54073.8
4864,5120,1536,1.05117,72780.1,1.30154,58779.9
4864,5120,1792,1.18422,75369.9,1.45453,61363.4
4864,5120,2048,1.32086,77226.3,1.61341,63223.6
4864,5120,2304,1.48829,77106.1,1.77574,64624.3
4864,5120,2560,1.64224,77642,1.93693,65829.4
4864,5120,2816,1.75149,80079.1,2.15562,65066.1
4864,5120,3072,1.92317,79560.5,2.17805,70250.2
4864,5120,3328,2.06422,80300.8,2.45222,67595.3
4864,5120,3584,2.19869,81189.1,2.57114,69428.3
4864,5120,3840,2.37136,80654.2,2.71782,70372.6
4864,5120,4096,2.47926,82286.9,2.82982,72093.2
4864,5120,4352,2.65786,81555.1,2.87466,75404.4
4864,5120,4608,2.79008,82260.1,3.02915,75767.8
4864,5120,4864,2.93702,82485.9,3.21485,75357.5
4864,5120,5120,3.10573,82110.8,3.39738,75062
4864,5120,5376,3.2439,82543.9,3.50874,76313.6
4864,5120,5632,3.36461,83372.3,3.61824,77528
4864,5120,5888,3.50714,83619.7,3.68534,79576.2
4864,5120,6144,3.69315,82860.5,3.92115,78042.5
4864,5376,256,0.305504,43823.4,0.645792,20731.5
4864,5376,512,0.454336,58935.3,0.782272,34229.1
4864,5376,768,0.612576,65566.8,0.91824,43740.9
4864,5376,1024,0.757824,70666.6,1.07315,49902.4
4864,5376,1280,0.919264,72820.3,1.19779,55887.1
4864,5376,1536,1.05283,76298.3,1.36246,58958.9
4864,5376,1792,1.19414,78480.9,1.44045,65061.4
4864,5376,2048,1.31667,81345.8,1.6407,65280.4
4864,5376,2304,1.48826,80963.2,1.84214,65409.6
4864,5376,2560,1.64755,81261.3,1.96032,68296.1
4864,5376,2816,1.7544,83943.5,2.07027,71135.8
4864,5376,3072,1.92742,83354.1,2.24102,71689.8
4864,5376,3328,2.06592,84246.6,2.60029,66933.7
4864,5376,3584,2.20506,85002.4,2.72179,68864.6
4864,5376,3840,2.38282,84279.8,2.93533,68416
4864,5376,4096,2.4768,86487.2,3.01216,71115.6
4864,5376,4352,2.66592,85373.8,2.85517,79715
4864,5376,4608,2.79949,86082.9,3.03216,79477.3
4864,5376,4864,2.93475,86677.2,3.18192,79944.2
4864,5376,5120,3.11248,86029.3,3.38134,79188.7
4864,5376,5376,3.25014,86504.7,3.54013,79418.8
4864,5376,5632,3.37158,87359.8,3.57645,82355.7
4864,5376,5888,3.51459,87614.4,3.67645,83757.2
4864,5376,6144,3.68915,87097.9,3.87507,82919
4864,5632,256,0.331072,42364.7,0.591456,23713.9
4864,5632,512,0.494944,56676.1,0.799104,35103.7
4864,5632,768,0.671456,62665.7,0.99328,42361.9
4864,5632,1024,0.827072,67833.3,1.1552,48565.6
4864,5632,1280,1.00714,69631.9,1.3399,52338.6
4864,5632,1536,1.16419,72285.8,1.42624,59004.5
4864,5632,1792,1.31661,74570.6,1.56614,62689.2
4864,5632,2048,1.44506,77648.2,1.7239,65088.3
4864,5632,2304,1.64314,76823.7,1.9025,66350.6
4864,5632,2560,1.8248,76861.9,2.07622,67554.1
4864,5632,2816,1.93331,79802.6,2.17741,70856.4
4864,5632,3072,2.1288,79062.9,2.34259,71847.4
4864,5632,3328,2.28435,79819,2.73904,66568.9
4864,5632,3584,2.42838,80860.6,2.77146,70851
4864,5632,3840,2.62922,80018.6,3.03408,69341
4864,5632,4096,2.72592,82325.2,3.08598,72719.8
4864,5632,4352,2.9408,81079.2,3.172,75169.5
4864,5632,4608,3.08646,81797,3.31104,76249
4864,5632,4864,3.23978,82255.5,3.4551,77129.2
4864,5632,5120,3.44349,81462.5,3.58736,78195.4
4864,5632,5376,3.58144,82240.9,3.69171,79784.3
4864,5632,5632,3.72355,82868.9,3.88314,79463.2
4864,5632,5888,3.87283,83296.2,4.0143,80360.7
4864,5632,6144,4.08867,82329.4,4.18298,80473.3
4864,5888,256,0.339776,43155.7,0.650144,22553.9
4864,5888,512,0.504576,58121.2,0.786048,37308.9
4864,5888,768,0.672992,65364.6,1.00266,43873.3
4864,5888,1024,0.830848,70594.3,1.12125,52310.6
4864,5888,1280,1.01626,72143.7,1.276,57458
4864,5888,1536,1.17315,74994.3,1.42202,61869.7
4864,5888,1792,1.32266,77603.7,1.60931,63780.7
4864,5888,2048,1.44973,80916.1,1.73146,67750.1
4864,5888,2304,1.64781,80088,2.28365,57788.9
4864,5888,2560,1.82246,80458.6,2.40938,60859.3
4864,5888,2816,1.93171,83499.1,2.57994,62519.4
4864,5888,3072,2.14093,82188.4,2.74602,64078.1
4864,5888,3328,2.29136,83192,2.91648,65360.5
4864,5888,3584,2.43872,84177.8,3.11763,65846.8
4864,5888,3840,2.63584,83445.6,3.24221,67839.4
4864,5888,4096,2.72925,85962.4,3.43302,68339.9
4864,5888,4352,2.95594,84330.6,3.18205,78338.2
4864,5888,4608,3.09664,85234,3.32288,79430.8
4864,5888,4864,3.2511,85694.7,3.38589,82283.4
4864,5888,5120,3.45075,84986,3.62256,80955.4
4864,5888,5376,3.596,85631,3.79664,81105.7
4864,5888,5632,3.72595,86579.8,3.91203,82461.6
4864,5888,5888,3.88576,86792.7,4.05709,83127.5
4864,5888,6144,4.12528,85307.9,4.22122,83369.1
4864,6144,256,0.353984,43224.6,0.592064,25843.2
4864,6144,512,0.543552,56299.4,0.833152,36730
4864,6144,768,0.73344,62585.2,1.03085,44528.8
4864,6144,1024,0.900256,67984.3,1.22557,49938.7
4864,6144,1280,1.11706,68487.3,1.41341,54127.4
4864,6144,1536,1.28141,71643.8,1.63776,56055.2
4864,6144,1792,1.4504,73845.7,1.78819,59896.1
4864,6144,2048,1.5799,77477.2,1.99744,61281.7
4864,6144,2304,1.80704,76206.1,2.37766,57917.1
4864,6144,2560,2.00285,76395.3,2.57798,59351.9
4864,6144,2816,2.11626,79531.5,2.75555,61080
4864,6144,3072,2.35341,78018.7,2.96358,61955.3
4864,6144,3328,2.50416,79432.1,3.06256,64949.1
4864,6144,3584,2.67037,80218,3.19878,66966.5
4864,6144,3840,2.8937,79314.6,3.35158,68478.8
4864,6144,4096,2.97677,82241.3,3.52803,69390.8
4864,6144,4352,3.22803,80579.7,3.36,77414.9
4864,6144,4608,3.38166,81443.6,3.53491,77912.8
4864,6144,4864,3.5513,81861.8,3.67725,79057.9
4864,6144,5120,3.77123,81144.9,3.94598,77551.4
4864,6144,5376,3.93293,81699.2,4.0311,79709.5
4864,6144,5632,4.06538,82801.2,4.31341,78039.9
4864,6144,5888,4.24922,82819.7,4.48832,78407.7
4864,6144,6144,4.51018,81420.3,4.59379,79938.3
5120,256,256,0.026848,24995.9,0.377856,1776.04
5120,256,512,0.036512,36759.9,0.401984,3338.88
5120,256,768,0.0472,42653.9,0.4024,5003.15
5120,256,1024,0.056512,47500.6,0.37088,7237.8
5120,256,1280,0.065536,51200,0.421792,7955.21
5120,256,1536,0.074368,54143.3,0.417984,9633.22
5120,256,1792,0.083008,56592.4,0.444096,10577.9
5120,256,2048,0.090848,59095.5,0.466944,11497.5
5120,256,2304,0.103808,58182.4,0.431712,13990.3
5120,256,2560,0.114592,58563.3,0.484608,13848.1
5120,256,2816,0.121664,60675.1,0.484736,15228.9
5120,256,3072,0.132128,60949,0.50464,15958
5120,256,3328,0.14048,62102.5,0.506304,17231.1
5120,256,3584,0.15168,61941.2,0.519808,18074.4
5120,256,3840,0.158208,63627.2,0.535072,18813
5120,256,4096,0.167744,64010.7,0.531776,20191.6
5120,256,4352,0.1808,63100.1,0.614496,18565.6
5120,256,4608,0.18928,63818.7,0.573216,21073.4
5120,256,4864,0.200352,63641.4,0.585824,21765.4
5120,256,5120,0.214304,62629.6,0.682688,19660.2
5120,256,5376,0.22,64058.5,0.600416,23471.8
5120,256,5632,0.230176,64142,0.59456,24831.7
5120,256,5888,0.239712,64389.9,0.511264,30190
5120,256,6144,0.246496,65340.3,0.64192,25090.6
5120,512,256,0.037824,35484.8,0.354016,3791.29
5120,512,512,0.050048,53635.6,0.37856,7090.96
5120,512,768,0.06256,64362.7,0.398624,10101.1
5120,512,1024,0.080096,67028.4,0.44064,12183.9
5120,512,1280,0.093024,72141.5,0.42896,15644.6
5120,512,1536,0.107968,74587.5,0.456544,17639.2
5120,512,1792,0.121376,77406.1,0.457728,20525.8
5120,512,2048,0.136832,78471.5,0.490048,21911
5120,512,2304,0.150656,80180,0.513152,23540
5120,512,2560,0.166336,80690.7,0.594496,22576.7
5120,512,2816,0.179264,82358.7,0.541792,27250.2
5120,512,3072,0.193248,83344.3,0.553728,29086.7
5120,512,3328,0.207648,84028.3,0.617056,28276.7
5120,512,3584,0.222144,84586.9,0.525376,35765.8
5120,512,3840,0.238368,84460.4,0.6128,32853.6
5120,512,4096,0.24992,85926.8,0.579616,37050.1
5120,512,4352,0.263872,86470,0.643712,35446
5120,512,4608,0.279424,86460.7,0.60912,39662.4
5120,512,4864,0.291968,87343,0.630688,40434.2
5120,512,5120,0.307744,87226.9,0.774112,34676.6
5120,512,5376,0.321472,87677.1,0.698176,40370.5
5120,512,5632,0.335552,87998,0.74544,39611.4
5120,512,5888,0.350048,88188.1,0.736864,41893.9
5120,512,6144,0.364736,88316.6,0.718624,44824.9
5120,768,256,0.0576,34952.5,0.44256,4549.14
5120,768,512,0.089824,44826.9,0.442272,9104.2
5120,768,768,0.118336,51039.4,0.492672,12259.3
5120,768,1024,0.145216,55455.8,0.521056,15455.3
5120,768,1280,0.174528,57677.4,0.497728,20224.6
5120,768,1536,0.203744,59288.1,0.57216,21112.3
5120,768,1792,0.232448,60628,0.572768,24604.8
5120,768,2048,0.26144,61605.4,0.635072,25361.1
5120,768,2304,0.290752,62319.1,0.7608,23816.2
5120,768,2560,0.325984,61759.7,0.750912,26810.9
5120,768,2816,0.34752,63725.6,0.761952,29064.7
5120,768,3072,0.379744,63619.7,0.784256,30805.2
5120,768,3328,0.40544,64553.2,0.741376,35302.5
5120,768,3584,0.435424,64731.7,0.8512,33112.9
5120,768,3840,0.468384,64474.9,0.830112,36379.4
5120,768,4096,0.493824,65230.2,0.893952,36033.5
5120,768,4352,0.523168,65419.7,0.771904,44339.1
5120,768,4608,0.555744,65207.7,0.914688,39618.7
5120,768,4864,0.583168,65593.5,0.922304,41474.5
5120,768,5120,0.616256,65338.6,0.923264,43611.9
5120,768,5376,0.642304,65823.3,0.876,48263.2
5120,768,5632,0.670016,66105.7,0.988832,44792.1
5120,768,5888,0.698848,66259.2,0.90416,51213.4
5120,768,6144,0.727776,66391.8,1.0055,48053.9
5120,1024,256,0.066272,40505.1,0.398144,6742.17
5120,1024,512,0.093056,57693.3,0.417216,12867.9
5120,1024,768,0.121952,66034.7,0.484992,16604.5
5120,1024,1024,0.149792,71682.2,0.466688,23007.7
5120,1024,1280,0.179712,74684.9,0.573632,23397.9
5120,1024,1536,0.208704,77172.1,0.597952,26935.5
5120,1024,1792,0.237632,79073.9,0.581984,32286.9
5120,1024,2048,0.264096,81314.5,0.608288,35303.7
5120,1024,2304,0.294976,81902.2,0.712352,33914.7
5120,1024,2560,0.322432,83253.4,0.754848,35561.5
5120,1024,2816,0.348896,84632.4,0.766432,38526.4
5120,1024,3072,0.377248,85387.5,0.844256,38154.6
5120,1024,3328,0.407744,85584.6,0.832672,41909.2
5120,1024,3584,0.437984,85804.4,0.956416,39293.5
5120,1024,3840,0.46816,86007.6,0.8816,45673
5120,1024,4096,0.495136,86743.2,0.989024,43426.3
5120,1024,4352,0.526144,86733,0.86112,52993.8
5120,1024,4608,0.553024,87371.2,0.951616,50775.1
5120,1024,4864,0.577824,88266.9,0.948864,53751.4
5120,1024,5120,0.607872,88319.7,0.947904,56637.7
5120,1024,5376,0.633824,88938.6,0.967008,58294.7
5120,1024,5632,0.663488,89008.1,1.03792,56898.2
5120,1024,5888,0.691392,89298.3,1.06304,58078.9
5120,1024,6144,0.724256,88952.7,1.09008,59100.7
5120,1280,256,0.085632,39184.5,0.410176,8180.5
5120,1280,512,0.132928,50485.1,0.483968,13866.4
5120,1280,768,0.176096,57163.9,0.498944,20175.3
5120,1280,1024,0.217856,61608.5,0.574848,23348.4
5120,1280,1280,0.263008,63789.8,0.626432,26782.2
5120,1280,1536,0.304448,66128.4,0.631648,31873.2
5120,1280,1792,0.347904,67513.2,0.696352,33730.2
5120,1280,2048,0.387552,69264.4,0.750496,35767.7
5120,1280,2304,0.43264,69801.7,0.875776,34482.5
5120,1280,2560,0.477184,70317.6,0.80176,41851
5120,1280,2816,0.52064,70893.3,0.827712,44592.7
5120,1280,3072,0.562464,71587.4,0.90752,44368.5
5120,1280,3328,0.604928,72109,0.996512,43773.4
5120,1280,3584,0.6496,72315.6,1.02237,45948.4
5120,1280,3840,0.694208,72502.3,1.08483,46395.8
5120,1280,4096,0.731872,73355.8,1.13555,47278.4
5120,1280,4352,0.780608,73074.5,1.04768,54446.5
5120,1280,4608,0.819648,73687.7,1.12006,53923.7
5120,1280,4864,0.862336,73931.1,1.19504,53348.4
5120,1280,5120,0.91376,73442.5,1.25344,53539.7
5120,1280,5376,0.952256,73997.2,1.27744,55160.6
5120,1280,5632,0.993568,74297.6,1.2697,58139.7
5120,1280,5888,1.032,74782.2,1.4145,54560.2
5120,1280,6144,1.07872,74653.9,1.33011,60544.3
5120,1536,256,0.093376,43121.7,0.464768,8663.53
5120,1536,512,0.138016,58348.8,0.466432,17265.2
5120,1536,768,0.182432,66214.2,0.494176,24443.9
5120,1536,1024,0.223008,72222.2,0.554208,29061.5
5120,1536,1280,0.268064,75103.9,0.591392,34042.8
5120,1536,1536,0.310272,77864.6,0.633984,38106.9
5120,1536,1792,0.349728,80593.3,0.664416,42421.8
5120,1536,2048,0.39184,82207.7,0.719648,44761.1
5120,1536,2304,0.439488,82456.8,0.8232,44021.9
5120,1536,2560,0.485536,82929.6,0.87008,46277.7
5120,1536,2816,0.523168,84660.9,0.876736,50519
5120,1536,3072,0.567296,85173.1,0.884576,54623.2
5120,1536,3328,0.6088,85980.5,0.924064,56646.4
5120,1536,3584,0.649216,86830,0.968832,58185
5120,1536,3840,0.702528,85972.3,1.03987,58082.1
5120,1536,4096,0.740928,86951.1,1.09539,58814.1
5120,1536,4352,0.780896,87657.1,1.18938,57552.1
5120,1536,4608,0.821824,88191.1,1.21165,59817.4
5120,1536,4864,0.864256,88520.2,1.30928,58432.2
5120,1536,5120,0.91776,87746.9,1.37027,58769.8
5120,1536,5376,0.957056,88351.3,1.37462,61512.9
5120,1536,5632,0.992128,89286.6,1.45072,61061.9
5120,1536,5888,1.03725,89284.6,1.46778,63095.6
5120,1536,6144,1.08877,88757.9,1.53584,62921.1
5120,1792,256,0.113472,41398.9,0.475904,9870.94
5120,1792,512,0.1744,53871.8,0.532928,17629.5
5120,1792,768,0.234016,60221.8,0.565696,24912.4
5120,1792,1024,0.292288,64287.6,0.622848,30168.6
5120,1792,1280,0.349536,67197.9,0.706624,33239.9
5120,1792,1536,0.407936,69093.5,0.713056,39528.1
5120,1792,1792,0.461472,71257.5,0.772864,42547.4
5120,1792,2048,0.516512,72759.1,0.880928,42660.7
5120,1792,2304,0.57744,73217.3,1.12493,37583.4
5120,1792,2560,0.64192,73180.8,1.17562,39958.8
5120,1792,2816,0.692288,74642.1,1.22896,42046.8
5120,1792,3072,0.753088,74853.7,1.31101,42998.6
5120,1792,3328,0.810368,75359.7,1.34166,45517.4
5120,1792,3584,0.863968,76121.7,1.39814,47038.6
5120,1792,3840,0.933856,75455.2,1.48966,47302.1
5120,1792,4096,0.980864,76628.3,1.53043,49111.6
5120,1792,4352,1.04016,76776.2,1.34006,59593.8
5120,1792,4608,1.09542,77191.3,1.44573,58487.6
5120,1792,4864,1.15405,77340.6,1.44771,61652.3
5120,1792,5120,1.21648,77233,1.50746,62325.1
5120,1792,5376,1.26902,77736.9,1.56659,62971.1
5120,1792,5632,1.32438,78034.5,1.57178,65752.1
5120,1792,5888,1.38419,78056.6,1.63475,66092.8
5120,1792,6144,1.44541,78000.7,1.71219,65847.1
5120,2048,256,0.121632,44139,0.42224,12714.8
5120,2048,512,0.182208,58929.5,0.537792,19965.7
5120,2048,768,0.238048,67659.2,0.61504,26187.1
5120,2048,1024,0.296992,72307.8,0.66192,32443.3
5120,2048,1280,0.3568,75234.2,0.713472,37623.8
5120,2048,1536,0.409856,78594.1,0.810464,39745.4
5120,2048,1792,0.46544,80742.9,0.806336,46607.1
5120,2048,2048,0.518176,82886.3,0.872736,49212.7
5120,2048,2304,0.58224,82987.1,0.974048,49605.7
5120,2048,2560,0.642304,83585.2,1.03306,51969.2
5120,2048,2816,0.692992,85218.6,1.06294,55558.7
5120,2048,3072,0.755136,85315.1,1.10221,58450.4
5120,2048,3328,0.813216,85823.7,1.13818,61320.2
5120,2048,3584,0.8664,86752,1.1737,64038.7
5120,2048,3840,0.927776,86799.7,1.21875,66076.3
5120,2048,4096,0.984704,87233.7,1.30022,66065
5120,2048,4352,1.04518,87322.5,1.43939,63407.4
5120,2048,4608,1.0953,88228.9,1.50083,64388.8
5120,2048,4864,1.15174,88566.1,1.43958,70857.6
5120,2048,5120,1.21856,88115.6,1.64368,65325.5
5120,2048,5376,1.26771,88934.2,1.57574,71549
5120,2048,5632,1.32499,89141.4,1.67642,70454.8
5120,2048,5888,1.38269,89304.5,1.76662,69896.2
5120,2048,6144,1.47507,87351,1.76688,72924.6
5120,2304,256,0.141728,42615.4,0.4784,12625
5120,2304,512,0.218528,55277.1,0.548096,22039.2
5120,2304,768,0.295264,61366.8,0.646688,28018.8
5120,2304,1024,0.364928,66202.6,0.696032,34709.9
5120,2304,1280,0.440224,68599.1,0.834592,36184.1
5120,2304,1536,0.507552,71399.2,0.88496,40949.6
5120,2304,1792,0.578432,73091.7,0.964416,43838.5
5120,2304,2048,0.649344,74411.1,1.02938,46939.5
5120,2304,2304,0.723488,75133.5,1.16486,46664.8
5120,2304,2560,0.808,74750,1.15187,52434.6
5120,2304,2816,0.865248,76784.7,1.23834,53650.8
5120,2304,3072,0.941696,76964.9,1.36624,53048.9
5120,2304,3328,1.01306,77505.5,1.3601,57729.3
5120,2304,3584,1.08189,78157,1.38192,61188.2
5120,2304,3840,1.1632,77886,1.49619,60551.7
5120,2304,4096,1.22736,78735.5,1.49235,64754.7
5120,2304,4352,1.30333,78780.3,1.65914,61885.6
5120,2304,4608,1.37562,79031,1.69331,64203.4
5120,2304,4864,1.44477,79428.8,1.81328,63286.5
5120,2304,5120,1.53501,78694,1.80685,66854.5
5120,2304,5376,1.58867,79837.6,1.91725,66155.1
5120,2304,5632,1.66022,80034.7,1.96755,67533.4
5120,2304,5888,1.72941,80325.4,1.99254,69717.6
5120,2304,6144,1.80474,80319.3,2.13725,67823.3
5120,2560,256,0.15072,44525.5,0.515712,13012.9
5120,2560,512,0.226528,59249.9,0.5552,24174.7
5120,2560,768,0.29648,67905.6,0.6304,31936.3
5120,2560,1024,0.369408,72666.4,0.724064,37073.4
5120,2560,1280,0.446336,75177.5,0.778336,43110.5
5120,2560,1536,0.51488,78203.3,0.85776,46942.4
5120,2560,1792,0.58352,80504.9,0.943584,49784.9
5120,2560,2048,0.649216,82695.3,1.03126,52059.5
5120,2560,2304,0.73008,82727.9,1.1111,54358.5
5120,2560,2560,0.801728,83705.3,1.15859,57922.8
5120,2560,2816,0.869088,84939.3,1.28205,57579.6
5120,2560,3072,0.944832,85232.8,1.29709,62085.7
5120,2560,3328,1.0144,86003.1,1.33926,65141.4
5120,2560,3584,1.08275,86771.9,1.40074,67073.6
5120,2560,3840,1.16701,86257.6,1.43501,70148.2
5120,2560,4096,1.22794,87442.8,1.50422,71381.8
5120,2560,4352,1.30102,87688.7,1.6135,70706.4
5120,2560,4608,1.3705,88140.3,1.7679,68327.2
5120,2560,4864,1.44019,88534.6,1.76486,72247.4
5120,2560,5120,1.52502,88010.2,1.80419,74392.2
5120,2560,5376,1.58666,88821.2,1.90374,74027.1
5120,2560,5632,1.65613,89147.4,2.028,72800.5
5120,2560,5888,1.72682,89384.4,2.1177,72886
5120,2560,6144,1.80106,89426,2.09709,76802.3
5120,2816,256,0.172672,42751.4,0.579776,12732.5
5120,2816,512,0.264672,55782.1,0.589568,25042
5120,2816,768,0.356576,62107.2,0.679712,32581.3
5120,2816,1024,0.437824,67442.4,0.746432,39558.7
5120,2816,1280,0.534048,69113.4,0.972832,37940.6
5120,2816,1536,0.61504,72014.6,1.14979,38521.6
5120,2816,1792,0.6952,74329.4,1.17203,44089.1
5120,2816,2048,0.782432,75477.2,1.19373,49471.7
5120,2816,2304,0.873632,76047.8,1.31549,50504.3
5120,2816,2560,0.966752,76358.5,1.40672,52476.5
5120,2816,2816,1.04042,78047.4,1.51238,53691.2
5120,2816,3072,1.13293,78190.1,1.50221,58969
5120,2816,3328,1.21741,78827.9,1.65136,58113.1
5120,2816,3584,1.30403,79252.4,1.68653,61278.3
5120,2816,3840,1.40189,78986.1,1.77286,62458
5120,2816,4096,1.47485,80083.9,1.76758,66820.9
5120,2816,4352,1.57501,79678.1,2.02992,61821.9
5120,2816,4608,1.64915,80572,1.95651,67914.5
5120,2816,4864,1.73664,80763.7,2.09389,66984.3
5120,2816,5120,1.84109,80191.4,2.20138,67066.9
5120,2816,5376,1.91168,81091.8,2.18874,70826.9
5120,2816,5632,1.99373,81457.2,2.31408,70180.6
5120,2816,5888,2.08192,81552.3,2.38714,71125.2
5120,2816,6144,2.17456,81472.8,2.41693,73302.7
5120,3072,256,0.178976,44995.2,0.538592,14952.1
5120,3072,512,0.272992,58998.5,0.66192,24332.4
5120,3072,768,0.359456,67210.4,0.716544,33716.3
5120,3072,1024,0.44752,71979.5,0.788096,40873.5
5120,3072,1280,0.53696,74987.6,0.987072,40792.7
5120,3072,1536,0.622752,77588.5,0.995744,48524.9
5120,3072,1792,0.704544,80011.2,1.10464,51031.5
5120,3072,2048,0.78624,81940,1.18624,54309.8
5120,3072,2304,0.880544,82310,1.61552,44863.3
5120,3072,2560,0.969504,83063.7,1.64675,48902.7
5120,3072,2816,1.04688,84616.9,1.85318,47800.8
5120,3072,3072,1.13994,84773.9,1.88624,51232.5
5120,3072,3328,1.2215,85705.7,1.83379,57089.3
5120,3072,3584,1.3104,86037,1.91427,58896
5120,3072,3840,1.40397,86039,2.06227,58574.2
5120,3072,4096,1.48218,86932.3,2.15517,59786.1
5120,3072,4352,1.57309,87027.6,1.9241,71151.4
5120,3072,4608,1.65328,87677.3,2.09357,69238.3
5120,3072,4864,1.73747,88063.7,2.08077,73534.5
5120,3072,5120,1.83997,87534.8,2.19392,73412.6
5120,3072,5376,1.91597,88265.7,2.27494,74337.8
5120,3072,5632,1.99885,88634.8,2.35914,75098.4
5120,3072,5888,2.08531,88821.5,2.43549,76050.7
5120,3072,6144,2.17754,88757.9,2.48045,77918.8
5120,3328,256,0.200288,43558,0.542016,16095.7
5120,3328,512,0.313088,55729.7,0.629056,27737.3
5120,3328,768,0.411232,63644,0.72848,35927.5
5120,3328,1024,0.517792,67395,0.813632,42889.9
5120,3328,1280,0.622944,70023.6,1.00758,43292.4
5120,3328,1536,0.719232,72778.9,1.11094,47117.5
5120,3328,1792,0.818688,74593.8,1.12301,54379.9
5120,3328,2048,0.915712,76217.4,1.2887,54157.7
5120,3328,2304,1.02355,76710.7,1.47472,53242.2
5120,3328,2560,1.13309,76994.5,1.55408,56137.1
5120,3328,2816,1.22006,78656.3,1.66038,57797.3
5120,3328,3072,1.32896,78775.8,1.68048,62297.6
5120,3328,3328,1.42518,79578.5,1.97882,57314.1
5120,3328,3584,1.52224,80235.8,1.98848,61422.9
5120,3328,3840,1.64074,79758.3,2.08941,62631.3
5120,3328,4096,1.72995,80688,2.15642,64730.8
5120,3328,4352,1.84154,80536.3,2.12045,69943
5120,3328,4608,1.93286,81244.6,2.30195,68218.1
5120,3328,4864,2.02902,81693.9,2.38566,69481.2
5120,3328,5120,2.15338,81027.7,2.47274,70562.8
5120,3328,5376,2.24096,81753.9,2.59053,70722
5120,3328,5632,2.33248,82286.4,2.69664,71174.3
5120,3328,5888,2.43987,82240.2,2.78586,72026.5
5120,3328,6144,2.54544,82256.8,2.89302,72374
5120,3584,256,0.205984,45611.5,0.5664,16587.6
5120,3584,512,0.31408,59827.1,0.629984,29826.9
5120,3584,768,0.423872,66495.8,0.752992,37431.6
5120,3584,1024,0.521376,72080.3,0.844128,44520.5
5120,3584,1280,0.63232,74291.8,0.976,48131.4
5120,3584,1536,0.72608,77638.1,1.12806,49971.8
5120,3584,1792,0.827392,79486.7,1.14579,57398.5
5120,3584,2048,0.920416,81660.8,1.23373,60922.6
5120,3584,2304,1.02634,82387.4,1.32957,63597.5
5120,3584,2560,1.14195,82273.5,1.43027,65688.5
5120,3584,2816,1.2224,84544.9,1.55942,66273
5120,3584,3072,1.33469,84471.3,1.68214,67023.3
5120,3584,3328,1.43402,85172.1,1.98653,61483.2
5120,3584,3584,1.53094,85916.5,2.05427,64029.2
5120,3584,3840,1.64499,85671.3,2.22826,63246.2
5120,3584,4096,1.73107,86838.6,2.31789,64853.8
5120,3584,4352,1.84029,86790.3,2.19213,72860.3
5120,3584,4608,1.93574,87364,2.25539,74982.2
5120,3584,4864,2.03437,87746.9,2.29888,77650.7
5120,3584,5120,2.15021,87389.1,2.40384,78168.6
5120,3584,5376,2.24374,87933.4,2.57936,76491.9
5120,3584,5632,2.33606,88480.1,2.61299,79102.9
5120,3584,5888,2.44102,88524.5,2.68291,80543.3
5120,3584,6144,2.55098,88392,2.87757,78359.8
5120,3840,256,0.22752,44243.7,0.544128,18499.9
5120,3840,512,0.356768,56430.7,0.705216,28548.2
5120,3840,768,0.476704,63349.6,0.817984,36918.8
5120,3840,1024,0.589024,68359.4,0.948576,42448.2
5120,3840,1280,0.717824,70117,1.0815,46538.6
5120,3840,1536,0.830784,72700,1.13683,53128.3
5120,3840,1792,0.935648,75310.7,1.23005,57285.8
5120,3840,2048,1.04678,76931.5,1.41712,56827
5120,3840,2304,1.17366,77191.6,1.46227,61956.3
5120,3840,2560,1.29459,77756.8,1.60227,62825.3
5120,3840,2816,1.39562,79341,1.7279,64083.2
5120,3840,3072,1.52374,79275.8,1.81395,66592.7
5120,3840,3328,1.6391,79837.7,2.04358,64035.7
5120,3840,3584,1.74835,80606.5,2.10346,66998.6
5120,3840,3840,1.88576,80071.1,2.22419,67887.6
5120,3840,4096,1.98042,81327,2.34448,68698.1
5120,3840,4352,2.10077,81459.5,2.35213,72754.4
5120,3840,4608,2.2185,81674.2,2.5376,71403.7
5120,3840,4864,2.32435,82285.4,2.59453,73716.8
5120,3840,5120,2.46275,81748.6,2.74909,73234
5120,3840,5376,2.57261,82170.7,2.92307,72318.8
5120,3840,5632,2.67795,82697.2,3.00653,73659.5
5120,3840,5888,2.7951,82832.5,3.10061,74671
5120,3840,6144,2.9313,82418.1,3.13837,76980.1
5120,4096,256,0.236704,45362.2,0.557216,19269.8
5120,4096,512,0.360128,59631.1,0.692608,31005.8
5120,4096,768,0.48416,66532.3,0.797376,40397.8
5120,4096,1024,0.59728,71908.8,0.93184,46091.3
5120,4096,1280,0.724224,74130.5,1.06163,50570.3
5120,4096,1536,0.83456,77195.8,1.14979,56031.4
5120,4096,1792,0.942176,79774.8,1.3152,57148.7
5120,4096,2048,1.04941,81855.1,1.34634,63802.3
5120,4096,2304,1.17917,81953.3,1.51482,63794.4
5120,4096,2560,1.32816,80844.3,1.5928,67412.2
5120,4096,2816,1.40669,83964.3,1.71971,68681
5120,4096,3072,1.52861,84291.7,1.82131,70745.2
5120,4096,3328,1.63994,85117,1.91706,72812.9
5120,4096,3584,1.7529,85757.4,2.02029,74407.1
5120,4096,3840,1.88838,85290.5,2.12934,75638.9
5120,4096,4096,1.98934,86359.5,2.28186,75289
5120,4096,4352,2.10781,86600,2.36547,77166.9
5120,4096,4608,2.22118,87013.7,2.46893,78282.4
5120,4096,4864,2.32864,87609.5,2.61456,78028.8
5120,4096,5120,2.4673,87037.9,2.6809,80103.2
5120,4096,5376,2.56954,87753.5,2.77766,81178.2
5120,4096,5632,2.67853,88191.4,2.90579,81293.9
5120,4096,5888,2.79594,88328.4,3.0609,80682.5
5120,4096,6144,2.92192,88194.8,3.24368,79446.2
5120,4352,256,0.260864,43733.5,0.64592,17662.4
5120,4352,512,0.401408,56842.5,0.701504,32525.9
5120,4352,768,0.539232,63470.9,0.893376,38310.3
5120,4352,1024,0.66848,68265.4,1.03587,44053.7
5120,4352,1280,0.816032,69902.3,1.18928,47963.9
5120,4352,1536,0.93232,73420.1,1.30179,52582.2
5120,4352,1792,1.06173,75216.6,1.4799,53962.7
5120,4352,2048,1.18074,77297.6,1.61661,56456.5
5120,4352,2304,1.3264,77410,1.60438,63997.5
5120,4352,2560,1.46515,77865.7,1.76125,64775.1
5120,4352,2816,1.57763,79545.5,1.83283,68469.8
5120,4352,3072,1.72368,79424.3,1.97594,69284.7
5120,4352,3328,1.84525,80374.3,2.0721,71575.1
5120,4352,3584,1.97584,80836,2.29171,69694.2
5120,4352,3840,2.12778,80425.6,2.33149,73398.5
5120,4352,4096,2.23677,81607.1,2.44771,74574.2
5120,4352,4352,2.38096,81456.5,2.62422,73905.5
5120,4352,4608,2.50029,82131.8,2.78019,73862.9
5120,4352,4864,2.62413,82603.3,2.91904,74257.8
5120,4352,5120,2.7904,81769.7,3.01482,75682.9
5120,4352,5376,2.89814,82666.2,3.17952,75350.6
5120,4352,5632,3.01702,83190.3,3.27494,76638.6
5120,4352,5888,3.1465,83393,3.44221,76228.9
5120,4352,6144,3.30451,82857.7,3.58682,76336.3
5120,4608,256,0.27552,43842.9,0.603744,20007.8
5120,4608,512,0.407424,59297.4,0.72752,33207.6
5120,4608,768,0.544896,66505.9,0.873344,41494.3
5120,4608,1024,0.674784,71605.7,1.03021,46901.6
5120,4608,1280,0.817024,73924.4,1.14771,52624.7
5120,4608,1536,0.941856,76951.9,1.26973,57081.2
5120,4608,1792,1.06518,79382.7,1.35312,62490.5
5120,4608,2048,1.18707,81407.7,1.49418,64675.6
5120,4608,2304,1.33142,81654.2,1.59894,67992.6
5120,4608,2560,1.47149,82091,1.75274,68918.5
5120,4608,2816,1.58077,84057.6,1.83568,72384.9
5120,4608,3072,1.72733,83918.7,1.95309,74218.4
5120,4608,3328,1.85238,84774.4,2.05776,76313.4
5120,4608,3584,1.97955,85430.6,2.21821,76239.2
5120,4608,3840,2.13242,84971.2,2.31654,78217.3
5120,4608,4096,2.2376,86375.4,2.43843,79261.4
5120,4608,4352,2.38333,86162.3,2.67389,76799.4
5120,4608,4608,2.50387,86838.6,2.77939,78230.3
5120,4608,4864,2.6329,87171.1,2.95718,77611.8
5120,4608,5120,2.78512,86743.8,3.07747,78503.4
5120,4608,5376,2.90506,87320.7,3.16547,80137
5120,4608,5632,3.02291,87912.3,3.2727,81202.3
5120,4608,5888,3.152,88144.3,3.37546,82309.1
5120,4608,6144,3.34118,86768.7,3.49533,82942.2
5120,4864,256,0.296928,42942,0.603424,21130.6
5120,4864,512,0.446816,57073.5,0.737792,34564.4
5120,4864,768,0.609312,62779.1,0.912,41943
5120,4864,1024,0.747872,68197.1,1.06378,47945
5120,4864,1280,0.907904,70220.4,1.30595,48817.6
5120,4864,1536,1.0456,73167.7,1.40557,54429.3
5120,4864,1792,1.19165,74900.3,1.53888,57999.8
5120,4864,2048,1.31536,77549.5,1.67664,60839.2
5120,4864,2304,1.47776,77655.5,1.76384,65060.4
5120,4864,2560,1.6377,77857.5,1.90598,66898.2
5120,4864,2816,1.74973,80159.6,2.01562,69585.4
5120,4864,3072,1.92179,79617.5,2.19066,69845.8
5120,4864,3328,2.05898,80505.5,2.22029,74656.5
5120,4864,3584,2.19494,81327.6,2.44669,72959.7
5120,4864,3840,2.37123,80658.6,2.53658,75401
5120,4864,4096,2.48022,82255.1,2.69056,75824.7
5120,4864,4352,2.65738,81569.8,2.91872,74266
5120,4864,4608,2.78762,82332.8,3.02454,75883.3
5120,4864,4864,2.9273,82760,3.22682,75078
5120,4864,5120,3.11354,81904.8,3.36256,75839.1
5120,4864,5376,3.23165,82856.9,3.48806,76765.9
5120,4864,5632,3.36666,83321.6,3.55242,78964.6
5120,4864,5888,3.51088,83530.5,3.78099,77563.2
5120,4864,6144,3.70042,82697.8,3.97328,77018.6
5120,5120,256,0.29904,44882.9,0.634848,21141.7
5120,5120,512,0.451616,59438.9,0.755424,35534.4
5120,5120,768,0.60688,66348.1,0.920128,43760.6
5120,5120,1024,0.753024,71295.3,1.07453,49963.4
5120,5120,1280,0.914464,73386,1.1793,56905.9
5120,5120,1536,1.05235,76524.4,1.3223,60901.8
5120,5120,1792,1.19082,78897.5,1.45395,64618.6
5120,5120,2048,1.31773,81484.3,1.61066,66664.9
5120,5120,2304,1.484,81398.9,1.74947,69047.1
5120,5120,2560,1.64429,81626.7,1.88576,71174.3
5120,5120,2816,1.75875,83945.6,2.02256,72996.4
5120,5120,3072,1.92115,83835.8,2.19258,73457.6
5120,5120,3328,2.06118,84651.9,2.56544,68012.9
5120,5120,3584,2.2049,85221.6,2.68218,70056.9
5120,5120,3840,2.37312,84836.2,2.88365,69816.6
5120,5120,4096,2.48515,86412.6,2.95824,72593.3
5120,5120,4352,2.65491,85942.6,2.94624,77444.5
5120,5120,4608,2.78922,86616.4,3.0057,80378
5120,5120,4864,2.93619,86851.8,3.17843,80232.5
5120,5120,5120,3.09834,86638.6,3.2935,81504.5
5120,5120,5376,3.23709,87071.2,3.56512,79059.7
5120,5120,5632,3.36669,87706.1,3.62534,81448.5
5120,5120,5888,3.51821,87743.8,3.74016,82536.8
5120,5120,6144,3.6848,87419.3,3.82611,84190.6
5120,5376,256,0.32448,43432.1,0.663392,21243.6
5120,5376,512,0.492864,57187.6,0.767072,36744.6
5120,5376,768,0.667264,63361.1,0.95984,44047.5
5120,5376,1024,0.823904,68419.9,1.13715,49572.5
5120,5376,1280,1.00627,70025.1,1.27283,55360.3
5120,5376,1536,1.1647,72599.7,1.41181,59892.8
5120,5376,1792,1.3089,75368.9,1.5319,64397
5120,5376,2048,1.44797,77862.8,1.70058,66296.9
5120,5376,2304,1.6393,77372.1,1.86733,67923.7
5120,5376,2560,1.81648,77583.4,2.08317,67651.1
5120,5376,2816,1.93584,80079.7,2.22035,69818.4
5120,5376,3072,2.12704,79506.9,2.35709,71747.1
5120,5376,3328,2.27267,80613.1,2.67462,68498.3
5120,5376,3584,2.42662,81306.4,2.87379,68655
5120,5376,3840,2.62557,80513.2,3.04176,69496.9
5120,5376,4096,2.73098,82566,3.18886,70710.4
5120,5376,4352,2.93562,81611,3.08016,77781.2
5120,5376,4608,3.08736,82164.5,3.2993,76886.6
5120,5376,4864,3.23888,82671.9,3.47795,76989.1
5120,5376,5120,3.44253,81875.1,3.56352,79095.2
5120,5376,5376,3.57523,82777.9,3.78746,78139.5
5120,5376,5632,3.71795,83390.8,3.94438,78603.6
5120,5376,5888,3.87542,83638.8,4.13072,78469.6
5120,5376,6144,4.08538,82790.1,4.1489,81522.6
5120,5632,256,0.340832,43317.4,0.646432,22839.1
5120,5632,512,0.501728,58852.4,0.832608,35464.3
5120,5632,768,0.668864,66219.5,0.978304,45274.1
5120,5632,1024,0.834464,70770.9,1.21811,48481.4
5120,5632,1280,1.01635,72632.1,1.3193,55953.9
5120,5632,1536,1.17069,75668.1,1.60186,55300.7
5120,5632,1792,1.32118,78223.5,1.5783,65480.2
5120,5632,2048,1.45302,81286.7,1.88563,62637.7
5120,5632,2304,1.6409,80977.4,1.86176,71370.9
5120,5632,2560,1.82458,80917.2,2.03974,72381.4
5120,5632,2816,1.94205,83624.8,2.14538,75699.3
5120,5632,3072,2.13254,83078,2.34381,75589.6
5120,5632,3328,2.28637,83946,2.78269,68973.4
5120,5632,3584,2.43117,85018.9,3.00669,68745.2
5120,5632,3840,2.62957,84218.9,3.1625,70026.7
5120,5632,4096,2.73373,86410.6,3.26,72461.1
5120,5632,4352,2.93859,85410.7,3.13334,80102
5120,5632,4608,3.09059,85987.1,3.4295,77489.7
5120,5632,4864,3.24256,86510.4,3.47952,80618.9
5120,5632,5120,3.43046,86075.5,3.56019,82939.1
5120,5632,5376,3.57469,86732.9,3.81853,81194.4
5120,5632,5632,3.71837,87352,3.88976,83503.1
5120,5632,5888,3.8767,87592.7,4.03574,84140.8
5120,5632,6144,4.09078,86617.8,4.23542,83659.8
5120,5888,256,0.361728,42670.3,0.644736,23940.1
5120,5888,512,0.544192,56726.4,0.787008,39224.6
5120,5888,768,0.734816,63015.9,1.05619,43841.6
5120,5888,1024,0.910112,67838,1.22272,50494.1
5120,5888,1280,1.11325,69324.4,1.41462,54555.3
5120,5888,1536,1.27978,72364.4,1.49488,61951.6
5120,5888,1792,1.44362,74843.5,1.70509,63366.4
5120,5888,2048,1.58125,78090.4,1.83754,67198.9
5120,5888,2304,1.79878,77227.4,2.33456,59503.9
5120,5888,2560,1.9951,77364.6,2.50096,61716.5
5120,5888,2816,2.11802,80162.5,2.72058,62407.9
5120,5888,3072,2.33846,79206,2.85875,64790.7
5120,5888,3328,2.49555,80405.3,3.05098,65767.6
5120,5888,3584,2.66835,80982.8,3.23773,66741.4
5120,5888,3840,2.89389,80005,3.38278,68442.3
5120,5888,4096,2.98573,82713.7,3.54518,69660.9
5120,5888,4352,3.22227,81431.9,3.40077,77157.8
5120,5888,4608,3.38134,82165.8,3.49802,79425.2
5120,5888,4864,3.55194,82565,3.77741,77636.8
5120,5888,5120,3.76931,81898.4,3.94723,78206.9
5120,5888,5376,3.91805,82728.9,4.11037,78858.1
5120,5888,5632,4.06995,83433.6,4.23043,80268.6
5120,5888,5888,4.25072,83516.6,4.42493,80228.6
5120,5888,6144,4.51264,82089.6,4.65965,79499.8
5120,6144,256,0.370816,43434.3,0.702688,22920.7
5120,6144,512,0.554432,58099.6,0.841056,38299.8
5120,6144,768,0.738848,65396.9,1.0599,45587.5
5120,6144,1024,0.9112,70702.9,1.27376,50578.2
5120,6144,1280,1.10931,72595.1,1.41565,56886.1
5120,6144,1536,1.28579,75157.4,1.59686,60516.6
5120,6144,1792,1.44653,77940.3,1.7911,62946
5120,6144,2048,1.58915,81080.4,2.03165,63420.9
5120,6144,2304,1.80509,80303.6,2.4279,59703.8
5120,6144,2560,1.9992,80562.9,2.59894,61971.8
5120,6144,2816,2.11885,83615,2.82022,62820.3
5120,6144,3072,2.3423,82514.3,2.99715,64485.7
5120,6144,3328,2.50563,83563.6,3.1463,66547.8
5120,6144,3584,2.67101,84419.7,3.32144,67888
5120,6144,3840,2.89456,83464.1,3.50483,68931.1
5120,6144,4096,2.9905,86172.3,3.67392,70142.5
5120,6144,4352,3.22714,84844.3,3.40134,80498.8
5120,6144,4608,3.38848,85557.6,3.60237,80477.7
5120,6144,4864,3.56134,85927.2,3.74259,81765.9
5120,6144,5120,3.76912,85463.6,3.98058,80923.6
5120,6144,5376,3.92211,86236.4,4.07837,82932.4
5120,6144,5632,4.06915,87078.3,4.21549,84055.5
5120,6144,5888,4.2529,87103.2,4.35155,85128.5
5120,6144,6144,4.53184,85295.8,4.57514,84488.6
5376,256,256,0.032896,21420.3,0.398912,1766.41
5376,256,512,0.04784,29458.3,0.379264,3715.84
5376,256,768,0.06224,33964.2,0.42912,4926.2
5376,256,1024,0.07696,36623.9,0.448544,6283.83
5376,256,1280,0.090784,38808.8,0.455136,7741.02
5376,256,1536,0.105248,40170.4,0.451936,9354.99
5376,256,1792,0.12096,40778,0.453344,10880.3
5376,256,2048,0.13328,42295.5,0.478944,11769.9
5376,256,2304,0.149152,42519,0.49152,12902.4
5376,256,2560,0.163392,43125.9,0.493216,14286.7
5376,256,2816,0.176768,43848.9,0.487104,15912.6
5376,256,3072,0.192736,43872,0.547872,15433.7
5376,256,3328,0.207552,44135.3,0.57744,15863.7
5376,256,3584,0.22256,44325.1,0.584192,16886.6
5376,256,3840,0.23824,44365.5,0.600384,17604.8
5376,256,4096,0.25008,45082.7,0.6112,18446.2
5376,256,4352,0.2656,45101.4,0.576832,20766.8
5376,256,4608,0.277664,45679.6,0.620192,20451
5376,256,4864,0.294176,45510.9,0.681152,19655.3
5376,256,5120,0.308448,45689.6,0.617504,22822.3
5376,256,5376,0.32368,45716.5,0.620224,23858.3
5376,256,5632,0.337856,45883.9,0.710368,21822.7
5376,256,5888,0.350688,46214.3,0.665664,24346.8
5376,256,6144,0.36672,46115.4,0.807808,20935
5376,512,256,0.050432,27944.3,0.405056,3479.24
5376,512,512,0.073856,38163.1,0.406304,6937.1
5376,512,768,0.096704,43719.6,0.463072,9130.02
5376,512,1024,0.12256,45995,0.450368,12516.8
5376,512,1280,0.141216,49898.2,0.527072,13369
5376,512,1536,0.168544,50169.2,0.563104,15016.3
5376,512,1792,0.190464,51794.6,0.51456,19171.7
5376,512,2048,0.211808,53228.8,0.597728,18861.9
5376,512,2304,0.238016,53288.8,0.596096,21277.7
5376,512,2560,0.259616,54283.5,0.642016,21951
5376,512,2816,0.28496,54401.1,0.687456,22550
5376,512,3072,0.309536,54634.8,0.68288,24764.9
5376,512,3328,0.33232,55129.8,0.690816,26520.4
5376,512,3584,0.35536,55521.2,0.747008,26412
5376,512,3840,0.379168,55751.8,0.739872,28571.6
5376,512,4096,0.3968,56826.1,0.7328,30770.4
5376,512,4352,0.42768,56018.2,0.858496,27906.8
5376,512,4608,0.447904,56635.2,0.836,30343.5
5376,512,4864,0.473472,56553.4,0.839488,31896.2
5376,512,5120,0.49904,56479.9,0.780512,36111.8
5376,512,5376,0.54352,54450.6,0.924096,32025.9
5376,512,5632,0.548576,56517.8,0.857504,36156.4
5376,512,5888,0.565856,57282.4,0.83632,38757.4
5376,512,6144,0.589824,57344,0.988,34233.7
5376,768,256,0.06128,34496.2,0.41936,5040.85
5376,768,512,0.090112,46917.8,0.417472,10127.3
5376,768,768,0.118208,53649.4,0.423424,14977.4
5376,768,1024,0.14784,57195.1,0.487616,17340.9
5376,768,1280,0.176704,59815.5,0.556704,18986.1
5376,768,1536,0.205952,61585.1,0.55296,22937.6
5376,768,1792,0.233248,63441.1,0.625312,23664.2
5376,768,2048,0.263552,64167.3,0.597216,28317.1
5376,768,2304,0.294272,64652.3,0.78784,24148.8
5376,768,2560,0.323904,65264.1,0.70512,29979.7
5376,768,2816,0.348992,66629.7,0.855104,27193.4
5376,768,3072,0.376544,67368.4,0.750304,33809.2
5376,768,3328,0.405472,67775.5,0.820096,33509.6
5376,768,3584,0.434368,68133.5,0.859232,34443.6
5376,768,3840,0.468768,67643.1,0.920864,34433.9
5376,768,4096,0.493376,68553.9,0.889696,38016.2
5376,768,4352,0.526656,68235.8,0.85632,41966.5
5376,768,4608,0.551968,68936.5,0.893312,42595.1
5376,768,4864,0.57776,69517.9,0.99264,40462.5
5376,768,5120,0.61584,68651.9,1.03251,40947.3
5376,768,5376,0.640096,69352.9,1.04435,42507.2
5376,768,5632,0.664992,69935.3,1.0599,43878
5376,768,5888,0.694176,70040.4,1.04826,46382.2
5376,768,6144,0.72576,69905.1,1.07126,47359.3
5376,1024,256,0.078624,35848.8,0.42736,6595.31
5376,1024,512,0.11456,49206.9,0.469472,12007.4
5376,1024,768,0.154592,54697,0.49648,17031.3
5376,1024,1024,0.191968,58730,0.583712,19314.8
5376,1024,1280,0.231296,60930,0.580576,24273.9
5376,1024,1536,0.268192,63057.2,0.656096,25775.9
5376,1024,1792,0.309056,63839.6,0.70656,27924
5376,1024,2048,0.341376,66052,0.807328,27929.9
5376,1024,2304,0.387488,65465.6,0.876,28957.9
5376,1024,2560,0.423456,66561.2,0.897056,31420.2
5376,1024,2816,0.460416,67339.7,0.89472,34652.5
5376,1024,3072,0.501088,67498.9,0.971168,34827
5376,1024,3328,0.535776,68389.5,0.97408,37616.5
5376,1024,3584,0.571008,69105.9,1.02285,38578.6
5376,1024,3840,0.60848,69482.3,1.04035,40638.7
5376,1024,4096,0.641248,70327.2,1.07555,41929.3
5376,1024,4352,0.68512,69937.7,0.976352,49076.3
5376,1024,4608,0.726528,69831.2,1.07539,47177.5
5376,1024,4864,0.759008,70556.4,1.13888,47022.4
5376,1024,5120,0.810848,69521.6,1.19066,47344.9
5376,1024,5376,0.836672,70744.6,1.11443,53112.3
5376,1024,5632,0.8736,70980.5,1.20006,51671.1
5376,1024,5888,0.910752,71179.8,1.17437,55201.7
5376,1024,6144,0.94768,71380.4,1.29962,52050.6
5376,1280,256,0.088224,39934.9,0.41904,8407.83
5376,1280,512,0.132864,53034.9,0.488384,14428.1
5376,1280,768,0.175808,60120.4,0.482976,21884.4
5376,1280,1024,0.217504,64793.6,0.554592,25411.2
5376,1280,1280,0.261472,67372.7,0.58912,29902.4
5376,1280,1536,0.306432,68985.3,0.679296,31119.4
5376,1280,1792,0.346336,71209.8,0.677312,36412.3
5376,1280,2048,0.388928,72470.3,0.72048,39120.8
5376,1280,2304,0.433728,73107.9,0.769408,41212.1
5376,1280,2560,0.476448,73947.5,0.852192,41343
5376,1280,2816,0.518816,74699.6,0.909056,42632.5
5376,1280,3072,0.561504,75295.2,0.959616,44057.8
5376,1280,3328,0.607264,75423.2,0.975424,46955.8
5376,1280,3584,0.647232,76209.2,1.05747,46644.3
5376,1280,3840,0.692448,76320.9,1.13763,46454.6
5376,1280,4096,0.730208,77199.2,1.12269,50211.1
5376,1280,4352,0.77536,77247.6,1.16701,51323.3
5376,1280,4608,0.81904,77429.5,1.2417,51073.6
5376,1280,4864,0.86144,77708.4,1.18621,56432.8
5376,1280,5120,0.912064,77258.1,1.23718,56955.4
5376,1280,5376,0.947744,78067,1.27171,58179.5
5376,1280,5632,0.989152,78360.8,1.30205,59529.9
5376,1280,5888,1.0313,78574.9,1.35072,59993.2
5376,1280,6144,1.07786,78449.4,1.48445,56962
5376,1536,256,0.104512,40453.3,0.431712,9793.24
5376,1536,512,0.160416,52711.2,0.473824,17845.7
5376,1536,768,0.212064,59810.1,0.58704,21606
5376,1536,1024,0.264544,63926.7,0.560544,30169.7
5376,1536,1280,0.32544,64956,0.675104,31312.6
5376,1536,1536,0.375552,67546.3,0.762784,33256
5376,1536,1792,0.426688,69359.8,0.77728,38075.1
5376,1536,2048,0.474752,71243.2,0.803552,42091.7
5376,1536,2304,0.5304,71739.7,0.859232,44284.6
5376,1536,2560,0.58752,71961.1,0.995136,42485.2
5376,1536,2816,0.638016,72892.3,1.03491,44937.6
5376,1536,3072,0.691104,73410.5,1.1377,44593.9
5376,1536,3328,0.741472,74125.7,1.18854,46243.3
5376,1536,3584,0.791744,74759,1.22563,48293.5
5376,1536,3840,0.84832,74757,1.26154,50270.4
5376,1536,4096,0.891328,75893.2,1.31226,51549.2
5376,1536,4352,0.950176,75642.4,1.39066,51683.2
5376,1536,4608,0.998688,76201.4,1.37626,55296
5376,1536,4864,1.05226,76340.1,1.4456,55568.1
5376,1536,5120,1.12272,75314.6,1.51478,55821.3
5376,1536,5376,1.1567,76756.9,1.4857,59759.9
5376,1536,5632,1.20922,76920,1.60243,58044.8
5376,1536,5888,1.26134,77093,1.6719,58161.7
5376,1536,6144,1.31939,76905.6,1.66995,60761.4
5376,1792,256,0.115808,42592.1,0.453952,10865.7
5376,1792,512,0.17536,56255.7,0.465568,21189.2
5376,1792,768,0.23584,62743.8,0.683392,21653
5376,1792,1024,0.290016,68030.8,0.632736,31182
5376,1792,1280,0.352448,69974.9,0.709024,34783.7
5376,1792,1536,0.409216,72321.2,0.752864,39309.9
5376,1792,1792,0.460672,74950.3,0.930304,37114.2
5376,1792,2048,0.520032,75880,0.893344,44171.1
5376,1792,2304,0.578464,76742.1,1.19965,37004.6
5376,1792,2560,0.638944,77197.7,1.2553,39293.5
5376,1792,2816,0.697248,77816.7,1.2551,43229.5
5376,1792,3072,0.75616,78277.1,1.3799,42894.3
5376,1792,3328,0.808928,79268.5,1.4103,45467.2
5376,1792,3584,0.865632,79774.1,1.5257,45261.3
5376,1792,3840,0.928096,79719.7,1.55386,47615.4
5376,1792,4096,0.978752,80633.3,1.55741,50674
5376,1792,4352,1.04016,80615,1.43408,58471.3
5376,1792,4608,1.09997,80716,1.40605,63145.1
5376,1792,4864,1.15053,81456.1,1.46413,64009.1
5376,1792,5120,1.224,80596.4,1.61376,61130.5
5376,1792,5376,1.26717,81743.3,1.58038,65542.6
5376,1792,5632,1.32406,81956,1.75523,61823.8
5376,1792,5888,1.37952,82237,1.67824,67599.1
5376,1792,6144,1.4441,81975.2,1.79117,66091
5376,2048,256,0.137088,41120.6,0.492928,11436
5376,2048,512,0.206784,54522.1,0.600704,18768.5
5376,2048,768,0.271552,62277,0.724288,23349
5376,2048,1024,0.339616,66394.3,0.761824,29598.1
5376,2048,1280,0.413376,68184.2,0.811072,34751.2
5376,2048,1536,0.47616,71032.6,0.841152,40210.2
5376,2048,1792,0.54544,72345.3,0.997312,39566.4
5376,2048,2048,0.601952,74918.2,1.00016,45089.9
5376,2048,2304,0.677216,74916,1.00762,50350.8
5376,2048,2560,0.751296,75032.3,1.09181,51631.3
5376,2048,2816,0.810592,76497.9,1.16218,53355.6
5376,2048,3072,0.877472,77091.6,1.32803,50936.8
5376,2048,3328,0.943968,77632.8,1.30611,56107.7
5376,2048,3584,1.00874,78236.5,1.39568,56545.9
5376,2048,3840,1.08614,77850.8,1.55002,54552.4
5376,2048,4096,1.13654,79358.4,1.50675,59860.1
5376,2048,4352,1.21629,78790.1,1.68397,56908.1
5376,2048,4608,1.28742,78815.2,1.9857,51099.8
5376,2048,4864,1.34016,79920.1,1.81606,58976.9
5376,2048,5120,1.4263,79045.5,1.85834,60668.7
5376,2048,5376,1.47622,80191.1,1.81334,65282.7
5376,2048,5632,1.54576,80230.6,2.15974,57422.2
5376,2048,5888,1.6073,80666.1,2.0336,63756.1
5376,2048,6144,1.67501,80770.6,2.02365,66855.2
5376,2304,256,0.149952,42292.1,0.477984,13267.8
5376,2304,512,0.224512,56494,0.583904,21722
5376,2304,768,0.295392,64407.2,0.736864,25819.4
5376,2304,1024,0.365696,69366.8,0.731904,34659.1
5376,2304,1280,0.442336,71685.2,0.793728,39949.4
5376,2304,1536,0.51232,74271.4,0.871424,43665
5376,2304,1792,0.581664,76319.9,1.0521,42194.4
5376,2304,2048,0.648704,78208.7,1.01914,49781.7
5376,2304,2304,0.722976,78946,1.0783,52931.3
5376,2304,2560,0.805504,78730.7,1.19312,53153
5376,2304,2816,0.865088,80638.8,1.24112,56207
5376,2304,3072,0.942368,80755.6,1.3424,56690.6
5376,2304,3328,1.01491,81231.9,1.42979,57661
5376,2304,3584,1.08323,81963.1,1.38378,64161.4
5376,2304,3840,1.16323,81778,1.43446,66315.2
5376,2304,4096,1.22179,83049,1.51728,66875.3
5376,2304,4352,1.30387,82684.8,1.63808,65815.1
5376,2304,4608,1.37254,83168.3,1.71597,66523.5
5376,2304,4864,1.44253,83529.7,1.83827,65547.4
5376,2304,5120,1.52973,82913.9,1.87485,67651.2
5376,2304,5376,1.59152,83679.5,1.96397,67810.4
5376,2304,5632,1.65853,84122.4,2.00995,69414.3
5376,2304,5888,1.7319,84220.1,2.15056,67824.7
5376,2304,6144,1.80899,84136.9,2.17478,69985.3
5376,2560,256,0.168128,41911.1,0.485472,14514.6
5376,2560,512,0.261792,53832.3,0.588416,23950.5
5376,2560,768,0.334208,63251.9,0.692352,30532.6
5376,2560,1024,0.419296,67221.5,0.784352,35935
5376,2560,1280,0.507008,69490.3,0.881408,39972.6
5376,2560,1536,0.583424,72466.3,1.09952,38451.9
5376,2560,1792,0.667552,73889.4,1.16563,42316.1
5376,2560,2048,0.73568,76625,1.09846,51318.4
5376,2560,2304,0.828128,76579.8,1.33616,47462.8
5376,2560,2560,0.91216,77249.9,1.32304,53259.4
5376,2560,2816,1.03184,75119,1.50576,51476.2
5376,2560,3072,1.07568,78608.1,1.60224,52774.3
5376,2560,3328,1.15011,79647.5,1.60976,56905.1
5376,2560,3584,1.22858,80296.2,1.62227,60809.8
5376,2560,3840,1.38643,76236.3,1.74378,60613.6
5376,2560,4096,1.3841,81456,1.7785,63392.3
5376,2560,4352,1.55466,77052,1.91882,62428.8
5376,2560,4608,1.55782,81418.5,1.95718,64805.2
5376,2560,4864,1.64051,81610,2.13325,62759.8
5376,2560,5120,1.82445,77244.5,2.29427,61426.3
5376,2560,5376,1.80202,82116.4,2.36902,62462.4
5376,2560,5632,1.88147,82393.7,2.44099,63507.6
5376,2560,5888,1.96675,82403.8,2.48198,65297.7
5376,2560,6144,2.16253,78202.1,2.47757,68258.2
5376,2816,256,0.176864,43825.1,0.503264,15401.6
5376,2816,512,0.266336,58205.2,0.66032,23476.7
5376,2816,768,0.35168,66120.4,0.71376,32578.5
5376,2816,1024,0.4408,70336.4,0.773728,40071.3
5376,2816,1280,0.534112,72560.4,1.07286,36123.3
5376,2816,1536,0.617152,75356.5,1.14512,40612.7
5376,2816,1792,0.703648,77108.9,1.28483,42229.3
5376,2816,2048,0.779936,79504.7,1.30163,47639.1
5376,2816,2304,0.874272,79791.7,1.44048,48428.1
5376,2816,2560,0.9648,80338.7,1.59933,48464.6
5376,2816,2816,1.04221,81808.8,1.66906,51083.9
5376,2816,3072,1.13318,82081,1.66406,55895
5376,2816,3328,1.22077,82541.5,1.66448,60537.8
5376,2816,3584,1.30211,83337.7,1.91462,56676.9
5376,2816,3840,1.40134,82967.6,1.89693,61291.8
5376,2816,4096,1.47472,84095.4,2.07107,59880.7
5376,2816,4352,1.5711,83869.8,2.07683,63446.8
5376,2816,4608,1.64979,84567.8,2.22496,62706.4
5376,2816,4864,1.73162,85048,2.08323,70693.2
5376,2816,5120,1.83888,84302.1,2.16342,71655.6
5376,2816,5376,1.91363,85059.5,2.2968,70869.3
5376,2816,5632,1.99142,85629,2.43267,70097.3
5376,2816,5888,2.08067,85681.3,2.37942,74923.5
5376,2816,6144,2.1847,85149.2,2.6089,71304.4
5376,3072,256,0.19312,43784.8,0.501888,16847.8
5376,3072,512,0.305376,55379.1,0.642176,26334.6
5376,3072,768,0.399968,63423,0.881504,28777.1
5376,3072,1024,0.49568,68235.3,0.964064,35083.6
5376,3072,1280,0.601408,70299.3,0.980768,43107.6
5376,3072,1536,0.693856,73119.4,1.08426,46791.8
5376,3072,1792,0.782592,75633.3,1.20374,49171.6
5376,3072,2048,0.905344,74718.3,1.21949,55470.6
5376,3072,2304,0.979808,77669.8,1.64976,46128.8
5376,3072,2560,1.0791,78358.7,1.68323,50235
5376,3072,2816,1.15789,80329.8,1.9544,47591.5
5376,3072,3072,1.31846,76959.7,1.94115,52272.4
5376,3072,3328,1.41747,77549.6,2.01987,54421.4
5376,3072,3584,1.51232,78277.1,1.97462,59950.7
5376,3072,3840,1.63168,77733.2,4.15686,30512.4
5376,3072,4096,1.7145,78910.3,2.25206,60074.4
5376,3072,4352,1.76061,81646.3,2.26413,63489
5376,3072,4608,1.8503,82258.3,2.35136,64729.7
5376,3072,4864,1.94,82813.7,2.32323,69153.1
5376,3072,5120,2.1392,79054.9,2.40826,70222.7
5376,3072,5376,2.14314,82855.2,2.59875,68329
5376,3072,5632,2.32432,80034.5,2.66979,69678
5376,3072,5888,2.42304,80263.4,2.9744,65385.1
5376,3072,6144,2.53773,79968.1,2.86778,70764.7
5376,3328,256,0.205696,44533.5,0.588,15578.8
5376,3328,512,0.313728,58396.8,0.612704,29901.4
5376,3328,768,0.416448,65989.2,0.746272,36824.5
5376,3328,1024,0.516864,70891.8,0.953248,38438.5
5376,3328,1280,0.626944,73055.6,0.914912,50061.4
5376,3328,1536,0.721952,76129.9,1.12384,48905.7
5376,3328,1792,0.818976,78296,1.15709,55417.1
5376,3328,2048,0.916416,79966.8,1.26118,58106.4
5376,3328,2304,1.02371,80533.6,1.63002,50578.2
5376,3328,2560,1.13232,80899,1.61242,56811.4
5376,3328,2816,1.21514,82924,1.7057,59075
5376,3328,3072,1.32669,82856.2,1.84707,59512.7
5376,3328,3328,1.42534,83548,2.03952,58388.6
5376,3328,3584,1.52352,84176.8,2.09869,61107.2
5376,3328,3840,1.6399,83788.7,2.26582,60642.6
5376,3328,4096,1.72384,85022.8,2.30656,63543
5376,3328,4352,1.83942,84660.3,2.16243,72014.3
5376,3328,4608,1.93638,85151.7,2.22125,74231.5
5376,3328,4864,2.02838,85805.7,2.36032,73738.7
5376,3328,5120,2.14621,85363.2,2.46259,74396.1
5376,3328,5376,2.23696,85995.1,2.51786,76401.3
5376,3328,5632,2.3328,86388.9,2.72138,74053.7
5376,3328,5888,2.43165,86644.2,2.73411,77059.1
5376,3328,6144,2.54739,86303.4,2.79264,78724.3
5376,3584,256,0.221248,44588,0.598336,16487.4
5376,3584,512,0.341312,57806.4,0.824224,23937.7
5376,3584,768,0.473824,62459.9,0.952416,31073.6
5376,3584,1024,0.57296,68870.4,0.960096,41100.1
5376,3584,1280,0.69152,71328.4,0.99776,49435.8
5376,3584,1536,0.800352,73955,1.29978,45538.6
5376,3584,1792,0.92944,74297.4,1.39789,49399.5
5376,3584,2048,0.999968,78922.6,1.37446,57418.8
5376,3584,2304,1.12992,78576.4,1.47741,60095.1
5376,3584,2560,1.28474,76786.2,1.58211,62353.4
5376,3584,2816,1.33888,81049.1,1.67722,64699.5
5376,3584,3072,1.4657,80767.1,1.80816,65469.9
5376,3584,3328,1.62506,78917.3,2.11994,60494.8
5376,3584,3584,1.68586,81922.8,2.25562,61229.4
5376,3584,3840,1.87478,78929.1,2.36038,62691.1
5376,3584,4096,1.8992,83108.7,2.4375,64754.8
5376,3584,4352,2.09808,79932.6,2.44045,68719
5376,3584,4608,2.20195,80642.1,2.53917,69932.4
5376,3584,4864,2.31725,80886.9,2.62704,71348.4
5376,3584,5120,2.45114,80493.3,2.74662,71833.7
5376,3584,5376,2.55629,81041.4,2.88534,71799.1
5376,3584,5632,2.57693,84220.5,2.93907,73843.1
5376,3584,5888,2.77952,81631,3.14739,72089.9
5376,3584,6144,2.90752,81430.2,3.24131,73044.5
5376,3840,256,0.237472,44509,0.57088,18514.7
5376,3840,512,0.3584,58982.4,0.652928,32376.1
5376,3840,768,0.479232,66166.2,0.833088,38061.9
5376,3840,1024,0.597312,70781.4,0.958528,44107.8
5376,3840,1280,0.717792,73626.1,1.0337,51125.5
5376,3840,1536,0.829664,76438,1.12611,56315.8
5376,3840,1792,0.938848,78806.7,1.24016,59659.7
5376,3840,2048,1.04934,80581,1.38906,60873.8
5376,3840,2304,1.17085,81246.1,1.43037,66505.1
5376,3840,2560,1.30125,81227,1.62243,65146.9
5376,3840,2816,1.39635,83264.2,1.74624,66580.8
5376,3840,3072,1.52275,83293.8,1.88547,67270
5376,3840,3328,1.6353,84024.8,2.22778,61678.3
5376,3840,3584,1.74758,84674.1,2.36208,62646.1
5376,3840,3840,1.88621,84054.7,2.31821,68391.1
5376,3840,4096,1.9792,85445.8,2.64586,63916.7
5376,3840,4352,2.10947,85179.6,2.38851,75228.4
5376,3840,4608,2.21843,85760.4,2.54874,74646.3
5376,3840,4864,2.31984,86567.7,2.71613,73937.3
5376,3840,5120,2.47142,85534.9,2.70973,78012.6
5376,3840,5376,2.56131,86659.7,2.94739,75308.1
5376,3840,5632,2.67027,87081.8,2.92026,79627.3
5376,3840,5888,2.78752,87210.8,3.00038,81023.6
5376,3840,6144,2.92717,86661.1,3.26365,77726.4
5376,4096,256,0.258176,43669,0.549536,20516
5376,4096,512,0.399968,56376,0.719264,31349.5
5376,4096,768,0.537536,62922,0.837152,40402.3
5376,4096,1024,0.664512,67865.1,0.996704,45246.3
5376,4096,1280,0.80512,70016.2,1.19027,47360.1
5376,4096,1536,0.9304,72706.1,1.27968,52861.4
5376,4096,1792,1.0257,76942.9,1.37939,57213.6
5376,4096,2048,1.17517,76750.1,1.52531,59131.7
5376,4096,2304,1.31661,77068.2,1.64666,61621
5376,4096,2560,1.46109,77163.7,1.73971,64805.5
5376,4096,2816,1.51722,81740,1.9505,63582.4
5376,4096,3072,1.71859,78722.3,2.06384,65553.3
5376,4096,3328,1.8369,79789.9,2.14656,68279.4
5376,4096,3584,1.96662,80259.4,2.28362,69118.5
5376,4096,3840,2.11949,79790.2,2.40134,70424.9
5376,4096,4096,2.224,81110,2.51642,71684.7
5376,4096,4352,2.36784,80944.2,2.69238,71187.1
5376,4096,4608,2.49405,81368.6,2.73398,74227.6
5376,4096,4864,2.60899,82105.1,2.86758,74701
5376,4096,5120,2.77053,81387.3,3.03184,74372.6
5376,4096,5376,2.88237,82140.8,3.1913,74189.3
5376,4096,5632,3.00326,82588.3,3.31619,74794.9
5376,4096,5888,3.13123,82813.6,3.53789,73294.8
5376,4096,6144,3.2943,82136.6,3.62349,74674.7
5376,4352,256,0.266272,44987.6,0.595104,20129.1
5376,4352,512,0.406752,58900.4,0.701248,34164.6
5376,4352,768,0.543296,66145.9,0.87936,40867
5376,4352,1024,0.670432,71469.9,1.00026,47903.5
5376,4352,1280,0.811584,73799.7,1.18666,50473.5
5376,4352,1536,0.93792,76630.8,1.32358,54302.3
5376,4352,1792,1.06214,78946.5,1.44448,58050.3
5376,4352,2048,1.19734,80036.7,1.63978,58441.8
5376,4352,2304,1.32707,81239.3,1.63638,65883.3
5376,4352,2560,1.46938,81523.9,1.75824,68130.2
5376,4352,2816,1.57347,83743.6,1.85354,71090.2
5376,4352,3072,1.71846,83648.6,1.9935,72107.8
5376,4352,3328,1.84096,84589.6,2.18621,71231.2
5376,4352,3584,1.96931,85159.2,2.20982,75890.7
5376,4352,3840,2.1264,84501.5,2.32042,77436.1
5376,4352,4096,2.22867,85998.7,2.48246,77206.7
5376,4352,4352,2.37315,85810.7,2.70429,75303.3
5376,4352,4608,2.49923,86274.8,2.73552,78822.6
5376,4352,4864,2.61731,86959.3,2.89498,78618.9
5376,4352,5120,2.77763,86252.8,3.03856,78846.1
5376,4352,5376,2.89165,86994.5,3.16336,79522.3
5376,4352,5632,3.00966,87563.4,3.28029,80339.4
5376,4352,5888,3.14259,87671.4,3.35638,82087
5376,4352,6144,3.29926,87138.9,3.53402,81350.6
5376,4608,256,0.30032,42233.5,0.616832,20562.4
5376,4608,512,0.444416,57079.7,0.743936,34098.6
5376,4608,768,0.6,63417.9,1.00122,38004.5
5376,4608,1024,0.743456,68241.2,1.08781,46639
5376,4608,1280,0.902912,70237,1.28128,49495.7
5376,4608,1536,1.04566,72778.1,1.3601,55953
5376,4608,1792,1.17501,75561.2,1.49824,59259.5
5376,4608,2048,1.31069,77416.3,1.60877,63072.2
5376,4608,2304,1.46768,77777.3,1.75763,64946.6
5376,4608,2560,1.63306,77667.7,1.89206,67035.7
5376,4608,2816,1.7481,79812.2,2.04438,68245.2
5376,4608,3072,1.91037,79672,2.25213,67581.8
5376,4608,3328,2.04768,80523.6,2.33286,70679.8
5376,4608,3584,2.19165,81021.2,2.39203,74234
5376,4608,3840,2.35965,80628,2.52451,75362.5
5376,4608,4096,2.46726,82251.9,2.69811,75214.5
5376,4608,4352,2.63997,81675.5,2.9617,72803.1
5376,4608,4608,2.78547,81962.5,3.00605,75948.3
5376,4608,4864,2.91334,82718.7,3.31315,72736.8
5376,4608,5120,3.09254,82026.8,3.52189,72027.1
5376,4608,5376,3.2143,82865.6,3.47354,76681.2
5376,4608,5632,3.35024,83289.2,3.64061,76646.2
5376,4608,5888,3.49722,83415.6,3.77763,77223.6
5376,4608,6144,3.68602,82584,3.9409,77242.8
5376,4864,256,0.303264,44147.1,0.65232,20524
5376,4864,512,0.451072,59361.8,0.748096,35792.8
5376,4864,768,0.608928,65959.6,0.941056,42680.4
5376,4864,1024,0.751968,71217,1.04966,51019.1
5376,4864,1280,0.909792,73578.5,1.35549,49385.2
5376,4864,1536,1.05216,76347,1.38822,57864.8
5376,4864,1792,1.18746,78922.9,1.68758,55533.5
5376,4864,2048,1.31568,81407.1,1.81158,59122.7
5376,4864,2304,1.48112,81353.3,1.74061,69225.2
5376,4864,2560,1.63834,81718.4,2.00528,66764.8
5376,4864,2816,1.75363,83980.2,2.12397,69337.4
5376,4864,3072,1.92413,83496.8,2.24768,71477.5
5376,4864,3328,2.05878,84538.7,2.23702,77802.8
5376,4864,3584,2.20346,85064.1,2.41299,77677.4
5376,4864,3840,2.37062,84713.3,2.64595,75898.3
5376,4864,4096,2.47962,86389,2.67194,80170.9
5376,4864,4352,2.65386,85761.9,2.91494,78080.3
5376,4864,4608,2.78451,86545.8,2.99866,80365.3
5376,4864,4864,2.92029,87106.5,3.31376,76763.6
5376,4864,5120,3.10125,86340.8,3.388,79033.2
5376,4864,5376,3.23011,87041.1,5.54624,50692.5
5376,4864,5632,3.35811,87710.2,3.7536,78468.9
5376,4864,5888,3.50042,87969.3,3.66986,83907.7
5376,4864,6144,3.6911,87051.8,4.01149,80099.3
5376,5120,256,0.326208,43202.1,0.633824,22234.7
5376,5120,512,0.488256,57727.3,0.743904,37888.9
5376,5120,768,0.666464,63437.2,0.980256,43130.1
5376,5120,1024,0.823584,68446.5,1.1383,49522.3
5376,5120,1280,1.00976,69783.2,1.28742,54732.8
5376,5120,1536,1.15293,73341.2,1.40666,60112.2
5376,5120,1792,1.30838,75398.4,1.54992,63648.5
5376,5120,2048,1.44413,78069.9,1.68947,66732.6
5376,5120,2304,1.62714,77950.3,1.99139,63692
5376,5120,2560,1.80394,78122.8,2.04134,69037.2
5376,5120,2816,1.92557,80506.9,2.37869,65171
5376,5120,3072,2.11616,79915.7,2.3784,71104.2
5376,5120,3328,2.26694,80816.8,2.64714,69209.6
5376,5120,3584,2.41738,81617.4,2.80659,70298.8
5376,5120,3840,2.61363,80880.9,3.24922,65059.7
5376,5120,4096,2.75952,81712,3.10195,72691.6
5376,5120,4352,2.91994,82049.3,3.14106,76273.3
5376,5120,4608,3.06845,82670.9,3.28682,77178.5
5376,5120,4864,3.21555,83271.7,3.48147,76911.3
5376,5120,5120,3.42531,82286.6,3.70134,76150
5376,5120,5376,3.5504,83356.8,3.7527,78863.2
5376,5120,5632,3.70147,83762.1,3.98346,77832.7
5376,5120,5888,3.85802,84016.2,4.18061,77533.2
5376,5120,6144,4.09286,82638.6,4.26838,79240.5
5376,5376,256,0.339136,43633,0.74688,19812.4
5376,5376,512,0.514464,57525.9,0.779136,37984.4
5376,5376,768,0.694208,63947,1.0057,44141.1
5376,5376,1024,0.869152,68100.9,1.24112,47690.8
5376,5376,1280,1.05645,70034.2,1.32022,56041.6
5376,5376,1536,1.21965,72795.6,1.48198,59909.6
5376,5376,1792,1.37872,75129.5,1.65814,62469
5376,5376,2048,1.5231,77722.9,1.77869,66554.7
5376,5376,2304,1.72534,77189,2.03635,65400.1
5376,5376,2560,1.90922,77505.7,2.19427,67437
5376,5376,2816,2.03664,79922.1,2.31677,70258.5
5376,5376,3072,2.24512,79091.6,2.52787,70244.9
5376,5376,3328,2.39898,80187.4,2.89827,66373.2
5376,5376,3584,2.55926,80947.1,3.06794,67525.9
5376,5376,3840,2.7631,80330.9,3.19261,69523.9
5376,5376,4096,2.87645,82309.9,3.3455,70769.6
5376,5376,4352,3.09571,81260,3.31958,75779.9
5376,5376,4608,3.24531,82073.8,3.49837,76137
5376,5376,4864,3.40355,82605.6,3.61424,77790.2
5376,5376,5120,3.6135,81901.1,3.74835,78954.7
5376,5376,5376,3.75635,82725.9,3.95178,78634.9
5376,5376,5632,3.91254,83205.5,4.14854,78472.1
5376,5376,5888,4.07594,83500.5,4.43773,76693
5376,5376,6144,4.31965,82215.1,4.4065,80594.7
5376,5632,256,0.358464,43246,0.676224,22924.6
5376,5632,512,0.543264,57070.4,0.976256,31758.4
5376,5632,768,0.730592,63655.8,1.07309,43338.9
5376,5632,1024,0.901984,68746.9,1.29875,47744.8
5376,5632,1280,1.10576,70097.3,1.4799,52375.5
5376,5632,1536,1.27466,72971,1.69523,54867.3
5376,5632,1792,1.4369,75520.5,1.73738,62459.2
5376,5632,2048,1.57699,78641.6,1.82435,67978.8
5376,5632,2304,1.78979,77952.8,2.05469,67902.9
5376,5632,2560,1.98544,78079.2,2.20678,70247.7
5376,5632,2816,2.10784,80899.7,2.35734,72337.2
5376,5632,3072,2.33869,79542.8,2.58442,71979.8
5376,5632,3328,2.49043,80920.9,3.09875,65035.2
5376,5632,3584,2.65578,81720,3.13856,69149.6
5376,5632,3840,2.87901,80768.2,3.40592,68273
5376,5632,4096,2.97971,83241.1,3.40067,72936.9
5376,5632,4352,3.20618,82196.5,3.52723,74714.8
5376,5632,4608,3.36842,82839.7,3.70432,75327.9
5376,5632,4864,3.53651,83285.7,3.88182,75876.9
5376,5632,5120,3.7649,82351,3.9183,79126.8
5376,5632,5376,3.90579,83349.3,4.12243,78969.2
5376,5632,5632,4.05894,84023.6,4.23002,80625.5
5376,5632,5888,4.22858,84319,4.4095,80859.3
5376,5632,6144,4.51565,82391.6,4.79536,77585.7
5376,5888,256,0.372576,43499.3,0.6144,26378.2
5376,5888,512,0.562464,57627.8,1.0209,31750.1
5376,5888,768,0.769472,63186.7,1.1033,44068.3
5376,5888,1024,0.951104,68159.9,1.36413,47522.8
5376,5888,1280,1.16794,69382.2,1.44637,56025.8
5376,5888,1536,1.34563,72264,1.65846,58633
5376,5888,1792,1.52339,74470.4,1.83958,61670.2
5376,5888,2048,1.66205,78008.8,1.96,66150.2
5376,5888,2304,1.89264,77067.5,2.64317,55184.2
5376,5888,2560,2.09629,77311.9,2.68947,60260.1
5376,5888,2816,2.22982,79950.1,2.88054,61889.2
5376,5888,3072,2.46698,78834,3.08896,62960.2
5376,5888,3328,2.6312,80073.1,3.29734,63896.4
5376,5888,3584,2.80765,80813.2,3.47363,65319.3
5376,5888,3840,3.032,80178.7,3.69264,65834.2
5376,5888,4096,3.12912,82869.5,3.98035,65147.2
5376,5888,4352,3.37418,81654.1,3.5784,76994
5376,5888,4608,3.54342,82327.8,3.76192,77546.1
5376,5888,4864,3.72816,82595.4,3.99232,77130.3
5376,5888,5120,3.96243,81802.2,4.12717,78537.1
5376,5888,5376,4.11133,82781.7,4.42979,76830.4
5376,5888,5632,4.28013,83303.4,4.36333,81715
5376,5888,5888,4.44928,83779,4.62794,80544.8
5376,5888,6144,4.7536,81824.9,4.75542,81793.5
5376,6144,256,0.395488,42760.9,0.693248,24394.5
5376,6144,512,0.593824,56957.7,0.841568,40190.3
5376,6144,768,0.791616,64089.5,1.2383,40970.8
5376,6144,1024,0.977024,69236.5,1.2777,52943.5
5376,6144,1280,1.21734,69460.4,1.67341,50529.9
5376,6144,1536,1.39072,72961.2,1.84755,54920.6
5376,6144,1792,1.57334,75241,1.94621,60826
5376,6144,2048,1.71027,79105.2,2.10928,64141.1
5376,6144,2304,1.95872,77705.3,2.62125,58065.1
5376,6144,2560,2.1712,77889.8,2.95267,57275
5376,6144,2816,2.29866,80928.1,3.12077,59609
5376,6144,3072,2.55718,79359.6,3.32627,61010.4
5376,6144,3328,2.72013,80822.9,3.37978,65048.3
5376,6144,3584,2.9025,81571.2,3.5976,65810.6
5376,6144,3840,3.14736,80598.2,3.78134,67085
5376,6144,4096,3.22982,83776.4,4.04186,66945.2
5376,6144,4352,3.51446,81803.2,5.62096,51146.8
5376,6144,4608,3.68467,82614.1,3.8601,78859.6
5376,6144,4864,3.86726,83086.5,4.17149,77027
5376,6144,5120,4.13338,81828.7,4.26429,79316.6
5376,6144,5376,4.25706,83423.9,4.37443,81185.4
5376,6144,5632,4.43005,83983.6,4.53808,81984.3
5376,6144,5888,4.61907,84208,4.74534,81967.3
5376,6144,6144,4.9776,81540.2,5.0455,80442.8
5632,256,256,0.03536,20876.6,0.360288,2048.91
5632,256,512,0.048064,30717.3,0.352096,4193.16
5632,256,768,0.061984,35728.5,0.365952,6051.59
5632,256,1024,0.080736,36573.4,0.452064,6531.8
5632,256,1280,0.09312,39636.9,0.464192,7951.42
5632,256,1536,0.108608,40781.4,0.465632,9512.2
5632,256,1792,0.118656,43549.3,0.421056,12272.4
5632,256,2048,0.133472,44245.8,0.459904,12840.9
5632,256,2304,0.1512,43940.3,0.481664,13793.4
5632,256,2560,0.164832,44784.8,0.521664,14150.8
5632,256,2816,0.178752,45427,0.5376,15104.5
5632,256,3072,0.194144,45627.8,0.551424,16064.5
5632,256,3328,0.207488,46251.2,0.570848,16811.1
5632,256,3584,0.220704,46826.4,0.553504,18671.5
5632,256,3840,0.236352,46849.5,0.555968,19916.5
5632,256,4096,0.250912,47072.9,0.58176,20302.5
5632,256,4352,0.265664,47237.7,0.544192,23060.5
5632,256,4608,0.277728,47843.8,0.562208,23634.6
5632,256,4864,0.29296,47876,0.588512,23832.6
5632,256,5120,0.31008,47613.4,0.67376,21912.8
5632,256,5376,0.319904,48458.7,0.6,25836.9
5632,256,5632,0.337152,48169.2,0.7128,22783.9
5632,256,5888,0.350944,48379.6,0.720416,23567.7
5632,256,6144,0.366112,48391.6,0.6912,25631.9
5632,512,256,0.051488,28674.5,0.376416,3922.24
5632,512,512,0.074496,39636.9,0.455872,6477.23
5632,512,768,0.097856,45262.3,0.45888,9652.16
5632,512,1024,0.120032,49200,0.452384,13054.4
5632,512,1280,0.143968,51275.1,0.49072,15043.2
5632,512,1536,0.168096,52698.3,0.509984,17369.9
5632,512,1792,0.192736,53621.4,0.590944,17488.6
5632,512,2048,0.215648,54770.6,0.58928,20043.4
5632,512,2304,0.241472,55027.3,0.59664,22270.6
5632,512,2560,0.264064,55910.5,0.725536,20349
5632,512,2816,0.28704,56578.7,0.639584,25392
5632,512,3072,0.311456,56883.6,0.734784,24111.5
5632,512,3328,0.338176,56754.9,0.727744,26373.5
5632,512,3584,0.361408,57191.7,0.70208,29440.4
5632,512,3840,0.381056,58117.2,0.678624,32633.6
5632,512,4096,0.401408,58848.7,0.747552,31599.6
5632,512,4352,0.428448,58580.5,0.882112,28453
5632,512,4608,0.451456,58865.3,1.04262,25488.7
5632,512,4864,0.473664,59222.4,0.806944,34762.6
5632,512,5120,0.500384,59010.5,0.878176,33624.1
5632,512,5376,0.523616,59211.9,0.925536,33498.7
5632,512,5632,0.546432,59441.4,0.864032,37592
5632,512,5888,0.569824,59592.2,0.916992,37030.9
5632,512,6144,0.589984,60058.4,0.859296,41235.5
5632,768,256,0.063712,34759.4,0.465024,4762.32
5632,768,512,0.092928,47662.5,0.394016,11241.1
5632,768,768,0.120992,54910.9,0.57552,11544
5632,768,1024,0.147104,60218.4,0.506336,17495
5632,768,1280,0.179872,61560.2,0.687872,16097.4
5632,768,1536,0.206976,64198.5,0.570176,23304.3
5632,768,1792,0.234944,65982.3,0.648352,23910.1
5632,768,2048,0.263104,67337.4,0.735712,24081.1
5632,768,2304,0.291936,68272.9,0.690656,28858.6
5632,768,2560,0.322624,68643.1,0.794592,27870.8
5632,768,2816,0.349536,69693.9,0.750816,32445.4
5632,768,3072,0.37872,70170.9,1.01936,26070.4
5632,768,3328,0.406688,70790.6,0.878336,32777.6
5632,768,3584,0.4344,71372.7,0.872256,35544.9
5632,768,3840,0.47184,70402.9,0.832864,39885.1
5632,768,4096,0.494464,71660.4,0.943456,37557.1
5632,768,4352,0.526784,71467.8,0.926176,40648.9
5632,768,4608,0.551776,72244.3,0.872512,45687.2
5632,768,4864,0.57568,73091.4,0.874912,48093.1
5632,768,5120,0.612672,72292.9,1.01283,43730.7
5632,768,5376,0.637888,72906.9,1.01136,45984.1
5632,768,5632,0.664672,73300.9,1.01363,48065.8
5632,768,5888,0.691808,73626.8,1.04189,48887.8
5632,768,6144,0.724928,73317.9,1.03293,51455.9
5632,1024,256,0.082688,35710,0.466304,6332.33
5632,1024,512,0.122176,48336.7,0.423904,13931.4
5632,1024,768,0.154624,57289.7,0.490688,18053
5632,1024,1024,0.192768,61271.4,0.531168,22236.2
5632,1024,1280,0.238304,61954.3,0.6728,21944
5632,1024,1536,0.271776,65188.8,0.675456,26229.3
5632,1024,1792,0.311488,66357.4,0.75824,27259.9
5632,1024,2048,0.346624,68149.7,0.825984,28599
5632,1024,2304,0.390016,68138.5,0.826112,32168.9
5632,1024,2560,0.42656,69223.3,0.82368,35848.8
5632,1024,2816,0.460832,70482.7,0.834048,38943.4
5632,1024,3072,0.504,70304.5,0.934208,37928.9
5632,1024,3328,0.540928,70963.7,0.921952,41635.9
5632,1024,3584,0.5792,71372.7,1.03485,39947
5632,1024,3840,0.619776,71464.3,1.01795,43510.7
5632,1024,4096,0.648288,72876,1.05853,44632.4
5632,1024,4352,0.68944,72809,1.13958,44048.9
5632,1024,4608,0.731008,72708.1,1.1015,48252.4
5632,1024,4864,0.766912,73154.4,1.11171,50465.4
5632,1024,5120,0.810048,72904.1,1.24192,47552
5632,1024,5376,0.840384,73786,1.37101,45228.5
5632,1024,5632,0.881248,73715.2,1.33978,48486.7
5632,1024,5888,0.915168,74209.5,1.26608,53641.3
5632,1024,6144,0.949536,74633.3,1.26803,55887.4
5632,1280,256,0.091584,40301.7,0.414464,8905.45
5632,1280,512,0.137248,53785.7,0.506368,14578.3
5632,1280,768,0.178016,62202.1,0.564896,19601.8
5632,1280,1024,0.221472,66662.8,0.519904,28397.5
5632,1280,1280,0.2664,69275.3,0.583616,31621.7
5632,1280,1536,0.306464,72262.7,0.668544,33125.6
5632,1280,1792,0.34864,74107.7,0.676576,38187.7
5632,1280,2048,0.390176,75678.4,0.733728,40243.7
5632,1280,2304,0.437088,76000.5,0.808704,41076.7
5632,1280,2560,0.479872,76916.1,0.905888,40744.4
5632,1280,2816,0.5216,77839.1,0.865088,46932.6
5632,1280,3072,0.564576,78451.5,0.931904,47528.3
5632,1280,3328,0.606816,79073.1,0.96592,49675.8
5632,1280,3584,0.64992,79508,1.05014,49206.4
5632,1280,3840,0.696448,79496,1.09958,50350.7
5632,1280,4096,0.736736,80158.7,1.10746,53325.6
5632,1280,4352,0.777248,80729.4,1.0887,57634.4
5632,1280,4608,0.819776,81043.8,1.24758,53253.1
5632,1280,4864,0.861312,81420.9,1.19869,58504.6
5632,1280,5120,0.91264,80885.9,1.25322,58904.3
5632,1280,5376,0.948704,81701.7,1.33645,57997.6
5632,1280,5632,0.990336,81994.1,1.37712,58964.9
5632,1280,5888,1.03155,82296.1,1.38432,61324.5
5632,1280,6144,1.07965,82048.7,1.38998,63730
5632,1536,256,0.116992,37858.9,0.479616,9234.86
5632,1536,512,0.180192,49160.7,0.61488,14406.7
5632,1536,768,0.21744,61109.1,0.52064,25521.6
5632,1536,1024,0.291456,60787,0.618592,28640.4
5632,1536,1280,0.329952,67118.6,0.644384,34367.6
5632,1536,1536,0.380992,69752.4,0.756832,35113.6
5632,1536,1792,0.433344,71546.6,0.760448,40771.1
5632,1536,2048,0.480896,73682.2,0.884384,40065.7
5632,1536,2304,0.575072,69317.7,0.95504,41739.3
5632,1536,2560,0.636832,69550.3,0.976256,45369.1
5632,1536,2816,0.64368,75691.4,1.08915,44733
5632,1536,3072,0.695232,76449.6,1.1135,47732.4
5632,1536,3328,0.802912,71713.2,1.20019,47975.2
5632,1536,3584,0.799104,77597.6,1.17693,52686.8
5632,1536,3840,0.927104,71661.6,1.28099,51864.3
5632,1536,4096,0.896896,79013.6,1.35133,52442.5
5632,1536,4352,0.957344,78651.1,1.33549,56381
5632,1536,4608,1.00746,79135.3,1.52141,52402.3
5632,1536,4864,1.05894,79470.2,1.5424,54560.8
5632,1536,5120,1.2185,72699.2,1.59251,55625.1
5632,1536,5376,1.2641,73580.6,1.71242,54316.8
5632,1536,5632,1.21552,80164.9,1.65763,58783.9
5632,1536,5888,1.37859,73895.1,1.79043,56897.6
5632,1536,6144,1.31994,80534.5,1.74682,60853.8
5632,1792,256,0.12512,41299.4,0.479936,10766.8
5632,1792,512,0.182272,56699.7,0.539808,19145.3
5632,1792,768,0.24112,64292.3,0.574016,27006.5
5632,1792,1024,0.296768,69648.8,0.655296,31542.3
5632,1792,1280,0.361664,71439,0.658528,39234.3
5632,1792,1536,0.419712,73870.4,0.741856,41792.9
5632,1792,1792,0.471008,76796.3,0.870688,41543.8
5632,1792,2048,0.52624,78555.5,0.881472,46897.8
5632,1792,2304,0.584896,79512.3,1.21344,38326.1
5632,1792,2560,0.64576,80020.2,1.33958,38574.5
5632,1792,2816,0.69648,81612.1,1.30659,43503.4
5632,1792,3072,0.755744,82049.7,1.49267,41542
5632,1792,3328,0.812032,82725.8,1.42707,47072.6
5632,1792,3584,0.871104,83047.9,1.54531,46814.7
5632,1792,3840,0.935328,82870.1,1.60045,48430.7
5632,1792,4096,0.978656,84481.3,1.65062,50089
5632,1792,4352,1.04534,84035,1.37315,63973.6
5632,1792,4608,1.09722,84771.7,1.48275,62729.9
5632,1792,4864,1.1521,85218.8,1.47133,66729
5632,1792,5120,1.22026,84693.4,1.5096,68460.3
5632,1792,5376,1.26774,85597,1.65728,65477.8
5632,1792,5632,1.32506,85794.4,1.64493,69110.9
5632,1792,5888,1.38054,86089.1,1.73213,68614.9
5632,1792,6144,1.44362,85907.3,1.81962,68155.7
5632,2048,256,0.147616,40006.4,0.501664,11772
5632,2048,512,0.227872,51832.4,0.55712,21200.4
5632,2048,768,0.295776,59899.2,0.641632,27612
5632,2048,1024,0.366464,64460.1,0.68528,34471
5632,2048,1280,0.448448,65844.6,0.7616,38770.9
5632,2048,1536,0.511008,69340.4,0.879776,40275.6
5632,2048,1792,0.58144,71097.7,0.911008,45377.3
5632,2048,2048,0.649248,72768.2,1.0216,46245.7
5632,2048,2304,0.726304,73179,1.03184,51510.1
5632,2048,2560,0.800928,73734.2,1.11203,53106.2
5632,2048,2816,0.866272,74989.6,1.19942,54160.5
5632,2048,3072,0.943136,75139.7,1.21728,58217.5
5632,2048,3328,1.01507,75632.6,1.30378,58884.8
5632,2048,3584,1.08029,76533.4,1.37254,60237.1
5632,2048,3840,1.16362,76128,1.4407,61486.4
5632,2048,4096,1.2256,77096.3,1.53917,61389.8
5632,2048,4352,1.30026,77211.6,1.62509,61778.1
5632,2048,4608,1.28192,82922.8,1.8408,57746.9
5632,2048,4864,1.34877,83191.5,1.78934,62707.9
5632,2048,5120,1.51821,77796.7,1.83286,64441
5632,2048,5376,1.58246,78369.7,1.84323,67282.5
5632,2048,5632,1.65235,78629,1.98982,65293.6
5632,2048,5888,1.72886,78565.1,2.01472,67418
5632,2048,6144,1.80419,78558.1,2.1647,65475
5632,2304,256,0.155392,42755,0.496896,13370.6
5632,2304,512,0.2384,55736.4,0.546976,24292.8
5632,2304,768,0.30288,65806,0.649792,30673.4
5632,2304,1024,0.378976,70123.5,0.85136,31214.9
5632,2304,1280,0.459136,72350.9,0.787264,42195.4
5632,2304,1536,0.522048,76358.2,0.972992,40969.2
5632,2304,1792,0.59024,78792.4,1.09094,42629.5
5632,2304,2048,0.655232,81116.6,1.05101,50570.7
5632,2304,2304,0.73664,81171.3,1.12442,53177.8
5632,2304,2560,0.815456,81473.2,1.16237,57157.3
5632,2304,2816,0.874144,83603.6,1.34288,54421.5
5632,2304,3072,0.953216,83638.3,1.29334,61642.8
5632,2304,3328,1.01923,84739.4,1.30643,66110.7
5632,2304,3584,1.09283,85111.8,1.37757,67519.6
5632,2304,3840,1.1735,84922.3,1.46189,68169.8
5632,2304,4096,1.2352,86059.3,1.58451,67087.2
5632,2304,4352,1.30602,86480,1.64051,68846.9
5632,2304,4608,1.37216,87153.1,1.71853,69587.5
5632,2304,4864,1.44272,87495.7,1.87686,67256.8
5632,2304,5120,1.52736,86996.9,1.91914,69237.2
5632,2304,5376,1.5897,87764.8,2.01533,69229.1
5632,2304,5632,1.65965,88068.7,2.13674,68404.9
5632,2304,5888,1.7311,88271.3,2.06637,73949.5
5632,2304,6144,1.81014,88087.3,2.13059,74838.7
5632,2560,256,0.178688,41312.1,0.533568,13835.1
5632,2560,512,0.27552,53585.8,0.631104,23393.8
5632,2560,768,0.358176,61829.7,0.810272,27331.5
5632,2560,1024,0.450336,65568.6,0.821408,35947.9
5632,2560,1280,0.539296,68440.9,0.87168,42343.4
5632,2560,1536,0.621216,71298.6,1.1008,40236.1
5632,2560,1792,0.705984,73194,1.12,46137.3
5632,2560,2048,0.785504,75182.1,1.17504,50258.5
5632,2560,2304,0.884256,75134.1,1.27846,51966.9
5632,2560,2560,0.971072,76018.8,1.48438,49730.9
5632,2560,2816,1.04755,77515.7,1.42458,57000.6
5632,2560,3072,1.14042,77676.7,1.49744,59156.8
5632,2560,3328,1.2217,78551.2,6.704,14314.7
5632,2560,3584,1.30285,79324.4,1.59891,64636.2
5632,2560,3840,1.39974,79107.1,1.6865,65656.6
5632,2560,4096,1.4729,80190,1.87542,62978.6
5632,2560,4352,1.56742,80063.6,1.97072,63679
5632,2560,4608,1.64854,80601.8,2.07245,64115.3
5632,2560,4864,1.72966,81089.5,2.31546,60574.5
5632,2560,5120,1.83056,80652.6,2.18976,67422.7
5632,2560,5376,1.90765,81263.1,2.22515,69667.8
5632,2560,5632,1.99277,81496.4,2.28826,70972.6
5632,2560,5888,2.08218,81542.3,2.40006,70742
5632,2560,6144,2.18157,81211,2.50166,70819.8
5632,2816,256,0.202656,40068.7,0.514528,15781.8
5632,2816,512,0.298848,54343.2,0.591488,27456.8
5632,2816,768,0.40144,60682.8,0.729056,33413.8
5632,2816,1024,0.497248,65320.9,1.01498,32001.4
5632,2816,1280,0.5976,67939.9,1.248,32532.7
5632,2816,1536,0.691328,70474.6,1.2207,39912.2
5632,2816,1792,0.783104,72584.5,1.21226,46888.8
5632,2816,2048,0.873248,74390.5,1.38995,46736.4
5632,2816,2304,0.980544,74531.6,1.45958,50070.1
5632,2816,2560,1.08237,75022.3,1.59587,50882.4
5632,2816,2816,1.16438,76711.7,1.60538,55639.2
5632,2816,3072,1.26614,76959.7,1.66358,58573.6
5632,2816,3328,1.35501,77905.3,1.84822,57115.5
5632,2816,3584,1.44598,78619.4,2.01187,56505.8
5632,2816,3840,1.55411,78374.4,1.94006,62782.8
5632,2816,4096,1.63171,79623.6,2.0023,64886.6
5632,2816,4352,1.74464,79124,2.04442,67521.9
5632,2816,4608,1.82602,80044.8,2.20102,66406.9
5632,2816,4864,1.92432,80175.5,2.26333,68166.6
5632,2816,5120,2.04,79609.5,2.40659,67482.8
5632,2816,5376,2.12586,80214.1,2.54758,66935.4
5632,2816,5632,2.21901,80506.2,2.69594,66264.1
5632,2816,5888,2.31328,80735.6,2.72576,68518.1
5632,2816,6144,2.41574,80672.5,2.7584,70651.2
5632,3072,256,0.212224,41740.7,0.531296,16673.1
5632,3072,512,0.322624,54914.5,0.79552,22270.6
5632,3072,768,0.42512,62512,0.749408,35461.5
5632,3072,1024,0.528096,67096.7,0.854784,41453.1
5632,3072,1280,0.63184,70099.8,0.929088,47672.4
5632,3072,1536,0.7304,72768.6,1.09091,48720.9
5632,3072,1792,0.827104,74970.7,1.28003,48443
5632,3072,2048,0.919456,77074.9,1.25402,56512
5632,3072,2304,1.03136,77301.2,1.98522,40159.5
5632,3072,2560,1.14038,77678.8,1.81658,48764.1
5632,3072,2816,1.2281,79344,1.95059,49955.1
5632,3072,3072,1.3351,79619.6,2.06755,51413.7
5632,3072,3328,1.42806,80639.8,2.15174,53518.8
5632,3072,3584,1.524,81376.1,2.18086,56866.1
5632,3072,3840,1.64432,80808.8,2.2673,58605.3
5632,3072,4096,1.7281,82017.4,2.28595,62002.1
5632,3072,4352,1.84003,81842.2,2.28387,65937.3
5632,3072,4608,1.9321,82527.3,2.2167,71931.4
5632,3072,4864,2.03171,82841,2.43011,69259.8
5632,3072,5120,2.15117,82358.7,2.49686,70956
5632,3072,5376,2.24419,82892.1,2.56157,72621.8
5632,3072,5632,2.34275,83186,2.64032,73810.8
5632,3072,5888,2.44358,83378.6,2.73942,74374.2
5632,3072,6144,2.55971,83056.6,2.8961,73409.5
5632,3328,256,0.226816,42309.9,0.557152,17224.3
5632,3328,512,0.358816,53490.2,0.665152,28855.3
5632,3328,768,0.4664,61727.5,0.779392,36938.7
5632,3328,1024,0.584096,65719.1,0.922688,41602.7
5632,3328,1280,0.705216,68039.9,1.15795,41437.7
5632,3328,1536,0.807968,71264.5,1.17024,49203.1
5632,3328,1792,0.916192,73320.8,1.32154,50831.7
5632,3328,2048,1.00864,76114.9,1.43786,53393.8
5632,3328,2304,1.13549,76063.4,1.62963,52999.1
5632,3328,2560,1.25382,76538.4,1.7097,56130.3
5632,3328,2816,1.3455,78455.5,1.83152,57636.4
5632,3328,3072,1.46726,78485.4,1.9344,59532.1
5632,3328,3328,1.57619,79149.9,2.07632,60084.9
5632,3328,3584,1.67882,80027.8,2.22909,60272.2
5632,3328,3840,1.80378,79804,2.36064,60978.6
5632,3328,4096,1.89536,81011,2.49053,61651.6
5632,3328,4352,2.09584,77840.7,2.27738,71635.8
5632,3328,4608,2.13043,81081.3,2.41846,71424.8
5632,3328,4864,2.23795,81473.9,2.54128,71749.2
5632,3328,5120,2.36291,81226.6,2.61037,73526.5
5632,3328,5376,2.46403,81787.9,2.89757,69550.7
5632,3328,5632,2.56726,82237.2,3.00301,70304.3
5632,3328,5888,2.6856,82186.9,3.15805,69891.6
5632,3328,6144,2.91542,78999.7,3.37382,68266
5632,3584,256,0.240992,42884.3,0.626368,16499.5
5632,3584,512,0.361056,57247.4,0.651776,31712.6
5632,3584,768,0.489856,63292.7,0.82208,37714.4
5632,3584,1024,0.604992,68329.9,0.961792,42981.3
5632,3584,1280,0.727584,71021.1,1.08125,47790.9
5632,3584,1536,0.839808,73836.6,1.20762,51347.9
5632,3584,1792,0.946368,76443.2,1.28915,56117
5632,3584,2048,1.05827,78125.6,1.37869,59968.7
5632,3584,2304,1.17565,79116.3,1.50064,61982.1
5632,3584,2560,1.30694,79075.8,1.68746,61244.6
5632,3584,2816,1.40278,81040.6,1.72509,65899.5
5632,3584,3072,1.52925,81096.8,1.77613,69824.5
5632,3584,3328,1.63296,82275.1,2.25926,59467.1
5632,3584,3584,1.74848,82750,2.37168,61006
5632,3584,3840,1.88515,82232.9,2.47869,62541.7
5632,3584,4096,1.98003,83511.9,2.60614,63448.6
5632,3584,4352,2.11181,83194.6,2.40979,72907.1
5632,3584,4608,2.22045,83778.5,2.44042,76227.1
5632,3584,4864,2.33104,84237.3,2.63574,74499.1
5632,3584,5120,2.46925,83707.8,2.73309,75627
5632,3584,5376,2.56931,84470.1,2.91462,74462.5
5632,3584,5632,2.6807,84815.3,3,75788.3
5632,3584,5888,2.79549,85029.7,3.11626,76277.3
5632,3584,6144,2.94605,84192.2,3.14982,78745.5
5632,3840,256,0.275104,40250.1,0.590368,18756
5632,3840,512,0.404928,54691,0.738688,29980.1
5632,3840,768,0.546048,60835.1,0.904896,36710.2
5632,3840,1024,0.664448,66659.6,1.03517,42787.1
5632,3840,1280,0.811616,68215.5,1.10733,49998.6
5632,3840,1536,0.918272,72350.9,1.22442,54260.8
5632,3840,1792,1.0368,74759.6,1.43754,53919.2
5632,3840,2048,1.14358,77461.5,1.47981,59861.6
5632,3840,2304,1.28634,77473.3,1.63773,60850.6
5632,3840,2560,1.42557,77674,1.81981,60846.9
5632,3840,2816,1.52387,79929.7,1.88819,64507.5
5632,3840,3072,1.67123,79507.5,2.12198,62618.5
5632,3840,3328,1.78781,80516.8,2.27165,63367.4
5632,3840,3584,1.90899,81205.9,2.33914,66273
5632,3840,3840,2.1177,78431.7,2.47862,67010.7
5632,3840,4096,2.14976,82412.6,2.61075,67860.7
5632,3840,4352,2.29437,82044.5,2.67693,70319.5
5632,3840,4608,2.42134,82315.2,2.87171,69405.8
5632,3840,4864,2.54192,82766.7,2.92131,72017.7
5632,3840,5120,2.68662,82430.3,3.08698,71739.9
5632,3840,5376,2.89174,80412.5,3.19187,72851.4
5632,3840,5632,2.91811,83480.4,3.15322,77256.1
5632,3840,5888,3.03907,83801.3,3.40077,74888.4
5632,3840,6144,3.19114,83277.9,9.05011,29364.4
5632,4096,256,0.281056,42024.2,0.626848,18842.1
5632,4096,512,0.416096,56771.3,0.71024,33259.6
5632,4096,768,0.557408,63568.3,1.00781,35159
5632,4096,1024,0.686176,68852.1,1.05971,44582.5
5632,4096,1280,0.827104,71400.7,8.40448,7026.7
5632,4096,1536,0.946816,74847.7,1.32627,53433.2
5632,4096,1792,1.06829,77393.1,1.34506,61468.2
5632,4096,2048,1.18848,79504.3,1.5463,61106.5
5632,4096,2304,1.32874,80001.2,1.61763,65713.6
5632,4096,2560,1.4713,80277.3,1.8384,64247
5632,4096,2816,1.57494,82493.6,2.05981,63075.2
5632,4096,3072,1.7233,82245.8,1.98598,71367.1
5632,4096,3328,1.84202,83357.1,2.23946,68563.6
5632,4096,3584,1.97158,83869.7,2.24365,73699.7
5632,4096,3840,2.13344,83043.1,2.41344,73408.7
5632,4096,4096,2.23414,84586.6,2.59757,72752.1
5632,4096,4352,2.38307,84256.7,2.60915,76955.9
5632,4096,4608,2.49994,85042.5,2.91347,72971.7
5632,4096,4864,2.62435,85511.4,3.02214,74255.9
5632,4096,5120,2.78131,84932.3,3.09277,76379.2
5632,4096,5376,2.9025,85455.5,3.17542,78110.6
5632,4096,5632,3.02144,86000.6,3.28067,79205
5632,4096,5888,3.14858,86279.2,3.46342,78435.9
5632,4096,6144,3.32624,85221.7,3.56051,79614.3
5632,4352,256,0.300256,41795.5,0.615072,20403.1
5632,4352,512,0.454976,55164.9,0.743008,33779.9
5632,4352,768,0.612704,61445.8,0.918016,41010.3
5632,4352,1024,0.742688,67588.9,1.12464,44634.2
5632,4352,1280,0.912192,68786.8,1.40666,44607.1
5632,4352,1536,1.04806,71843.1,1.36864,55015.3
5632,4352,1792,1.18541,74105.7,1.51574,57955.4
5632,4352,2048,1.31754,76199,7.37078,13620.6
5632,4352,2304,1.47594,76523.8,1.77043,63794.7
5632,4352,2560,1.63286,76854.9,1.89328,66283.7
5632,4352,2816,1.74832,78957.5,2.04454,67517.7
5632,4352,3072,1.91107,78799.9,2.22499,67682.2
5632,4352,3328,2.0479,79662.7,2.34851,69466
5632,4352,3584,2.13498,82291.8,2.37584,73949
5632,4352,3840,2.36154,79711,2.52778,74468.8
5632,4352,4096,2.47008,81288.8,2.70298,74284.7
5632,4352,4352,2.6415,80764.2,2.96067,72057.7
5632,4352,4608,2.76944,81564.7,3.00758,75106.3
5632,4352,4864,2.84848,83707,3.37283,70693.6
5632,4352,5120,3.09715,81038,3.34141,75114.2
5632,4352,5376,3.21274,82028.7,3.5007,75281
5632,4352,5632,3.35206,82362.9,3.7015,74587.5
5632,4352,5888,3.4936,82618.3,3.75984,76768
5632,4352,6144,3.67872,81872.1,3.96938,75877.1
5632,4608,256,0.317376,41866.9,0.6024,22057.7
5632,4608,512,0.46592,57037.9,0.798784,33269.5
5632,4608,768,0.618272,64474.3,0.93984,42414.3
5632,4608,1024,0.758208,70099.8,1.16038,45804
5632,4608,1280,0.918848,72305.5,1.23267,53897.4
5632,4608,1536,1.05379,75655.7,1.33741,59611.8
5632,4608,1792,1.19139,78070.8,1.53635,60541.4
5632,4608,2048,1.32227,80392.3,1.70163,62469.7
5632,4608,2304,1.48045,80778.2,1.81958,65722.7
5632,4608,2560,1.63802,81119.8,2.14403,61974.6
5632,4608,2816,1.7575,83165.2,2.15402,67856.1
5632,4608,3072,1.92374,82885.6,2.20778,72222.3
5632,4608,3328,2.0609,83817,2.29469,75277.4
5632,4608,3584,2.19917,84589.2,2.52835,73575.9
5632,4608,3840,2.37626,83877,2.688,74149.3
5632,4608,4096,2.48022,85718.4,2.83091,75099.8
5632,4608,4352,2.65165,85187.9,3.02288,74726.2
5632,4608,4608,2.78864,85768,3.13165,76373.8
5632,4608,4864,2.92464,86322.9,3.19613,78990.4
5632,4608,5120,3.09725,85802.3,3.42256,77646.9
5632,4608,5376,3.22346,86565.1,3.4897,79960.7
5632,4608,5632,3.36045,86990.3,3.5313,82781.6
5632,4608,5888,3.50294,87244.8,3.74131,81686.3
5632,4608,6144,3.69898,86213.4,4.03894,78956.6
5632,4864,256,0.334912,41878.9,0.634016,22122.1
5632,4864,512,0.50496,55551.9,0.7848,35743.5
5632,4864,768,0.673728,62454.4,0.971424,43315
5632,4864,1024,0.830144,67582.3,1.25872,44571.5
5632,4864,1280,1.01277,69244.6,1.31034,53519.7
5632,4864,1536,1.15747,72705.4,1.52179,55299.6
5632,4864,1792,1.30726,75103.6,1.6616,59087.8
5632,4864,2048,1.44618,77588.1,1.80125,62293.5
5632,4864,2304,1.62637,77615.7,1.87274,67405
5632,4864,2560,1.80224,77824,2.0249,69266.5
5632,4864,2816,1.93021,79930.9,2.17619,70896
5632,4864,3072,2.12342,79263,2.35117,71585.3
5632,4864,3328,2.27424,80173.9,2.52739,72143.5
5632,4864,3584,2.42576,80948,2.62026,74939.4
5632,4864,3840,2.61978,80307,2.79693,75220.5
5632,4864,4096,2.72848,82248,2.94,76330.6
5632,4864,4352,2.90934,81955.9,3.15286,75625.8
5632,4864,4608,3.06666,82325.4,3.33142,75782.5
5632,4864,4864,3.21978,82766.4,3.4121,78101.3
5632,4864,5120,3.42246,81962.9,3.67184,76396.3
5632,4864,5376,3.55072,82952.4,3.7407,78739.4
5632,4864,5632,3.70109,83371.9,3.8793,79541.9
5632,4864,5888,3.86451,83475.6,4.11235,78444.7
5632,4864,6144,4.08739,82355.2,4.23085,79562.8
5632,5120,256,0.353696,41741.9,0.729632,20234.8
5632,5120,512,0.515264,57306.4,0.777536,37976.2
5632,5120,768,0.67792,65334.9,1.02154,43358.1
5632,5120,1024,0.837248,70535.6,1.16128,50854.1
5632,5120,1280,1.0128,72886.8,1.27027,58113.3
5632,5120,1536,1.17133,75626.7,1.45418,60916.8
5632,5120,1792,1.31594,78535.5,1.58125,65358.3
5632,5120,2048,1.4529,81293.9,1.72346,68531.8
5632,5120,2304,1.64032,81005.9,1.89888,69975.7
5632,5120,2560,1.8175,81232,2.11392,69841.6
5632,5120,2816,1.9392,83747.7,2.25328,72074.2
5632,5120,3072,2.13443,83004.5,2.36272,74984.5
5632,5120,3328,2.2791,84213.5,2.80902,68326.7
5632,5120,3584,2.44202,84641.3,2.94912,70087.1
5632,5120,3840,2.62464,84377,3.12966,70761.4
5632,5120,4096,2.7383,86266.2,3.33517,70828
5632,5120,4352,2.93184,85607.4,3.16163,79385.3
5632,5120,4608,3.08499,86143.2,3.30896,80312.6
5632,5120,4864,3.23587,86689.2,3.50086,80127.4
5632,5120,5120,3.42278,86268.7,3.61923,81586.1
5632,5120,5376,3.56867,86879.1,3.81373,81296.6
5632,5120,5632,3.71901,87337,3.95002,82229.3
5632,5120,5888,3.87549,87620.2,4.2417,80055.4
5632,5120,6144,4.0967,86492.7,4.2192,83981.5
5632,5376,256,0.372576,41608,0.67584,22937.6
5632,5376,512,0.554912,55872.5,0.815072,38038.7
5632,5376,768,0.742784,62611,1.08048,43042.4
5632,5376,1024,0.908768,68233.7,1.26896,48865.7
5632,5376,1280,1.10816,69945.4,1.3593,57022.7
5632,5376,1536,1.27213,73116,1.55741,59722.9
5632,5376,1792,1.4392,75399.5,1.6992,63862.4
5632,5376,2048,1.57334,78823.9,1.8817,65907.1
5632,5376,2304,1.79613,77677.8,2.2495,62022.3
5632,5376,2560,1.97946,78315.2,2.40826,64370.8
5632,5376,2816,2.12019,80428.4,2.43795,69945.4
5632,5376,3072,2.34362,79375.5,2.63357,70636.4
5632,5376,3328,2.49248,80854.4,3.15014,63974.2
5632,5376,3584,2.65648,81698.4,3.20301,67758.2
5632,5376,3840,2.8745,80895,3.39866,68418.9
5632,5376,4096,2.97744,83304.6,3.45686,71751.3
5632,5376,4352,3.20611,82198.2,3.5489,74258.7
5632,5376,4608,3.3657,82906.7,3.60874,77323.1
5632,5376,4864,3.53059,83425.3,3.68445,79941.6
5632,5376,5120,3.75757,82511.6,3.9383,78725
5632,5376,5376,3.90723,83318.6,4.13475,78733.9
5632,5376,5632,4.05507,84103.9,4.21981,80820.6
5632,5376,5888,4.23267,84237.4,4.47187,79731.6
5632,5376,6144,4.50989,82496.8,4.70979,78995.3
5632,5632,256,0.387296,41932.6,0.689088,23567.9
5632,5632,512,0.573056,56679.8,0.91584,35465.5
5632,5632,768,0.77184,63123.2,1.05459,46198.9
5632,5632,1024,0.976384,66532.6,1.31408,49434.9
5632,5632,1280,1.16992,69407.9,6.77491,11985.7
5632,5632,1536,1.3489,72238.4,1.58342,61538.8
5632,5632,1792,1.52464,74563.4,1.81917,62491.4
5632,5632,2048,1.70384,76252.9,1.97901,65650.4
5632,5632,2304,1.89504,77129.3,2.1449,68144.6
5632,5632,2560,2.10016,77329.1,2.33338,69600.2
5632,5632,2816,2.24102,79715.3,2.4609,72593
5632,5632,3072,2.47206,78834.6,2.89667,67278.6
5632,5632,3328,2.63472,80131.7,3.18893,66205.5
5632,5632,3584,2.80525,81049.8,3.32963,68285.3
5632,5632,3840,3.02752,80463.6,3.60579,67559.4
5632,5632,4096,3.14064,82736.5,3.59581,72263.5
5632,5632,4352,3.3847,81568.7,3.52112,78408.5
5632,5632,4608,3.55251,82287.2,3.8271,76383.1
5632,5632,4864,3.7281,82767.9,4.13834,74563
5632,5632,5120,3.9656,81906.1,4.30144,75511.2
5632,5632,5376,4.1185,82808.7,4.42387,77092.5
5632,5632,5632,4.28307,83418.5,4.56598,78249.9
5632,5632,5888,4.46525,83652.2,4.73971,78808.1
5632,5632,6144,4.8713,80013.3,4.73539,82309.6
5632,5888,256,0.406592,41758.2,0.728064,23320.1
5632,5888,512,0.599264,56664.6,0.91168,37246.7
5632,5888,768,0.79936,63720.5,1.10176,46231.1
5632,5888,1024,0.98416,69007.2,1.26294,53774.5
5632,5888,1280,1.20266,70587.7,1.46934,57775.9
5632,5888,1536,1.39123,73223.8,1.66198,61295
5632,5888,1792,1.57517,75452.1,1.85904,63930.7
5632,5888,2048,1.71923,79005.2,1.95968,69311.5
5632,5888,2304,1.95597,78123.4,2.788,54808.8
5632,5888,2560,2.16867,78290,2.80426,60545.6
5632,5888,2816,2.30547,81009,2.9985,62285.9
5632,5888,3072,2.56778,79345.9,3.26598,62383.2
5632,5888,3328,2.72365,81038.8,3.35293,65829.3
5632,5888,3584,2.9008,81942.8,3.62486,65574.8
5632,5888,3840,3.1297,81374.7,3.91926,64981.1
5632,5888,4096,3.23011,84101.3,3.94355,68886.3
5632,5888,4352,3.4944,82599.4,3.59798,80221.4
5632,5888,4608,3.65946,83513.4,3.86771,79016.7
5632,5888,4864,3.85683,83641.8,4.11478,78398.4
5632,5888,5120,4.1232,82356.1,4.208,80696.5
5632,5888,5376,4.25101,83874.1,4.54688,78416.3
5632,5888,5632,4.42909,84335.2,4.592,81343.2
5632,5888,5888,4.63203,84305.7,4.84522,80596.3
5632,5888,6144,5.00211,81462.6,5.05968,80535.7
5632,6144,256,0.41536,42653.9,0.71904,24639.4
5632,6144,512,0.633824,55904.3,0.895232,39580.2
5632,6144,768,0.853088,62303.3,1.12451,47265.1
5632,6144,1024,1.05491,67178.1,1.36886,51770.6
5632,6144,1280,1.27616,69414.3,1.6464,53804.5
5632,6144,1536,1.48314,71672.8,1.79882,59094.7
5632,6144,1792,1.66595,74442.2,2.16451,57295.7
5632,6144,2048,1.84643,76761,2.3041,61513.9
5632,6144,2304,2.0703,77018,2.76157,57739.2
5632,6144,2560,2.2864,77487.5,3.02301,58606.3
5632,6144,2816,2.4703,78890.8,3.12989,62265.5
5632,6144,3072,2.76317,76941,3.26214,65172.1
5632,6144,3328,2.92739,78676.7,3.52947,65255.5
5632,6144,3584,3.06154,81016.3,3.70579,66931.5
5632,6144,3840,3.3528,79262.4,3.90426,68067
5632,6144,4096,3.48435,81354.5,4.08496,69393.1
5632,6144,4352,3.68454,81742.7,3.81789,78887.7
5632,6144,4608,3.87075,82387.4,4.12432,77322.2
5632,6144,4864,4.05853,82940.9,4.31776,77961.3
5632,6144,5120,4.42813,80019.1,4.55459,77797.3
5632,6144,5376,4.56477,81505,4.82806,77060.2
5632,6144,5632,4.6624,83598.2,4.98688,78158.7
5632,6144,5888,4.9473,82365.2,5.00938,81344.5
5632,6144,6144,5.33322,79727.1,5.3047,80155.6
5888,256,256,0.034176,22581.7,0.457792,1685.81
5888,256,512,0.048192,32028.2,0.358304,4307.81
5888,256,768,0.062976,36764.1,0.43168,5363.36
5888,256,1024,0.080256,38464.5,0.409408,7540.17
5888,256,1280,0.090336,42715.6,0.399264,9664.68
5888,256,1536,0.10656,43454.5,0.452352,10236.5
5888,256,1792,0.120832,44708.9,0.60688,8901.7
5888,256,2048,0.134112,46036.3,0.632704,9758.14
5888,256,2304,0.15008,46280.4,0.542944,12792.8
5888,256,2560,0.162208,47577.9,0.483968,15946.3
5888,256,2816,0.177824,47739.7,0.507744,16719.6
5888,256,3072,0.19328,47915.1,0.583904,15860.5
5888,256,3328,0.207424,48368.4,0.698208,14369.3
5888,256,3584,0.221696,48735.8,0.554304,19492.1
5888,256,3840,0.235264,49205.5,0.563648,20538.1
5888,256,4096,0.248768,49636.7,0.610784,20216.7
5888,256,4352,0.26368,49756.5,0.658336,19928.7
5888,256,4608,0.27792,49983.9,0.645984,21504.5
5888,256,4864,0.2936,49943.1,0.675872,21695.4
5888,256,5120,0.309376,49890.9,0.725184,21284.3
5888,256,5376,0.323072,50164.6,0.760512,21310.4
5888,256,5632,0.335808,50560.3,0.727584,23335.5
5888,256,5888,0.350944,50578.7,0.59856,29655
5888,256,6144,0.365344,50697.6,0.80064,23134.1
5888,512,256,0.051872,29756,0.365856,4218.88
5888,512,512,0.074496,41438.6,0.585056,5276.43
5888,512,768,0.099648,46468.7,0.488128,9486.26
5888,512,1024,0.121824,50679.8,0.433664,14236.9
5888,512,1280,0.145856,52911.9,0.505824,15257.3
5888,512,1536,0.168992,54801.5,0.554016,16716.2
5888,512,1792,0.19312,55947.2,0.78304,13798.2
5888,512,2048,0.213376,57869.8,0.576384,21423.3
5888,512,2304,0.240416,57781.2,0.598656,23204.5
5888,512,2560,0.26608,58009,0.832352,18543.9
5888,512,2816,0.287168,59124.1,0.650624,26095.8
5888,512,3072,0.312704,59231.9,0.797888,23213.8
5888,512,3328,0.336096,59701.8,0.883456,22712.6
5888,512,3584,0.358656,60250.1,0.687008,31453.9
5888,512,3840,0.382624,60509.9,0.76176,30393.5
5888,512,4096,0.400256,61700.7,0.71152,34708.9
5888,512,4352,0.428704,61206.7,0.76016,34518.5
5888,512,4608,0.452416,61410.4,0.821824,33806.6
5888,512,4864,0.47424,61839.1,0.871008,33669.7
5888,512,5120,0.499712,61775.7,0.89792,34379.5
5888,512,5376,0.52224,62066.4,0.878016,36916.8
5888,512,5632,0.545856,62208.9,0.988416,34355.1
5888,512,5888,0.568352,62462.3,0.889376,39916.3
5888,512,6144,0.590272,62757.7,0.970528,38169
5888,768,256,0.061248,37801.3,0.4072,5685.8
5888,768,512,0.090688,51059.8,0.444896,10408.1
5888,768,768,0.119808,57974.2,0.556896,12472.3
5888,768,1024,0.148704,62278.2,0.652992,14182.4
5888,768,1280,0.178336,64912.7,0.562272,20588.4
5888,768,1536,0.2064,67303.9,0.537024,25867.6
5888,768,1792,0.2336,69378.4,0.546784,29640.2
5888,768,2048,0.260704,71046.3,0.660736,28032.4
5888,768,2304,0.292768,71173.4,0.85824,24279.1
5888,768,2560,0.322016,71898.8,0.851264,27197.9
5888,768,2816,0.346976,73399.4,0.876736,29048.4
5888,768,3072,0.379136,73280,0.9648,28796.7
5888,768,3328,0.40656,74031.7,0.898176,33510.5
5888,768,3584,0.43216,75003.7,0.938784,34527.2
5888,768,3840,0.46864,74105.6,0.893504,38868.1
5888,768,4096,0.493472,75068.3,1.05114,35242
5888,768,4352,0.522912,75269.5,0.920992,42735.8
5888,768,4608,0.549504,75840.4,0.922944,45154
5888,768,4864,0.576992,76240,1.03613,42456
5888,768,5120,0.613472,75480.4,0.907776,51009.4
5888,768,5376,0.636224,76420.2,0.951968,51073.5
5888,768,5632,0.665408,76548,1.1744,43371.6
5888,768,5888,0.691584,76998.4,1.0248,51962.2
5888,768,6144,0.723936,76755.6,1.02474,54224.8
5888,1024,256,0.079424,38867.4,0.522496,5908.19
5888,1024,512,0.120224,51354.3,0.552128,11182.2
5888,1024,768,0.156672,59110.9,0.51296,18054.1
5888,1024,1024,0.19376,63728.5,0.524384,23547.7
5888,1024,1280,0.259296,59526.7,0.678752,22740.3
5888,1024,1536,0.2712,68296.6,0.65968,28077.3
5888,1024,1792,0.309344,69854.4,0.753056,28695.1
5888,1024,2048,0.341152,72390.2,0.775744,31835.3
5888,1024,2304,0.384992,72165.3,0.875008,31751.8
5888,1024,2560,0.471936,65411.6,1.07952,28596.1
5888,1024,2816,0.460288,73773.6,0.828384,40992
5888,1024,3072,0.502848,73668.6,0.975392,37978.7
5888,1024,3328,0.536832,74755.4,0.964576,41604.9
5888,1024,3584,0.575072,75152.5,1.02563,42138
5888,1024,3840,0.61232,75622.4,1.11094,41680.9
5888,1024,4096,0.723584,68260.4,1.08048,45713.1
5888,1024,4352,0.687808,76299.1,1.02022,51438.8
5888,1024,4608,0.72384,76765.8,1.08451,51236.1
5888,1024,4864,0.763808,76790.4,1.21414,48308.2
5888,1024,5120,0.806816,76523.2,1.16432,53026.8
5888,1024,5376,0.943488,68710.1,1.22589,52881.8
5888,1024,5632,0.875488,77572.9,1.21123,56070.3
5888,1024,5888,0.9144,77647.8,1.32758,53481.5
5888,1024,6144,0.948896,78078.3,1.32934,55732.9
5888,1280,256,0.089952,42898,0.433664,8898.04
5888,1280,512,0.135552,56934,0.528256,14609.4
5888,1280,768,0.176768,65488.5,0.51392,22525.4
5888,1280,1024,0.219584,70292.2,0.601568,25658
5888,1280,1280,0.264,73082.6,0.61744,31248.1
5888,1280,1536,0.307264,75350.7,0.657152,35231.7
5888,1280,1792,0.34544,78193.9,0.70512,38307.4
5888,1280,2048,0.38832,79496.5,0.709952,43481.9
5888,1280,2304,0.432576,80283.8,0.822176,42240.2
5888,1280,2560,0.47968,80444.5,0.87168,44268.1
5888,1280,2816,0.52032,81577.4,0.924192,45928.1
5888,1280,3072,0.56352,82171.2,0.900608,51415.4
5888,1280,3328,0.604288,83013.2,0.982464,51059.3
5888,1280,3584,0.645152,83736.3,0.936896,57661.3
5888,1280,3840,0.694496,83343,1.05418,54906.8
5888,1280,4096,0.730176,84555.2,1.10144,56054
5888,1280,4352,0.775456,84594,1.13693,57698.4
5888,1280,4608,0.817856,84926.5,1.23782,56112.7
5888,1280,4864,0.858144,85436.1,1.2345,59389.8
5888,1280,5120,0.909248,84878,1.26685,60919.1
5888,1280,5376,0.947168,85553.9,1.24538,65067.9
5888,1280,5632,0.989184,85821,1.33923,63389.1
5888,1280,5888,1.0303,86141.1,1.46432,60609.3
5888,1280,6144,1.07357,86264,1.41619,65393.8
5888,1536,256,0.118656,39024.7,0.480416,9638.55
5888,1536,512,0.174304,53131.4,0.548736,16877
5888,1536,768,0.234112,59337.1,0.68864,20172.4
5888,1536,1024,0.289408,63999.8,0.629344,29430.7
5888,1536,1280,0.348384,66457,0.717472,32269.6
5888,1536,1536,0.403904,68786.3,0.710176,39121.4
5888,1536,1792,0.45904,70611.7,0.752288,43086.7
5888,1536,2048,0.518496,71445.3,0.833056,44467.7
5888,1536,2304,0.572992,72731.6,0.982592,42412.9
5888,1536,2560,0.638272,72547.6,1.04666,44241
5888,1536,2816,0.69072,73742.8,1.06586,47788.5
5888,1536,3072,0.751392,73950.9,1.14736,48429.6
5888,1536,3328,0.80448,74826.8,1.14656,52502
5888,1536,3584,0.856576,75681.7,1.20765,53680.5
5888,1536,3840,0.922272,75311.5,1.26986,54697.3
5888,1536,4096,0.978368,75726.3,1.3576,54572.9
5888,1536,4352,1.03968,75714.4,1.41498,55632.5
5888,1536,4608,1.09421,76173.1,1.39232,59863.5
5888,1536,4864,1.14643,76742.2,1.45363,60524.1
5888,1536,5120,1.21571,76177.8,1.48582,62329.2
5888,1536,5376,1.26669,76767.7,1.61571,60184.5
5888,1536,5632,1.31686,77359,1.57331,64749.6
5888,1536,5888,1.38013,77168,1.68749,63112.6
5888,1536,6144,1.44435,76942.7,1.72048,64593.8
5888,1792,256,0.129824,41612.2,0.512672,10537.5
5888,1792,512,0.201184,53704.7,0.588928,18346.1
5888,1792,768,0.269888,60050.1,0.600288,26998.4
5888,1792,1024,0.334624,64577.1,0.663648,32561
5888,1792,1280,0.40496,66701.2,0.726112,37199.9
5888,1792,1536,0.471136,68798.8,0.793696,40838.8
5888,1792,1792,0.534592,70737.8,0.893792,42309.4
5888,1792,2048,0.598336,72230.5,0.926048,46669.4
5888,1792,2304,0.666432,72956.2,1.24058,39191.8
5888,1792,2560,0.735776,73422.7,1.38048,39133.2
5888,1792,2816,0.802016,74094.4,1.39248,42675.6
5888,1792,3072,0.865824,74873.4,1.55782,41613.9
5888,1792,3328,0.932096,75345.7,1.57382,44623.4
5888,1792,3584,0.998624,75735.9,1.60038,47258.5
5888,1792,3840,1.07274,75539.5,1.67245,48452.3
5888,1792,4096,1.12544,76802.2,1.71302,50458.3
5888,1792,4352,1.20202,76403.7,1.62739,56432.9
5888,1792,4608,1.27091,76512.6,1.67309,58120.5
5888,1792,4864,1.32938,77211.4,1.6919,60667.2
5888,1792,5120,1.40749,76764.6,1.85056,58385.2
5888,1792,5376,1.46979,77186.1,1.83885,61694.9
5888,1792,5632,1.5344,77456.9,1.89104,62848.9
5888,1792,5888,1.59792,77758.6,1.97293,62978.5
5888,1792,6144,1.66768,77745.3,2.02275,64098
5888,2048,256,0.144416,42751.6,0.5248,11764.5
5888,2048,512,0.221536,55738.3,0.606848,20347.8
5888,2048,768,0.291232,63598.9,0.609888,30369.6
5888,2048,1024,0.364288,67792.7,0.696224,35471.4
5888,2048,1280,0.439744,70200.1,0.857376,36005.3
5888,2048,1536,0.508384,72866.4,0.892192,41520.3
5888,2048,1792,0.57712,74885.8,0.954784,45264.8
5888,2048,2048,0.649472,76049.7,1.02698,48094.7
5888,2048,2304,0.718816,77302.3,1.05574,52632.2
5888,2048,2560,0.800448,77132,1.10208,56021.5
5888,2048,2816,0.863392,78659.7,1.20595,56315.8
5888,2048,3072,0.938176,78970.5,1.32742,55813.5
5888,2048,3328,1.00672,79726.4,1.31437,61065.2
5888,2048,3584,1.07818,80168.9,1.37142,63026.6
5888,2048,3840,1.17002,79153,1.43917,64349.8
5888,2048,4096,1.22102,80902.8,1.5488,63781.2
5888,2048,4352,1.29539,81024.3,1.65309,63492.2
5888,2048,4608,1.36806,81233.2,1.67254,66445.1
5888,2048,4864,1.43654,81658.7,1.74112,67374
5888,2048,5120,1.51955,81261,1.868,66102.9
5888,2048,5376,1.58506,81797.9,1.96531,65971.4
5888,2048,5632,1.65056,82292.3,2.04029,66573.1
5888,2048,5888,1.72304,82413.8,2.06694,68701.6
5888,2048,6144,1.80464,82108.5,2.20189,67295.1
5888,2304,256,0.15856,43805.3,0.556928,12471.6
5888,2304,512,0.250112,55541.3,0.665984,20858.7
5888,2304,768,0.336512,61921.4,0.688448,30267.1
5888,2304,1024,0.415264,66904.6,0.769152,36121.7
5888,2304,1280,0.504224,68875.8,0.843232,41185.4
5888,2304,1536,0.584384,71313.7,1.00493,41470.2
5888,2304,1792,0.661568,73492.6,0.982016,49510.8
5888,2304,2048,0.734528,75648.8,1.04528,53159.1
5888,2304,2304,0.826272,75655.4,1.23933,50440.2
5888,2304,2560,0.913056,76071.6,1.34662,51579.1
5888,2304,2816,0.985184,77552.5,1.43536,53229.5
5888,2304,3072,1.06944,77937.2,1.55808,53494.8
5888,2304,3328,1.14973,78536,1.46563,61608.2
5888,2304,3584,1.22954,79087.3,1.55862,62388.8
5888,2304,3840,1.31658,79134.4,1.5921,65439.8
5888,2304,4096,1.38371,80314.6,1.69894,65412.6
5888,2304,4352,1.47498,80054.2,1.91766,61573.9
5888,2304,4608,1.55734,80280.2,1.98701,62920.6
5888,2304,4864,1.63306,80811.4,2.05456,64232.5
5888,2304,5120,1.72886,80350.7,2.08301,66689.8
5888,2304,5376,1.80656,80739.7,2.25382,64717.2
5888,2304,5632,1.8807,81249.8,2.3488,65057.4
5888,2304,5888,1.95824,81579.7,2.41251,66218.4
5888,2304,6144,2.05053,81295.4,2.41456,69038.8
5888,2560,256,0.172096,44844.3,0.526016,14671.6
5888,2560,512,0.266592,57897.6,0.695392,22196.2
5888,2560,768,0.35248,65684.7,0.703072,32930.6
5888,2560,1024,0.438432,70410.2,0.803584,38415.5
5888,2560,1280,0.531008,72668.6,0.859328,44904.4
5888,2560,1536,0.61552,75229.3,0.930304,49774.2
5888,2560,1792,0.691808,78089.1,0.982336,54994.1
5888,2560,2048,0.778016,79355.9,1.12294,54980.6
5888,2560,2304,0.87008,79829.1,1.27203,54603.7
5888,2560,2560,0.963328,80113.1,1.36646,56478
5888,2560,2816,1.03952,81665.3,1.45674,58276
5888,2560,3072,1.1303,81933.9,1.50506,61532.7
5888,2560,3328,1.21578,82521.6,1.52589,65750.4
5888,2560,3584,1.29798,83240.8,1.60438,67343.8
5888,2560,3840,1.39389,83050.3,1.65786,69826.8
5888,2560,4096,1.46682,84182.6,1.75542,70342.2
5888,2560,4352,1.56291,83944.5,1.85603,70687.3
5888,2560,4608,1.64275,84562.6,1.94093,71571.6
5888,2560,4864,1.72637,84937.2,2.06781,70912.2
5888,2560,5120,1.82854,84411.6,2.20397,70033
5888,2560,5376,1.90451,85096.8,2.24848,72078.9
5888,2560,5632,1.98189,85668.5,2.27645,74583.5
5888,2560,5888,2.07507,85540.6,2.34851,75581
5888,2560,6144,2.17245,85258.9,2.44787,75665.9
5888,2816,256,0.194496,43647.5,0.540128,15717.1
5888,2816,512,0.3072,55268.7,0.758496,22384.5
5888,2816,768,0.396032,64307.5,0.741248,34358
5888,2816,1024,0.493728,68776.9,0.881056,38541.3
5888,2816,1280,0.614176,69111.1,1.20019,35366.3
5888,2816,1536,0.687584,74079.1,1.23786,41148.3
5888,2816,1792,0.809024,73452.6,1.31955,45034.1
5888,2816,2048,0.869216,78132.7,1.50224,45208.6
5888,2816,2304,0.97776,78141.3,1.49914,50965
5888,2816,2560,1.07978,78620.7,1.52266,55753
5888,2816,2816,1.16403,80222.9,1.66141,56206.5
5888,2816,3072,1.26902,80275.3,1.72608,59018.9
5888,2816,3328,1.36061,81111.2,1.87693,58798.5
5888,2816,3584,1.45133,81890.4,1.9591,60665.4
5888,2816,3840,1.56093,81579.1,2.08115,61186.8
5888,2816,4096,1.63517,83066.9,2.0904,64977.2
5888,2816,4352,1.81952,79316.3,2.16845,66553.4
5888,2816,4608,1.92131,79532.6,2.24349,68111.3
5888,2816,4864,1.93018,83565.5,2.33722,69012.1
5888,2816,5120,2.04138,83172,2.45152,69257.2
5888,2816,5376,2.22346,80179.1,2.55789,69696.1
5888,2816,5632,2.31622,80632.9,2.64522,70604.4
5888,2816,5888,2.31462,84356.4,2.69642,72412.1
5888,2816,6144,2.5361,80337.1,2.8193,72267.2
5888,3072,256,0.20272,45683.8,0.561056,16506.4
5888,3072,512,0.314272,58936.4,0.748064,24760
5888,3072,768,0.4136,67173.8,0.708544,39211.5
5888,3072,1024,0.51568,71835.4,0.852128,43472.4
5888,3072,1280,0.621792,74470.4,0.964352,48016.8
5888,3072,1536,0.722624,76895,1.10835,50134
5888,3072,1792,0.813088,79729.6,1.19946,54047.1
5888,3072,2048,0.91088,81336.9,1.23309,60083.5
5888,3072,2304,1.01779,81892.2,1.79629,46400.8
5888,3072,2560,1.13158,81841.2,1.9297,47992.1
5888,3072,2816,1.21792,83643.6,1.97811,51499.2
5888,3072,3072,1.3265,83778.8,2.09168,53130.6
5888,3072,3328,1.41939,84820.3,2.01136,59856.7
5888,3072,3584,1.52042,85275.6,2.10141,61698.8
5888,3072,3840,1.63734,84841.9,2.34918,59133.4
5888,3072,4096,1.71898,86200.4,2.30186,64372.6
5888,3072,4352,1.83235,85920.9,2.15472,73066.3
5888,3072,4608,1.92896,86418.8,2.26976,73443.2
5888,3072,4864,2.0223,87009.4,2.3871,73712.5
5888,3072,5120,2.1392,86584,2.41741,76619.4
5888,3072,5376,2.2352,87008.5,2.57869,75418.8
5888,3072,5632,2.32739,87541.1,2.62531,77607
5888,3072,5888,2.42819,87721,2.73971,77746.7
5888,3072,6144,2.54736,87252.9,2.8743,77328.1
5888,3328,256,0.227328,44133.5,0.527616,19015.3
5888,3328,512,0.356832,56232.5,0.801952,25020.9
5888,3328,768,0.472608,63685.6,0.825024,36481.8
5888,3328,1024,0.58688,68380.4,0.931104,43100.6
5888,3328,1280,0.713792,70278,1.08458,46252.1
5888,3328,1536,0.82464,72997.5,1.16931,51480.4
5888,3328,1792,0.931168,75420.8,1.2905,54420.5
5888,3328,2048,1.04,77175.2,1.33786,59993.2
5888,3328,2304,1.16771,77326.4,1.67686,53847.5
5888,3328,2560,1.292,77653.1,1.76294,56909.2
5888,3328,2816,1.3937,79185.5,1.77693,62107.5
5888,3328,3072,1.52022,79194.5,1.89213,63628.5
5888,3328,3328,1.62349,80337,2.08531,62545.1
5888,3328,3584,1.73309,81045.4,2.2495,62439.9
5888,3328,3840,1.87357,80323.5,2.32845,64631.7
5888,3328,4096,1.96691,81612.4,2.45053,65506
5888,3328,4352,2.09738,81319.3,2.39917,71090.1
5888,3328,4608,2.2017,82023.1,2.46634,73222
5888,3328,4864,2.3183,82225.1,2.53837,75096.6
5888,3328,5120,2.45082,81872.9,2.79085,71897.7
5888,3328,5376,2.5545,82477.4,2.92166,72112.4
5888,3328,5632,2.66835,82718.1,3.05786,72181.6
5888,3328,5888,2.77773,83072.9,3.15226,73202.8
5888,3328,6144,2.91856,82501.9,3.19315,75407.2
5888,3584,256,0.245824,43952.3,0.577632,18704.9
5888,3584,512,0.385664,56030.8,0.8752,24690.4
5888,3584,768,0.510848,63450.5,0.851584,38062.7
5888,3584,1024,0.633472,68224.2,1.02275,42256.7
5888,3584,1280,0.770336,70128.7,1.11062,48641.7
5888,3584,1536,0.89136,72728.4,1.18842,54549.2
5888,3584,1792,1.01168,74758.5,1.29942,58204
5888,3584,2048,1.12579,76778.1,1.44272,59912
5888,3584,2304,1.26445,76903.7,1.5345,63369.8
5888,3584,2560,1.4033,76993.9,1.71091,63150.7
5888,3584,2816,1.50682,78874.8,1.76739,67245.9
5888,3584,3072,1.64493,78820.7,1.92298,67423.8
5888,3584,3328,1.76022,79796,2.3527,59701
5888,3584,3584,1.88221,80364.9,2.44291,61919.3
5888,3584,3840,2.02381,80080.7,2.62803,61668.9
5888,3584,4096,2.12918,81191.9,2.70928,63807.5
5888,3584,4352,2.26605,81056.1,2.56179,71698.6
5888,3584,4608,2.3864,81495.8,2.69814,72079.7
5888,3584,4864,2.51078,81761.7,2.7432,74834.5
5888,3584,5120,2.65402,81420.2,2.85245,75756.2
5888,3584,5376,2.7608,82184.5,2.94982,76918.2
5888,3584,5632,2.88467,82400.9,3.07386,77329.4
5888,3584,5888,3.00307,82750,3.39315,73237
5888,3584,6144,3.15178,82273.8,3.45254,75106.5
5888,3840,256,0.265376,43622.2,0.56976,20317.8
5888,3840,512,0.39984,57904.6,0.84544,27385.2
5888,3840,768,0.535744,64823.6,0.89824,38663.2
5888,3840,1024,0.663904,69746.7,1.00355,46141.2
5888,3840,1280,0.805472,71860.2,1.20093,48197.2
5888,3840,1536,0.92864,74795,1.33526,52017.9
5888,3840,1792,1.05376,76899.8,1.35859,59645.5
5888,3840,2048,1.17786,78626.1,1.45763,63534.7
5888,3840,2304,1.31872,79005.8,1.60973,64723.1
5888,3840,2560,1.46339,79105.8,1.76394,65627.5
5888,3840,2816,1.56957,81130,1.88432,67578.3
5888,3840,3072,1.72272,80637.2,2.00758,69195.3
5888,3840,3328,1.83933,81818.8,2.34125,64278.4
5888,3840,3584,1.96688,82398.5,2.44707,66229.3
5888,3840,3840,2.12614,81670.9,2.87098,60482.6
5888,3840,4096,2.21888,83474.8,2.94912,62805.3
5888,3840,4352,2.37347,82915.1,2.70989,72621.7
5888,3840,4608,2.4961,83479.6,2.77414,75112.5
5888,3840,4864,2.61731,84036.3,2.91882,75355.7
5888,3840,5120,2.77328,83484.4,3.07478,75298.2
5888,3840,5376,2.89034,84108.5,3.1527,77109
5888,3840,5632,3.00931,84630,3.27558,77750.5
5888,3840,5888,3.14573,84640,3.3744,78904.2
5888,3840,6144,3.32611,83530.2,3.50298,79312.8
5888,4096,256,0.2832,43601.8,0.547264,22563.2
5888,4096,512,0.434816,56796.6,0.878304,28117.9
5888,4096,768,0.593792,62385.6,0.922496,40156.4
5888,4096,1024,0.725024,68124.8,1.14266,43225.7
5888,4096,1280,0.875424,70526,1.1721,52675
5888,4096,1536,1.0169,72857.2,1.30397,56817.5
5888,4096,1792,1.15219,75018.9,1.50368,57483.1
5888,4096,2048,1.26822,77891.8,1.61869,61027.4
5888,4096,2304,1.43069,77677.5,1.74195,63797.6
5888,4096,2560,1.57942,78180.6,1.93008,63976.8
5888,4096,2816,1.69667,80055.7,1.9695,68965.8
5888,4096,3072,1.86915,79274.7,2.23072,66425.4
5888,4096,3328,1.99162,80600.1,2.36915,67756.1
5888,4096,3584,2.12886,81204.1,2.3777,72705.9
5888,4096,3840,2.35174,78758.8,2.53392,73096.4
5888,4096,4096,2.38787,82738.3,2.59965,75998.2
5888,4096,4352,2.56845,81728.9,2.8248,74312
5888,4096,4608,2.68938,82645.4,2.91338,76291.1
5888,4096,4864,2.82637,83008.5,3.14083,74697.6
5888,4096,5120,2.99958,82331.6,3.32733,74221.9
5888,4096,5376,3.20397,80933.6,3.49043,74291.3
5888,4096,5632,3.25363,83493.4,3.58394,75798.4
5888,4096,5888,3.39011,83774.4,3.55645,79856.3
5888,4096,6144,3.67398,80662.5,3.99498,74181.4
5888,4352,256,0.295072,44463,0.61824,21221.2
5888,4352,512,0.448096,58557.9,0.937568,27986.8
5888,4352,768,0.60192,65389.7,0.935168,42088
5888,4352,1024,0.744544,70484.9,1.07533,48802.9
5888,4352,1280,0.903264,72624.3,1.28842,50914.4
5888,4352,1536,1.04403,75398.7,1.40464,56041.9
5888,4352,1792,1.17651,78060,1.52659,60159.2
5888,4352,2048,1.31734,79674.2,1.75962,59648.4
5888,4352,2304,1.47392,80111.6,1.71226,68960.5
5888,4352,2560,1.63418,80283.8,1.90195,68980.6
5888,4352,2816,1.75366,82294.9,2.0575,70142.1
5888,4352,3072,1.92733,81686.9,2.2073,71325.9
5888,4352,3328,2.05898,82835.9,2.28224,74732.4
5888,4352,3584,2.1959,83645.3,2.43565,75411.9
5888,4352,3840,2.3657,83187.7,2.54813,77231.9
5888,4352,4096,2.47421,84841.9,2.67622,78437.6
5888,4352,4352,2.65014,84160.1,2.93578,75971.8
5888,4352,4608,2.78419,84820.3,2.96026,79775.6
5888,4352,4864,2.9153,85506.2,3.19661,77981.4
5888,4352,5120,3.10269,84570.4,3.33699,78632.4
5888,4352,5376,3.22448,85444.9,3.48272,79109.3
5888,4352,5632,3.35984,85907.4,3.6199,79735.6
5888,4352,5888,3.50099,86191.3,3.7456,80562.5
5888,4352,6144,3.72182,84602.3,3.91654,80396.1
5888,4608,256,0.317152,43800.9,0.599648,23166.1
5888,4608,512,0.493056,56348.7,0.945952,29370.5
5888,4608,768,0.65024,64091.1,1.00109,41629.3
5888,4608,1024,0.803648,69142.4,1.17315,47364.8
5888,4608,1280,0.996768,69682.9,1.31229,52928.7
5888,4608,1536,1.12557,74050.8,1.4575,57186.3
5888,4608,1792,1.2976,74938.9,1.58582,61318.7
5888,4608,2048,1.4007,79340.3,1.73808,63939.7
5888,4608,2304,1.61658,77338.7,1.87539,66665.4
5888,4608,2560,1.8032,77038.2,2.05866,67478.7
5888,4608,2816,1.88096,81238.8,2.17718,70185.6
5888,4608,3072,2.11299,78892.1,2.30387,72355.8
5888,4608,3328,2.25741,79998.8,2.46576,73239.1
5888,4608,3584,2.35808,82474.5,2.61318,74423.2
5888,4608,3840,2.59866,80184.9,2.7961,74522.8
5888,4608,4096,2.72557,81548,2.88592,77016.9
5888,4608,4352,2.91856,80915.3,3.16301,74661.9
5888,4608,4608,3.0591,81738.8,3.2832,76159.7
5888,4608,4864,3.21725,82038.8,3.45981,76287.2
5888,4608,5120,3.40643,81560.6,3.62368,76670.9
5888,4608,5376,3.55222,82123.8,3.73338,78139
5888,4608,5632,3.68627,82905.9,3.85088,79362.1
5888,4608,5888,3.8441,83115.8,4.0535,78822
5888,4608,6144,4.08374,81640,4.37658,76177.6
5888,4864,256,0.32656,44902.3,0.63392,23131.1
5888,4864,512,0.499008,58769.7,1.01165,28988.9
5888,4864,768,0.667104,65941.5,0.97136,45286.9
5888,4864,1024,0.826656,70952.3,1.11264,52715.3
5888,4864,1280,1.00323,73080.2,1.32182,55466.1
5888,4864,1536,1.15978,75859.2,1.47651,59586.2
5888,4864,1792,1.30627,78577.1,1.68608,60876.7
5888,4864,2048,1.44864,80976.8,1.82899,64137.1
5888,4864,2304,1.62707,81108.6,1.87955,70213.3
5888,4864,2560,1.8071,81142.5,2.06746,70924.3
5888,4864,2816,1.93178,83496.3,2.17245,74246.3
5888,4864,3072,2.13206,82530.1,2.33856,75242.6
5888,4864,3328,2.26765,84061.9,2.51235,75874.2
5888,4864,3584,2.42314,84719.1,2.63027,78047.4
5888,4864,3840,2.61184,84212.4,2.79718,78632.4
5888,4864,4096,2.72627,86056.2,2.90989,80626
5888,4864,4352,2.91814,85422.7,3.19414,78041.5
5888,4864,4608,3.07139,85934.7,3.26426,80857.4
5888,4864,4864,3.2199,86525.1,3.40595,81798.7
5888,4864,5120,3.42115,85721.3,3.57232,82093.9
5888,4864,5376,3.56102,86472,3.71149,82966.5
5888,4864,5632,3.69987,87190.1,3.85962,83581.5
5888,4864,5888,3.85629,87456,4.0055,84198
5888,4864,6144,4.11101,85604,4.23098,83176.8
5888,5120,256,0.3584,43066.5,0.610656,25276.2
5888,5120,512,0.538336,57343.5,1.02634,30077.9
5888,5120,768,0.728448,63566.8,1.03008,44952.9
5888,5120,1024,0.89872,68697.9,1.24819,49463.7
5888,5120,1280,1.09459,70505.9,1.34374,57433
5888,5120,1536,1.26547,73182.4,1.50496,61536.7
5888,5120,1792,1.43475,75305.9,1.64214,65795.2
5888,5120,2048,1.57965,78169.5,1.84202,67035.4
5888,5120,2304,1.7857,77793.4,1.99251,69718.7
5888,5120,2560,1.97782,78040.5,2.232,69153.4
5888,5120,2816,2.10768,80555.6,2.37395,71520.2
5888,5120,3072,2.3415,79103.2,2.5265,73311.2
5888,5120,3328,2.47571,81049.6,2.88982,69435.2
5888,5120,3584,2.6456,81679.2,3.14605,68686.3
5888,5120,3840,2.86442,80828.2,3.26288,70957.4
5888,5120,4096,2.96678,83241.9,3.35318,73649.6
5888,5120,4352,3.1944,82142.4,3.41306,76880
5888,5120,4608,3.34915,82955.5,3.56579,77915.6
5888,5120,4864,3.51459,83442.3,3.69363,79397.7
5888,5120,5120,3.74611,82405.6,3.95344,78084.1
5888,5120,5376,3.88922,83342.2,4.06493,79739.6
5888,5120,5632,4.03603,84134.8,4.30525,78873.7
5888,5120,5888,4.21485,84227.4,4.41766,80360.5
5888,5120,6144,4.51443,82057,4.53312,81718.8
5888,5376,256,0.383168,42296.8,0.651648,24870.5
5888,5376,512,0.576768,56198.6,1.09232,29674.1
5888,5376,768,0.776,62655.1,1.08016,45012.2
5888,5376,1024,0.946048,68524.2,1.32698,48853.3
5888,5376,1280,1.15283,70291.2,1.45005,55883.6
5888,5376,1536,1.33926,72607.6,1.60342,60645.7
5888,5376,1792,1.51648,74809.8,1.77046,64077.9
5888,5376,2048,1.65898,78153.2,1.89955,68255.2
5888,5376,2304,1.87766,77682.2,2.13872,68200.2
5888,5376,2560,2.07997,77918.5,2.36349,68571.5
5888,5376,2816,2.22893,79982.3,2.5239,70634.5
5888,5376,3072,2.48624,78223.1,2.75043,70709.4
5888,5376,3328,2.61949,80431.1,3.04669,69153.2
5888,5376,3584,2.79459,81190.8,3.28816,69003.7
5888,5376,3840,3.01626,80597.2,3.59069,67703.4
5888,5376,4096,3.13302,82766.3,3.58726,72285.9
5888,5376,4352,3.36605,81851.3,3.54826,77648.1
5888,5376,4608,3.53978,82412.6,3.7152,78521.3
5888,5376,4864,3.71683,82847.2,3.8192,80626.6
5888,5376,5120,3.96038,81844.5,4.14211,78253.8
5888,5376,5376,4.10294,82950.8,4.3369,78476.1
5888,5376,5632,4.26102,83676.9,4.41757,80711.7
5888,5376,5888,4.44237,83909.3,4.604,80963.5
5888,5376,6144,4.88589,79609.5,4.78541,81281
5888,5632,256,0.388544,43697.9,0.695936,24396.7
5888,5632,512,0.590336,57521.6,1.11286,30513.2
5888,5632,768,0.794624,64100.3,1.12941,45099.4
5888,5632,1024,0.987776,68754.6,1.28054,53035.4
5888,5632,1280,1.2017,70644.1,1.43398,59200.6
5888,5632,1536,1.38192,73717.2,1.64112,62074.2
5888,5632,1792,1.5647,75956.7,1.8295,64962.9
5888,5632,2048,1.7121,79334.5,1.93526,70185.9
5888,5632,2304,1.94509,78560.4,2.14141,71358.1
5888,5632,2560,2.15478,78794.6,2.36563,71771.7
5888,5632,2816,2.30019,81194.9,2.54557,73368.3
5888,5632,3072,2.58944,78682.1,2.78566,73139.7
5888,5632,3328,2.70966,81457,3.22266,68490.4
5888,5632,3584,2.88803,82305,3.42323,69437.2
5888,5632,3840,3.12144,81590,3.62986,70162
5888,5632,4096,3.23376,84006.4,3.78448,71781.8
5888,5632,4352,3.48774,82757,3.64438,79200
5888,5632,4608,3.66294,83433.9,3.77642,80926.9
5888,5632,4864,3.85654,83648,4.04806,79690.5
5888,5632,5120,4.09814,82859.7,4.17882,81260.1
5888,5632,5376,4.23363,84218.3,4.41235,80807.1
5888,5632,5632,4.42486,84415.7,4.66406,80086.4
5888,5632,5888,4.60336,84830.7,4.75197,82177.8
5888,5632,6144,5.00006,81496,4.96995,81989.7
5888,5888,256,0.402912,44055,0.731456,24267.1
5888,5888,512,0.627264,56595.9,1.16339,30514.7
5888,5888,768,0.852352,62475.2,1.15507,46101.8
5888,5888,1024,1.0527,67446.5,1.36758,51917.2
5888,5888,1280,1.2743,69647,1.5255,58178.5
5888,5888,1536,1.4712,72391.1,1.74317,61096.7
5888,5888,1792,1.68438,73767.1,1.96886,63108.5
5888,5888,2048,1.83168,77525.7,2.0831,68168.6
5888,5888,2304,2.06144,77495.7,2.69258,59330.8
5888,5888,2560,2.28266,77761.6,2.93786,60419.2
5888,5888,2816,2.42054,80665,3.13581,62265.7
5888,5888,3072,2.79373,76243.5,3.27181,65102.7
5888,5888,3328,2.87213,80342.5,3.49997,65930.3
5888,5888,3584,3.05302,81396.1,3.74106,66426.2
5888,5888,3840,3.29194,80880.8,3.93923,67590.4
5888,5888,4096,3.39181,83732.5,4.09942,69279.2
5888,5888,4352,3.68003,81997.9,3.80445,79316.4
5888,5888,4608,3.8529,82926,4.09453,78032.3
5888,5888,4864,4.05632,83143.2,4.24701,79410.2
5888,5888,5120,4.39984,80686.1,4.53491,78282.9
5888,5888,5376,4.47078,83376,4.70675,79196.1
5888,5888,5632,4.73933,82397,4.9072,79578.3
5888,5888,5888,4.93987,82645.2,4.95011,82474.3
5888,5888,6144,5.32102,80061.1,5.08922,83707.8
5888,6144,256,0.432032,42871.9,0.724544,25563.7
5888,6144,512,0.640032,57878.5,1.1905,31116.5
5888,6144,768,0.860704,64558.9,1.1703,47480.1
5888,6144,1024,1.06774,69387.6,1.41008,52541.8
5888,6144,1280,1.30406,71016.6,1.58138,58563.1
5888,6144,1536,1.50902,73645.1,1.83155,60676.6
5888,6144,1792,1.69894,76314.7,2.02691,63966.4
5888,6144,2048,1.85043,80076.6,2.1929,67571.1
5888,6144,2304,2.11344,78875.4,2.81152,59291.2
5888,6144,2560,2.34483,78990.9,3.00765,61583.2
5888,6144,2816,2.48176,82096,3.18637,63941.9
5888,6144,3072,2.83568,78381.4,3.41648,65056.6
5888,6144,3328,2.94336,81806.7,3.63619,66219.4
5888,6144,3584,3.12995,82847.5,3.87053,66995.7
5888,6144,3840,3.38282,82130,4.0656,68336.9
5888,6144,4096,3.48592,85014.2,4.23274,70014.5
5888,6144,4352,3.76534,83624.4,3.87952,81163.3
5888,6144,4608,3.95648,84266,4.09213,81472.7
5888,6144,4864,4.15802,84636.2,4.19651,83859.8
5888,6144,5120,4.47082,82857.6,4.58064,80871
5888,6144,5376,4.59261,84693.3,4.75014,81884.5
5888,6144,5632,4.78982,85073.1,4.80413,84819.8
5888,6144,5888,4.97002,85715.4,5.06182,84160.8
5888,6144,6144,5.40189,82291.4,5.22656,85051.9
6144,256,256,0.034048,23652.1,0.327488,2459.04
6144,256,512,0.047584,33847.8,0.404352,3983.19
6144,256,768,0.062592,38597.9,0.405248,5961.58
6144,256,1024,0.078528,41020.1,0.410112,7854.5
6144,256,1280,0.092,43766.7,0.390592,10308.8
6144,256,1536,0.105184,45937,0.483168,10000.3
6144,256,1792,0.12016,46913.7,0.448544,12567.7
6144,256,2048,0.13472,47821,0.5008,12864.3
6144,256,2304,0.150112,48282.3,0.48752,14866.6
6144,256,2560,0.16384,49152,0.48016,16771.6
6144,256,2816,0.178304,49681.3,0.543328,16303.9
6144,256,3072,0.193856,49849.8,0.587264,16455.4
6144,256,3328,0.206528,50690.4,0.546496,19156.6
6144,256,3584,0.220896,51038.9,0.579616,19451.3
6144,256,3840,0.23536,51323.9,0.589248,20500
6144,256,4096,0.24896,51754.9,0.584352,22049.9
6144,256,4352,0.26464,51731.4,0.654336,20922.3
6144,256,4608,0.277376,52259.4,0.654112,22160.6
6144,256,4864,0.292224,52359.9,0.675488,22651.5
6144,256,5120,0.307232,52423.3,0.628288,25634.9
6144,256,5376,0.322048,52512.2,0.704224,24014.3
6144,256,5632,0.335968,52733.4,0.624352,28376.2
6144,256,5888,0.350304,52874.2,0.692,26766
6144,256,6144,0.364672,52999.3,0.70112,27566.4
6144,512,256,0.051296,31398.4,0.402688,3999.65
6144,512,512,0.074368,43314.7,0.433088,7437.81
6144,512,768,0.098464,49072.1,0.460992,10481.4
6144,512,1024,0.121984,52813.9,0.533568,12074.3
6144,512,1280,0.146112,55115.7,0.521568,15440.1
6144,512,1536,0.169024,57173.4,0.560096,17253.6
6144,512,1792,0.195328,57719.8,0.5704,19765.6
6144,512,2048,0.216224,59590.5,0.631872,20391.6
6144,512,2304,0.241632,59990,0.589376,24594.7
6144,512,2560,0.266496,60436.7,0.636864,25289.7
6144,512,2816,0.287392,61646.6,0.6344,27926.8
6144,512,3072,0.310592,62227.5,0.6424,30086.2
6144,512,3328,0.335584,62392.6,0.666784,31401.4
6144,512,3584,0.362368,62225.6,0.736704,30607.4
6144,512,3840,0.381024,63406,0.73488,32875
6144,512,4096,0.4,64424.5,0.717888,35896.7
6144,512,4352,0.428864,63844.1,0.876416,31241.3
6144,512,4608,0.45232,64094.1,0.804384,36041.3
6144,512,4864,0.475968,64293.5,0.84432,36244.1
6144,512,5120,0.500384,64375.1,0.912384,35305.6
6144,512,5376,0.522784,64697.6,0.930144,36363
6144,512,5632,0.544864,65031.8,0.84032,42166.7
6144,512,5888,0.567328,65295.7,0.871744,42494.2
6144,512,6144,0.591904,65305.7,0.966016,40014.6
6144,768,256,0.06288,38421.1,0.398784,6058.21
6144,768,512,0.090912,53148.5,0.418144,11555.4
6144,768,768,0.11872,61049.2,0.460288,15746.1
6144,768,1024,0.148384,65126.1,0.555776,17387.7
6144,768,1280,0.17936,67348.3,0.570816,21162
6144,768,1536,0.205888,70404.9,0.5856,24753.3
6144,768,1792,0.233088,72553.9,0.657696,25713.1
6144,768,2048,0.262784,73548.4,0.675488,28612.4
6144,768,2304,0.290848,74758.2,0.783808,27740.6
6144,768,2560,0.322976,74801.8,0.8944,27011.6
6144,768,2816,0.348832,76183.1,0.813728,32658.5
6144,768,3072,0.377344,76829.2,0.880448,32927.6
6144,768,3328,0.406976,77171.5,0.901824,34826
6144,768,3584,0.435328,77695.1,0.903456,37437.2
6144,768,3840,0.462688,78322.3,0.909952,39824.9
6144,768,4096,0.491968,78571.6,1.03981,37174.8
6144,768,4352,0.522048,78672.1,0.893504,45965.8
6144,768,4608,0.550176,79041.1,0.8664,50192.2
6144,768,4864,0.57584,79713.9,0.968064,47416.8
6144,768,5120,0.612192,78926.8,1.00496,48079.9
6144,768,5376,0.636128,79754.9,0.996064,50934.8
6144,768,5632,0.664192,80022.4,1.05306,50472.4
6144,768,5888,0.6928,80205.2,1.08285,51314.8
6144,768,6144,0.722016,80305.8,1.08,53687.1
6144,1024,256,0.086048,37435.2,0.428224,7522.29
6144,1024,512,0.129568,49722.5,0.474624,13573.8
6144,1024,768,0.174816,55279.1,5.95126,1623.8
6144,1024,1024,0.21568,59740.8,0.560608,22983.8
6144,1024,1280,0.259552,62053.6,0.725376,22203.8
6144,1024,1536,0.298528,64742.2,0.84416,22895.4
6144,1024,1792,0.311392,72412.2,0.781568,28850.4
6144,1024,2048,0.38672,66636.9,0.803744,32062.2
6144,1024,2304,0.386624,74985.1,0.832128,34839.6
6144,1024,2560,0.475072,67805,0.8424,38238.7
6144,1024,2816,0.515328,68759.1,1.01766,34818.4
6144,1024,3072,0.557856,69291.5,0.865184,44678
6144,1024,3328,0.602016,69559.5,0.957248,43746.2
6144,1024,3584,0.641568,70292.1,0.986656,45707.1
6144,1024,3840,0.691552,69869.5,1.06269,45468.1
6144,1024,4096,0.646592,79709.6,1.09773,46951.2
6144,1024,4352,0.775808,70585.6,1.12803,48545.5
6144,1024,4608,0.814976,71145.7,1.14022,50851.5
6144,1024,4864,0.855776,71517.9,1.13242,54046.6
6144,1024,5120,0.905504,71147.7,1.23978,51964.6
6144,1024,5376,0.946048,71503.5,1.17734,57456.2
6144,1024,5632,0.98912,71646.5,1.27075,55767.7
6144,1024,5888,1.03053,71893.4,1.31318,56418.7
6144,1024,6144,1.07245,72086.9,1.28461,60181.3
6144,1280,256,0.092864,43359.4,0.445728,9033.61
6144,1280,512,0.137472,58579.7,0.507936,15854.5
6144,1280,768,0.177376,68101.6,0.50576,23884
6144,1280,1024,0.220128,73167.1,0.549792,29294.9
6144,1280,1280,0.268384,75014.4,0.640672,31424.3
6144,1280,1536,0.31184,77473,0.687104,35160.9
6144,1280,1792,0.349408,80667.1,0.710976,39643.7
6144,1280,2048,0.391008,82382.6,0.759616,42406
6144,1280,2304,0.435968,83122.6,0.820096,44188.5
6144,1280,2560,0.484096,83176.3,0.869792,46293
6144,1280,2816,0.520416,85108.5,0.877088,50498.8
6144,1280,3072,0.564736,85559.2,0.961504,50252.9
6144,1280,3328,0.604256,86627.1,0.961536,54438.9
6144,1280,3584,0.653024,86323.7,1.07402,52486.6
6144,1280,3840,0.693376,87107.1,1.00838,59895.8
6144,1280,4096,0.731104,88119.5,1.09866,58639.4
6144,1280,4352,0.780192,87736.1,1.19581,57242.5
6144,1280,4608,0.817536,88653.7,1.22176,59322.3
6144,1280,4864,0.860992,88855.8,1.34374,56933.5
6144,1280,5120,0.907552,88733.9,1.39251,57831.2
6144,1280,5376,0.947456,89246.5,1.33795,63199
6144,1280,5632,0.990944,89393.2,1.41478,62612.9
6144,1280,5888,1.03466,89508.2,1.53971,60147.8
6144,1280,6144,1.07891,89568.7,1.44781,66746.9
6144,1536,256,0.125952,38362.5,0.626272,7715.24
6144,1536,512,0.175488,55067.5,0.566176,17068.3
6144,1536,768,0.230752,62818.6,0.631904,22939.4
6144,1536,1024,0.291104,66393.3,0.73136,26426.6
6144,1536,1280,0.349792,69067.3,0.712736,33896.4
6144,1536,1536,0.410112,70690.5,0.73248,39579.3
6144,1536,1792,0.461952,73217.3,0.855584,39531.9
6144,1536,2048,0.516544,74833.3,0.809984,47722.8
6144,1536,2304,0.575136,75610.9,1.01565,42816.6
6144,1536,2560,0.636832,75873,0.983968,49105.6
6144,1536,2816,0.692416,76760.5,1.13139,46977.7
6144,1536,3072,0.74896,77416.8,1.08877,53254.7
6144,1536,3328,0.809376,77607.8,1.11126,56524.7
6144,1536,3584,0.86272,78409.8,1.18173,57243.1
6144,1536,3840,0.925472,78314.2,1.21811,59499.9
6144,1536,4096,0.975392,79259.8,1.26403,61161
6144,1536,4352,1.04086,78916.4,1.43696,57163.2
6144,1536,4608,1.0936,79529.2,1.52234,57131.3
6144,1536,4864,1.14627,80090,1.62934,56344.7
6144,1536,5120,1.21744,79377,1.60643,60156.2
6144,1536,5376,1.26602,80148,1.56858,64688.4
6144,1536,5632,1.3224,80384.5,1.61683,65746.1
6144,1536,5888,1.38058,80497,1.69514,65559.5
6144,1536,6144,1.44538,80231.1,1.8295,63385.5
6144,1792,256,0.135744,41527.8,0.457728,12315.5
6144,1792,512,0.204352,55170.9,0.572544,19691.6
6144,1792,768,0.291456,58024,0.653856,25864.2
6144,1792,1024,0.34256,65823.7,0.705472,31962.4
6144,1792,1280,0.4176,67494.5,0.728,38716.7
6144,1792,1536,0.482336,70123,0.827232,40886.8
6144,1792,1792,0.54624,72239.3,0.85424,46193.1
6144,1792,2048,0.606112,74404,0.9136,49362
6144,1792,2304,0.674816,75182.4,1.2825,39559
6144,1792,2560,0.744032,75764.8,1.38179,40795.9
6144,1792,2816,0.812064,76359.2,1.40736,44060.2
6144,1792,3072,0.878304,77018.6,1.48179,45651.3
6144,1792,3328,0.947936,77307.8,1.55002,47278.8
6144,1792,3584,1.00941,78184.5,1.6423,48054.5
6144,1792,3840,1.07971,78314.6,1.75878,48077.1
6144,1792,4096,1.13318,79593.7,1.75533,51383.2
6144,1792,4352,1.21248,79037.6,1.68179,56981.8
6144,1792,4608,1.27942,79308,1.70403,59546.2
6144,1792,4864,1.34054,79897.2,1.70214,62924
6144,1792,5120,1.4168,79575.7,1.82918,61635.6
6144,1792,5376,1.47424,80299,1.87565,63114.2
6144,1792,5632,1.55392,79809.2,1.98906,62349.8
6144,1792,5888,1.60547,80757.8,1.97248,65731.6
6144,1792,6144,1.67843,80605.9,2.09677,64523.8
6144,2048,256,0.150272,42871.9,0.496704,12970.4
6144,2048,512,0.22496,57276.4,0.601024,21438.2
6144,2048,768,0.293312,65893.5,0.622368,31054.5
6144,2048,1024,0.366464,70320.2,0.717536,35914.3
6144,2048,1280,0.441728,72923.3,0.778432,41380.9
6144,2048,1536,0.510176,75767.4,0.84208,45903.8
6144,2048,1792,0.578592,77942.9,0.903424,49918
6144,2048,2048,0.648352,79493.2,1.12326,45883.8
6144,2048,2304,0.722304,80273.8,1.09181,53106.5
6144,2048,2560,0.79744,80789.2,1.21878,52859.7
6144,2048,2816,0.862816,82134.5,1.1681,60668.8
6144,2048,3072,0.937824,82434.9,1.24784,61954.6
6144,2048,3328,1.00749,83129.4,1.42426,58803.9
6144,2048,3584,1.07686,83756.5,1.40016,64417.1
6144,2048,3840,1.1561,83588.9,1.4233,67896.5
6144,2048,4096,1.21648,84735.6,1.54707,66628.6
6144,2048,4352,1.29555,84536.7,1.72909,63340.7
6144,2048,4608,1.37232,84502.2,1.85792,62416.1
6144,2048,4864,1.43648,85212.9,1.78685,68504.2
6144,2048,5120,1.51747,84910.3,2.05523,62693.2
6144,2048,5376,1.58272,85480.4,1.90109,71165.3
6144,2048,5632,1.65437,85672.5,2.0928,67724.5
6144,2048,5888,1.71837,86230.9,2.13386,69440.7
6144,2048,6144,1.80269,85771.3,2.2617,68364.1
6144,2304,256,0.170848,42422.3,0.54928,13195
6144,2304,512,0.265888,54517.4,0.635712,22802
6144,2304,768,0.343168,63360.4,0.729088,29822.6
6144,2304,1024,0.441344,65688.1,0.777952,37265.8
6144,2304,1280,0.529536,68435,0.862944,41994.4
6144,2304,1536,0.612736,70971.1,0.964928,45067.1
6144,2304,1792,0.666848,76080.8,1.1832,42878.9
6144,2304,2048,0.77328,74982,1.08717,53333.1
6144,2304,2304,0.82544,79024.3,1.22656,53181.1
6144,2304,2560,0.957024,75732.2,1.50147,48271
6144,2304,2816,1.03178,77270,1.40698,56664.3
6144,2304,3072,1.12406,77373.8,1.53734,56573.6
6144,2304,3328,1.20934,77910.7,1.5391,61218
6144,2304,3584,1.29398,78415.7,1.6391,61904.9
6144,2304,3840,1.38797,78327.7,1.66371,65345.7
6144,2304,4096,1.46611,79096.4,1.74413,66488.3
6144,2304,4352,1.56598,78680.2,1.88493,65366.9
6144,2304,4608,1.64435,79338,1.99811,65291.5
6144,2304,4864,1.73069,79568,2.01642,68293.1
6144,2304,5120,1.82336,79498.9,2.15866,67150.7
6144,2304,5376,1.9025,80001.7,2.21062,68850.7
6144,2304,5632,1.98224,80439.6,2.33194,68376.9
6144,2304,5888,2.06784,80614.8,2.36605,70454.4
6144,2304,6144,2.16704,80269,2.43478,71442.1
6144,2560,256,0.180768,44549.2,0.653344,12325.9
6144,2560,512,0.272992,58998.5,0.718848,22405.5
6144,2560,768,0.359808,67144.7,0.685952,35219.9
6144,2560,1024,0.44128,72997.3,0.797664,40383.2
6144,2560,1280,0.535008,75261.2,0.897792,44849.3
6144,2560,1536,0.616512,78373.8,0.96448,50097.9
6144,2560,1792,0.696704,80911.6,1.04214,54091.8
6144,2560,2048,0.777056,82908.5,1.09139,59029.7
6144,2560,2304,0.870208,83287.6,1.24179,58365.3
6144,2560,2560,0.975488,82554.2,1.34643,59810.4
6144,2560,2816,1.03885,85271.1,1.41619,62550.6
6144,2560,3072,1.12723,85729.3,1.50534,64195.8
6144,2560,3328,1.21216,86366.3,1.5208,68838.7
6144,2560,3584,1.2984,86832.2,1.62509,69376.5
6144,2560,3840,1.3919,86784.7,1.66128,72712.6
6144,2560,4096,1.4681,87766.1,1.78051,72366.3
6144,2560,4352,1.55955,87783,1.93418,70780.6
6144,2560,4608,1.63981,88397.6,1.98467,73037.3
6144,2560,4864,1.72112,88900.4,1.99802,76580.1
6144,2560,5120,1.82118,88437.7,2.16643,74344
6144,2560,5376,1.89923,89043.5,2.22973,75845.3
6144,2560,5632,1.98416,89290.9,2.29136,77319.8
6144,2560,5888,2.06941,89504.1,2.4457,75733.2
6144,2560,6144,2.16429,89301.2,2.45277,78798.1
6144,2816,256,0.205184,43172.8,0.558912,15849.3
6144,2816,512,0.32112,55171.7,0.7664,23116.8
6144,2816,768,0.415776,63916.9,0.781152,34020.4
6144,2816,1024,0.51808,68393.8,0.90736,39051.2
6144,2816,1280,0.629696,70338.5,1.1423,38774.1
6144,2816,1536,0.717568,74069.9,1.2007,44265.9
6144,2816,1792,0.812128,76353.2,1.37158,45209.5
6144,2816,2048,0.90608,78212.7,1.43686,49320.6
6144,2816,2304,1.01837,78287.3,1.49766,53233.1
6144,2816,2560,1.12842,78502.7,1.71456,51665.6
6144,2816,2816,1.21677,80082.7,1.76835,55103.3
6144,2816,3072,1.32342,80322.3,1.82925,58111.6
6144,2816,3328,1.42624,80742.9,1.89712,60701.9
6144,2816,3584,1.51818,81688.3,2.02938,61111
6144,2816,3840,1.64534,80758.5,2.07834,63933.6
6144,2816,4096,1.72643,82096.4,2.10016,67487.2
6144,2816,4352,1.83213,82195.3,2.14534,70194.9
6144,2816,4608,1.93098,82575.2,2.24061,71164
6144,2816,4864,2.01821,83395.3,2.35258,71542.4
6144,2816,5120,2.14214,82705.6,2.4616,71972.5
6144,2816,5376,2.22922,83449,2.56701,72467.9
6144,2816,5632,2.31949,84020.3,2.58576,75368.2
6144,2816,5888,2.42576,83991.2,2.76794,73608.1
6144,2816,6144,2.55728,83135.5,2.8505,74583.8
6144,3072,256,0.226336,42696.2,0.532,18164.8
6144,3072,512,0.34704,55692,0.821472,23527.7
6144,3072,768,0.460224,62993.3,0.827584,35030.9
6144,3072,1024,0.570592,67744.9,0.941664,41049.4
6144,3072,1280,0.691808,69843.6,1.0504,46000
6144,3072,1536,0.79424,73003.2,1.21763,47618.7
6144,3072,1792,0.90352,74869.1,1.26915,53299.9
6144,3072,2048,0.99664,77570,1.31395,58837.3
6144,3072,2304,1.12902,77033.9,1.8961,45869.6
6144,3072,2560,1.24323,77730.3,1.93939,49828.4
6144,3072,2816,1.34054,79296.5,2.0649,51479.8
6144,3072,3072,1.46467,79174.1,2.13107,54415.9
6144,3072,3328,1.57392,79818.4,2.0793,60418.4
6144,3072,3584,1.68221,80424.9,2.24435,60280.9
6144,3072,3840,1.8103,80072.3,2.37498,61034.4
6144,3072,4096,1.89165,81737.6,2.47501,62472
6144,3072,4352,2.01517,81523,2.28925,71762.6
6144,3072,4608,2.11741,82150.5,2.44608,71112.2
6144,3072,4864,2.22848,82392.4,2.45555,74773.3
6144,3072,5120,2.356,82034.6,2.65501,72795.8
6144,3072,5376,2.45242,82749.9,2.92221,69446.5
6144,3072,5632,2.55395,83243.9,3.02122,70369.3
6144,3072,5888,2.66598,83370.6,3.12493,71126.3
6144,3072,6144,2.80141,82789.9,3.28,70709.8
6144,3328,256,0.23216,45093.8,0.587392,17822.8
6144,3328,512,0.364384,57461.3,0.812672,25764.3
6144,3328,768,0.474368,66208,0.836512,37545.1
6144,3328,1024,0.592928,70625.7,0.900032,46527.2
6144,3328,1280,0.716448,73061.7,1.09494,47806
6144,3328,1536,0.823584,76269,1.21158,51844.4
6144,3328,1792,0.934112,78451.9,1.23686,59248.9
6144,3328,2048,1.04189,80384.7,1.3984,59891.2
6144,3328,2304,1.17251,80358.1,1.7688,53268.2
6144,3328,2560,1.29827,80637.8,1.76573,59289.9
6144,3328,2816,1.39405,82607.5,1.87779,61326.7
6144,3328,3072,1.53226,81988.8,1.9863,63247
6144,3328,3328,1.6369,83143.2,2.21494,61444.8
6144,3328,3584,1.74595,83946,2.4657,59441.9
6144,3328,3840,1.88464,83323.5,2.49459,62950.1
6144,3328,4096,1.97168,84954.8,2.64688,63283.5
6144,3328,4352,2.09859,84805.8,2.35648,75524.8
6144,3328,4608,2.20147,85598,2.4561,76724.1
6144,3328,4864,2.31136,86057.9,2.58579,76924.5
6144,3328,5120,2.45325,85347.9,2.77667,75406.7
6144,3328,5376,2.55302,86113,2.87418,76491
6144,3328,5632,2.66288,86491.9,2.94483,78210.8
6144,3328,5888,2.78163,86563.1,3.03194,79416.8
6144,3328,6144,2.95139,85131.2,3.21395,78176.5
6144,3584,256,0.255776,44078.8,0.59184,19049.6
6144,3584,512,0.399808,56398.5,0.79968,28197
6144,3584,768,0.532608,63504.2,0.88032,38421.1
6144,3584,1024,0.66192,68130.8,0.970112,46486.5
6144,3584,1280,0.798336,70611.2,1.15526,48795.3
6144,3584,1536,0.904384,74797.6,1.26061,53661.2
6144,3584,1792,1.04918,75220.4,1.33846,58963.1
6144,3584,2048,1.16714,77278.3,1.54451,58396.6
6144,3584,2304,1.31706,77042,1.59674,63547.5
6144,3584,2560,1.45856,77297.4,1.76157,64001.4
6144,3584,2816,1.57018,78983,1.87162,66262.1
6144,3584,3072,1.71344,78959,2.0024,67564.7
6144,3584,3328,1.77789,82438.1,2.33126,62869.7
6144,3584,3584,1.96192,80451.8,2.48179,63599.2
6144,3584,3840,2.11254,80052.5,2.61802,64596.4
6144,3584,4096,2.21504,81438.1,2.73664,65916.1
6144,3584,4352,2.3641,81072.4,2.61091,73408.4
6144,3584,4608,2.48195,81765.2,2.76438,73411.4
6144,3584,4864,2.59958,82402.2,2.90445,73752.9
6144,3584,5120,2.76352,81593.7,3.02614,74512.6
6144,3584,5376,2.87536,82341,3.14474,75287.7
6144,3584,5632,2.99702,82760.2,3.4032,72882.7
6144,3584,5888,3.12464,82988.3,3.40211,76219.9
6144,3584,6144,3.28826,82287.7,3.58576,75460.4
6144,3840,256,0.267584,45143.2,0.613632,19685.4
6144,3840,512,0.4088,59097.8,0.863328,27983.8
6144,3840,768,0.53824,67328.3,0.892416,40607.5
6144,3840,1024,0.674752,71609.1,0.99696,48465.7
6144,3840,1280,0.807488,74797.4,1.15578,52257.5
6144,3840,1536,0.93248,77725.6,1.31277,55209.7
6144,3840,1792,1.05782,79935,1.40432,60212.2
6144,3840,2048,1.17952,81928.9,1.55126,62295.5
6144,3840,2304,1.32288,82181.6,1.60038,67931.4
6144,3840,2560,1.46992,82178.6,1.76109,68591.7
6144,3840,2816,1.57651,84284.5,1.82605,72766.7
6144,3840,3072,1.72368,84096.3,1.98826,72905.7
6144,3840,3328,1.83846,85416.3,2.34714,66904.8
6144,3840,3584,1.96656,85995,2.47219,68406.6
6144,3840,3840,2.11866,85523.1,2.58442,70110.2
6144,3840,4096,2.21162,87390.2,2.75386,70182.9
6144,3840,4352,2.36518,86823.3,2.66854,76953.2
6144,3840,4608,2.48736,87415.1,2.78045,78200.6
6144,3840,4864,2.61069,87912.6,2.84413,80696.9
6144,3840,5120,2.76922,87242,3.04208,79416.7
6144,3840,5376,2.88221,88012.9,3.24986,78056.2
6144,3840,5632,2.99894,88614.9,3.27725,81089.7
6144,3840,5888,3.1328,88684.5,3.3647,82572.1
6144,3840,6144,3.29968,87860.1,3.45725,83855.8
6144,4096,256,0.289056,44575.8,0.585024,22024.6
6144,4096,512,0.446016,57777.8,0.9408,27391.4
6144,4096,768,0.595776,64881.3,0.958912,40311
6144,4096,1024,0.742656,69399,1.1064,46583.2
6144,4096,1280,0.895744,71922.9,1.23014,52371.5
6144,4096,1536,1.03738,74524,1.34336,57549.3
6144,4096,1792,1.17814,76556.3,1.59158,56669.5
6144,4096,2048,1.30774,78822.2,1.63443,63067.3
6144,4096,2304,1.46707,79044.6,1.7873,64882.4
6144,4096,2560,1.62842,79125.4,1.93654,66535.6
6144,4096,2816,1.75107,80941.2,2.16195,65558.3
6144,4096,3072,1.91984,80537.3,2.18336,70816.9
6144,4096,3328,2.05194,81632,2.29856,72873.3
6144,4096,3584,2.18563,82533.9,2.43901,73959.8
6144,4096,3840,2.36032,81884.5,2.58618,74733.3
6144,4096,4096,2.46038,83791.2,2.7327,75441.2
6144,4096,4352,2.64906,82687.3,2.89818,75579.7
6144,4096,4608,2.77072,83706.8,3.04317,76212.8
6144,4096,4864,2.91171,84078.8,3.22611,75884.9
6144,4096,5120,3.09402,83289.2,3.32186,77576.5
6144,4096,5376,3.21603,84135.6,3.65677,73995.1
6144,4096,5632,3.35587,84469.2,3.60237,78689.3
6144,4096,5888,3.49088,84893.4,5.66506,52312.4
6144,4096,6144,3.71549,83229.3,4.02061,76913.2
6144,4352,256,0.311328,43973.6,0.72272,18942.6
6144,4352,512,0.479744,57073,0.940768,29104.3
6144,4352,768,0.652448,62948.5,1.012,40583.6
6144,4352,1024,0.802304,68254.5,1.15098,47577.7
6144,4352,1280,0.979072,69914.2,1.33629,51224.8
6144,4352,1536,1.12438,73054.4,1.45587,56420.7
6144,4352,1792,1.27722,75031.5,1.73859,55120.2
6144,4352,2048,1.40554,77921.6,1.80317,60738.5
6144,4352,2304,1.58947,77517.5,1.81325,67950.9
6144,4352,2560,1.75261,78113.4,2.05686,66558.6
6144,4352,2816,1.87942,80126.8,2.112,71303.2
6144,4352,3072,2.07773,79068.3,2.3937,68631.3
6144,4352,3328,2.20134,80847.3,2.55027,69785.8
6144,4352,3584,2.35235,81477.1,2.63242,72808.7
6144,4352,3840,2.53296,81072.4,2.78131,73833.2
6144,4352,4096,2.62362,83489.1,2.93184,74711.9
6144,4352,4352,2.83418,82116.8,3.12339,74513.1
6144,4352,4608,2.98307,82607.4,3.28829,74939.8
6144,4352,4864,3.13155,83062.3,3.4713,74932.8
6144,4352,5120,3.41261,80233.1,3.60864,75874.6
6144,4352,5376,3.44566,83436.6,3.68768,77960.8
6144,4352,5632,3.59517,83774.8,3.74768,80365.6
6144,4352,5888,3.83594,82085.5,3.9455,79806
6144,4352,6144,3.99277,82290,4.08253,80480.8
6144,4608,256,0.329056,44051.8,0.615488,23551.3
6144,4608,512,0.496832,58351.8,0.943072,30741.1
6144,4608,768,0.66464,65428.7,1.02579,42393.1
6144,4608,1024,0.829536,69897,1.18026,49126.7
6144,4608,1280,1.00342,72230.3,1.3032,55615.1
6144,4608,1536,1.14851,75726.8,1.44598,60148
6144,4608,1792,1.304,77813.3,1.69638,59814.6
6144,4608,2048,1.44592,80200.9,1.79821,64488.7
6144,4608,2304,1.6257,80248.5,1.88701,69135.7
6144,4608,2560,1.8065,80241.1,2.05418,70566.1
6144,4608,2816,1.9296,82634,2.17238,73398.9
6144,4608,3072,2.13178,81596.8,2.32208,74909.6
6144,4608,3328,2.2713,82966.6,2.44176,77174.5
6144,4608,3584,2.41731,83951.6,2.6409,76844.1
6144,4608,3840,2.61091,83278.5,2.7592,78802.8
6144,4608,4096,2.71651,85377.2,2.90106,79946.1
6144,4608,4352,2.92026,84384.3,3.17974,77498
6144,4608,4608,3.05866,85305.2,3.33718,78185.5
6144,4608,4864,3.21475,85672.2,3.36528,81840.1
6144,4608,5120,3.42464,84654.2,3.59238,80701.4
6144,4608,5376,3.55043,85737.7,3.80064,80093.3
6144,4608,5632,3.69552,86294,3.94835,80768.2
6144,4608,5888,3.85584,86465.4,4.01619,83013.2
6144,4608,6144,4.13168,84201.2,4.17542,83319
6144,4864,256,0.354048,43216.8,0.7816,19576.3
6144,4864,512,0.536352,57055.1,1.01155,30252.2
6144,4864,768,0.722688,63516.3,1.03568,44321.1
6144,4864,1024,0.904992,67628.5,1.25062,48938.2
6144,4864,1280,1.10122,69472.4,1.3944,54865.3
6144,4864,1536,1.2743,72043.2,1.66986,54977.8
6144,4864,1792,1.44685,74026.9,1.79146,59787
6144,4864,2048,1.57958,77492.9,1.96269,62366.8
6144,4864,2304,1.78541,77129.4,2.13792,64411.9
6144,4864,2560,1.98131,77225.7,7.34688,20826.3
6144,4864,2816,2.07059,81285.5,2.40234,70060.6
6144,4864,3072,2.34102,78431.4,2.63866,69584.6
6144,4864,3328,2.48755,79962.4,2.62112,75887.7
6144,4864,3584,2.6561,80649,2.8337,75594.4
6144,4864,3840,2.86502,80108.3,2.99789,76558
6144,4864,4096,2.96656,82524.3,3.10362,78880
6144,4864,4352,3.20138,81250.7,3.49891,74341.4
6144,4864,4608,3.35286,82143.1,3.54346,77724.9
6144,4864,4864,3.51818,82632.5,3.69546,78668.4
6144,4864,5120,3.74349,81746.3,3.88202,78829.3
6144,4864,5376,3.8833,82743.4,3.99661,80397.5
6144,4864,5632,4.04054,83310.1,4.16822,80758.2
6144,4864,5888,4.2239,83316,4.3983,80012.4
6144,4864,6144,4.51114,81402.9,4.57555,80256.9
6144,5120,256,0.363296,44333.3,6.11533,2633.73
6144,5120,512,0.5384,59829.6,1.03808,31030.6
6144,5120,768,0.730208,66170.7,1.03171,46833.2
6144,5120,1024,0.900416,71549.7,1.20166,53612.7
6144,5120,1280,1.08854,73980.1,1.36138,59153.9
6144,5120,1536,1.26131,76616.1,1.52781,63251.9
6144,5120,1792,1.43357,78645,1.63776,68839.7
6144,5120,2048,1.56989,82075.3,1.82845,70469.1
6144,5120,2304,1.77312,81751.5,2.0143,71962.9
6144,5120,2560,1.96422,81997.4,2.1569,74672.7
6144,5120,2816,2.10077,84334.6,2.38736,74210.6
6144,5120,3072,2.32528,83118.4,2.49498,77465.1
6144,5120,3328,2.46714,84867.5,3.0215,69296.5
6144,5120,3584,2.6431,85311,3.13437,71939.8
6144,5120,3840,2.84538,84906.8,3.3783,71512.8
6144,5120,4096,2.9551,87204.4,3.46125,74452.3
6144,5120,4352,3.17747,86170.4,3.51862,77815.7
6144,5120,4608,3.33456,86941.1,3.59235,80702.1
6144,5120,4864,3.50214,87379.7,3.73942,81835.2
6144,5120,5120,3.73421,86262.6,3.91795,82217.1
6144,5120,5376,3.8673,87458.7,3.99939,84570
6144,5120,5632,4.02835,87960.2,4.2255,83856.2
6144,5120,5888,4.19949,88211,4.37597,84653.5
6144,5120,6144,4.51955,85527.7,4.5976,84075.8
6144,5376,256,0.39584,42722.9,0.640864,26388.5
6144,5376,512,0.58704,57615.9,1.20451,28080.1
6144,5376,768,0.795296,63793,1.09974,46132.8
6144,5376,1024,0.982944,68819.5,1.2583,53759.5
6144,5376,1280,1.21491,69599.4,1.46704,57637.9
6144,5376,1536,1.38963,73018.3,1.60826,63092.3
6144,5376,1792,1.5777,75033.5,1.78131,66456.7
6144,5376,2048,1.72582,78392.4,1.99005,67984
6144,5376,2304,1.9623,77563.4,2.164,70334.1
6144,5376,2560,2.17542,77738.6,2.34765,72035.6
6144,5376,2816,2.30493,80707.8,2.55763,72733.6
6144,5376,3072,2.57299,78872.1,2.7799,73001.5
6144,5376,3328,2.72813,80585.9,3.24317,67788.2
6144,5376,3584,2.89728,81718.1,3.43619,68901.9
6144,5376,3840,3.13379,80947.1,3.69414,68668.5
6144,5376,4096,3.22317,83949.4,3.7481,72192.1
6144,5376,4352,3.49421,82277.4,3.6543,78672.8
6144,5376,4608,3.66557,83044.6,3.8047,80007.8
6144,5376,4864,3.85933,83257.3,4.03974,79539
6144,5376,5120,4.11232,82247.7,4.22326,80087
6144,5376,5376,4.24416,83677.4,4.41187,80496.5
6144,5376,5632,4.41632,84244.7,4.55786,81628.6
6144,5376,5888,4.59619,84627.2,4.66826,83320.8
6144,5376,6144,5.0128,80967.6,4.98202,81467.9
6144,5632,256,0.406272,43608.1,0.647616,27356.9
6144,5632,512,0.627072,56506.2,1.11674,31729.5
6144,5632,768,0.856416,62061.2,1.18358,44906.2
6144,5632,1024,1.04851,67588.1,1.38176,51287.5
6144,5632,1280,1.29014,68661.9,1.51958,58294.7
6144,5632,1536,1.46525,72547.7,1.75494,60572
6144,5632,1792,1.66989,74266.8,2.01814,61451.1
6144,5632,2048,1.80029,78728.5,2.07894,68175.9
6144,5632,2304,2.06522,77207.7,2.25469,70719.6
6144,5632,2560,2.32445,76219.1,2.59043,68393
6144,5632,2816,2.4352,80028,2.65034,73531.9
6144,5632,3072,2.76685,76838.7,2.96336,71743.2
6144,5632,3328,2.87142,80210.2,3.45872,66590.4
6144,5632,3584,3.0623,80996,3.56624,69550.7
6144,5632,3840,3.36294,79023.4,3.73786,71097.2
6144,5632,4096,3.38634,83709.3,3.98845,71072.2
6144,5632,4352,3.74586,80404.7,3.81066,79037.5
6144,5632,4608,3.85565,82710.2,4.01053,79516
6144,5632,4864,4.05389,83035.9,4.3311,77721.1
6144,5632,5120,4.3545,81372.2,4.44592,79698.9
6144,5632,5376,4.45325,83546.1,4.5913,81034.1
6144,5632,5632,4.64176,83969.9,4.6943,83030
6144,5632,5888,4.84067,84179.4,4.85517,83928.1
6144,5632,6144,5.27824,80557.5,5.2504,80984.6
6144,5888,256,0.438944,42196.8,0.857152,21608.8
6144,5888,512,0.639008,57971.3,1.19427,31018.1
6144,5888,768,0.86304,64384.2,1.1423,48643.9
6144,5888,1024,1.06474,69583.6,1.44365,51320.1
6144,5888,1280,1.30368,71037.6,1.56224,59280.4
6144,5888,1536,1.51853,73184.2,1.73354,64107.3
6144,5888,1792,1.72317,75241.8,1.92141,67478.8
6144,5888,2048,1.85834,79736.1,2.13696,69339.8
6144,5888,2304,2.12643,78393.5,2.83568,58786
6144,5888,2560,2.34768,78895.1,3.14275,58935.8
6144,5888,2816,2.49837,81550.2,3.21078,63455.7
6144,5888,3072,2.82803,78593.4,3.40954,65189.1
6144,5888,3328,2.95696,81430.5,3.60899,66718.5
6144,5888,3584,3.14259,82514.3,3.8177,67922.8
6144,5888,3840,3.3993,81731.8,4.03875,68791.2
6144,5888,4096,3.48982,84919.1,4.2519,69698.8
6144,5888,4352,3.79312,83012.1,3.89395,80862.5
6144,5888,4608,3.97066,83965.2,4.1353,80622.2
6144,5888,4864,4.15789,84638.9,4.24554,82891.5
6144,5888,5120,4.47866,82712.5,4.55498,81326.6
6144,5888,5376,4.59082,84726.3,4.73085,82218.4
6144,5888,5632,4.77469,85342.8,4.88614,83396
6144,5888,5888,4.97408,85645.4,5.02986,84695.7
6144,5888,6144,5.40285,82276.8,5.21837,85185.5
6144,6144,256,0.455136,42465,0.700928,27573.9
6144,6144,512,0.684416,56478.4,1.19632,32311.3
6144,6144,768,0.928384,62454.8,1.19728,48428.2
6144,6144,1024,1.14454,67546,1.47168,52531.4
6144,6144,1280,1.41344,68369.9,1.68675,57291.6
6144,6144,1536,1.6249,71367.1,1.91494,60557.4
6144,6144,1792,1.85581,72901.7,2.124,63696.5
6144,6144,2048,1.9951,77499.1,2.31664,66742.7
6144,6144,2304,2.28438,76145.8,2.83846,61281.8
6144,6144,2560,2.54739,75871.1,3.12656,61816.7
6144,6144,2816,2.6808,79305,3.29946,64435.1
6144,6144,3072,3.06419,75689.8,3.46339,66965.6
6144,6144,3328,3.18006,79009.6,3.72768,67402.7
6144,6144,3584,3.37018,80287.5,3.94125,68654.1
6144,6144,3840,3.64208,79600.2,4.1592,69703.4
6144,6144,4096,3.73267,82846.2,4.39837,70307.4
6144,6144,4352,4.08672,80398.2,4.18499,78510.3
6144,6144,4608,4.26803,81511.2,4.36262,79743.8
6144,6144,4864,4.46992,82153.5,4.58138,80154.9
6144,6144,5120,4.84774,79737.5,4.79136,80675.9
6144,6144,5376,4.93779,82197.6,4.96355,81771
6144,6144,5632,5.12544,82959.1,5.22976,81304.3
6144,6144,5888,5.33792,83277.6,5.39805,82350
6144,6144,6144,5.78323,80207.1,5.64118,82226.8
